Date,Exchange_Close,Exchange_High,Exchange_Low,Exchange_Open,Brent_Close,Brent_High,Brent_Low,Brent_Open,Brent_Volume,Exchange_Change,Brent_Range,Year,Exchange_Return,Rolling_Volatility,Brent_Return,Brent_Return_Lag1
2010-01-04,147.5399932861328,149.64999389648438,147.5399932861328,148.5500030517578,80.12000274658203,79.81999969482422,80.12000274658203,80.12000274658203,97,-1.010009765625,-0.3000030517578125,2010,,,,
2010-01-05,149.10000610351562,149.25,147.44000244140625,149.25,80.58999633789062,80.26000213623047,80.58999633789062,80.58999633789062,97,-0.149993896484375,-0.32999420166015625,2010,0.010573491177794603,,0.0058661205091963264,
2010-01-06,149.0500030517578,150.3000030517578,146.94000244140625,147.61000061035156,81.88999938964844,81.69999694824219,80.12999725341797,81.12999725341797,7,1.44000244140625,1.5699996948242188,2010,-0.00033536585989868417,,0.016131072227715038,0.0058661205091963264
2010-01-07,149.0,149.35000610351562,146.22000122070312,146.22000122070312,81.51000213623047,81.51000213623047,81.62999725341797,81.51000213623047,7,2.779998779296875,-0.1199951171875,2010,-0.0003354783678900519,,-0.004640337724388877,0.016131072227715038
2010-01-08,149.89999389648438,149.89999389648438,147.3000030517578,147.3000030517578,81.37000274658203,81.52999877929688,81.08999633789062,81.37000274658203,7,2.5999908447265625,0.44000244140625,2010,0.00604022749318367,,-0.001717573131877148,-0.004640337724388877
2010-01-11,150.89999389648438,150.89999389648438,148.47999572753906,148.47999572753906,80.97000122070312,81.70999908447266,81.01000213623047,80.97000122070312,7,2.4199981689453125,0.6999969482421875,2010,0.006671114347680085,,-0.004915835226461329,-0.001717573131877148
2010-01-12,150.39999389648438,150.75,148.3699951171875,150.5,79.30000305175781,79.30000305175781,79.02999877929688,79.30000305175781,7,-0.100006103515625,0.2700042724609375,2010,-0.0033134527516481826,,-0.020624899885987813,-0.004915835226461329
2010-01-13,151.25,151.25,148.5,150.5,78.30999755859375,79.0199966430664,77.25,78.52999877929688,18,0.75,1.7699966430664062,2010,0.005651636555920714,,-0.012484305864627787,-0.020624899885987813
2010-01-14,149.35000610351562,151.25999450683594,149.22999572753906,150.8000030517578,77.81999969482422,78.47000122070312,78.01000213623047,77.81999969482422,6,-1.4499969482421875,0.45999908447265625,2010,-0.012561943117252117,,-0.006257155906599254,-0.012484305864627787
2010-01-15,151.10000610351562,151.3000030517578,149.2100067138672,151.3000030517578,77.11000061035156,77.81999969482422,76.87999725341797,77.55000305175781,4,-0.1999969482421875,0.94000244140625,2010,0.011717441770889847,,-0.0091236068781414,-0.006257155906599254
2010-01-19,149.74000549316406,151.10000610351562,149.02000427246094,150.3000030517578,77.62999725341797,77.75,76.26000213623047,77.62999725341797,200,-0.55999755859375,1.4899978637695312,2010,-0.009000665489184989,,0.006743569432634544,-0.0091236068781414
2010-01-20,150.1999969482422,150.1999969482422,148.1999969482422,149.6999969482422,76.31999969482422,76.31999969482422,75.87000274658203,76.31999969482422,200,0.5,0.4499969482421875,2010,0.0030719342740983535,,-0.016874888637666063,0.006743569432634544
2010-01-21,150.0,150.32000732421875,148.0800018310547,148.36000061035156,74.58000183105469,76.45999908447266,74.29000091552734,74.58000183105469,1,1.6399993896484375,2.1699981689453125,2010,-0.001331537631862334,,-0.022798714239087303,-0.016874888637666063
2010-01-22,150.0,150.25999450683594,147.74000549316406,147.74000549316406,72.83000183105469,73.9000015258789,72.45999908447266,73.72000122070312,1,2.2599945068359375,1.44000244140625,2010,0.0,,-0.023464735278020732,-0.022798714239087303
2010-01-25,148.5399932861328,150.8699951171875,147.69000244140625,150.3000030517578,73.69000244140625,73.7300033569336,72.83000183105469,73.68000030517578,1,-1.760009765625,0.9000015258789062,2010,-0.009733378092447897,,0.011808328830562598,-0.023464735278020732
2010-01-26,150.5,150.60000610351562,148.7100067138672,150.60000610351562,73.29000091552734,73.29000091552734,72.91000366210938,73.29000091552734,15,-0.100006103515625,0.37999725341796875,2010,0.013195144758702204,,-0.005428165458360001,0.011808328830562598
2010-01-27,148.1199951171875,150.1999969482422,148.1199951171875,150.1199951171875,72.23999786376953,73.54000091552734,71.37000274658203,72.97000122070312,5,-2.0,2.1699981689453125,2010,-0.015813985932308983,,-0.014326689024987571,-0.005428165458360001
2010-01-28,150.5,150.86000061035156,148.72999572753906,150.86000061035156,72.12999725341797,72.61000061035156,71.72000122070312,72.12999725341797,9,-0.3600006103515625,0.8899993896484375,2010,0.01606808642499291,,-0.0015227105980678557,-0.014326689024987571
2010-01-29,150.8800048828125,150.8800048828125,148.6199951171875,150.69000244140625,71.45999908447266,73.18000030517578,71.2300033569336,71.45999908447266,9,0.19000244140625,1.9499969482421875,2010,0.0025249493874583973,,-0.009288759107966893,-0.0015227105980678557
2010-02-01,150.89999389648438,151.86000061035156,149.39999389648438,151.36000061035156,73.11000061035156,73.58000183105469,71.66000366210938,72.13999938964844,8,-0.4600067138671875,1.9199981689453125,2010,0.0001324828540891776,,0.023089862118923943,-0.009288759107966893
2010-02-02,151.82000732421875,151.82000732421875,149.58999633789062,151.72000122070312,76.05999755859375,76.18000030517578,73.81999969482422,74.30999755859375,27,0.100006103515625,2.3600006103515625,2010,0.006096842047359496,,0.04035011521836185,0.023089862118923943
2010-02-03,151.35000610351562,151.82000732421875,149.27000427246094,149.47000122070312,75.91999816894531,76.86000061035156,75.5,76.58999633789062,224,1.8800048828125,1.3600006103515625,2010,-0.00309577919924231,,-0.0018406441512253124,0.04035011521836185
2010-02-04,151.3000030517578,151.52999877929688,149.35000610351562,151.5,72.12999725341797,74.81999969482422,71.44999694824219,74.81999969482422,35,-0.1999969482421875,3.3700027465820312,2010,-0.00033038024275744426,,-0.049920982704628414,-0.0018406441512253124
2010-02-05,151.4600067138672,151.52999877929688,149.25999450683594,151.3000030517578,69.58999633789062,72.5,67.94999694824219,71.69000244140625,30,0.160003662109375,4.5500030517578125,2010,0.0010575258353078265,,-0.0352142106231258,-0.049920982704628414
2010-02-08,151.0500030517578,151.4499969482422,149.27000427246094,151.39999389648438,70.11000061035156,70.44999694824219,69.2300033569336,70.0999984741211,5,-0.3499908447265625,1.2199935913085938,2010,-0.0027070094013922352,,0.007472399767576965,-0.0352142106231258
2010-02-09,151.10000610351562,151.14999389648438,148.92999267578125,151.14999389648438,72.12999725341797,72.36000061035156,70.47000122070312,71.11000061035156,211,-0.04998779296875,1.8899993896484375,2010,0.0003310364167332658,,0.028811818934261435,0.007472399767576965
2010-02-10,150.60000610351562,150.9499969482422,148.61000061035156,150.9499969482422,72.54000091552734,72.91000366210938,70.94000244140625,71.37999725341797,16,-0.3499908447265625,1.970001220703125,2010,-0.0033090667094841653,,0.0056842323266543815,0.028811818934261435
2010-02-11,151.10000610351562,151.10000610351562,149.0,151.05999755859375,73.05000305175781,73.05000305175781,73.05000305175781,73.05000305175781,41,0.040008544921875,0.0,2010,0.003320052986294897,,0.007030633165063804,0.0056842323266543815
2010-02-12,151.1999969482422,151.35000610351562,149.11000061035156,151.35000610351562,72.9000015258789,72.93000030517578,71.68000030517578,72.48999786376953,11,-0.1500091552734375,1.25,2010,0.0006617527510757171,,-0.0020534088927091076,0.007030633165063804
2010-02-16,151.0,151.0,148.63999938964844,150.89999389648438,75.68000030517578,75.98999786376953,73.83999633789062,74.16999816894531,12,0.100006103515625,2.1500015258789062,2010,-0.001322731165865343,,0.038134413183928295,-0.0020534088927091076
2010-02-17,150.92999267578125,151.0,148.8300018310547,150.75,76.2699966430664,76.3499984741211,75.43000030517578,75.97000122070312,7,0.17999267578125,0.9199981689453125,2010,-0.00046362466370031274,0.007115340920045701,0.007795934665849602,0.038134413183928295
2010-02-18,150.5,151.1199951171875,148.91000366210938,151.10000610351562,77.77999877929688,77.83000183105469,75.4000015258789,75.91000366210938,50,-0.600006103515625,2.4300003051757812,2010,-0.002848954459998776,0.006897072684924163,0.019798114628181818,0.007795934665849602
2010-02-19,150.60000610351562,150.60000610351562,148.17999267578125,150.5500030517578,78.19000244140625,78.2699966430664,76.73999786376953,77.05999755859375,35,0.0500030517578125,1.529998779296875,2010,0.0006644923821637061,0.006896139506902124,0.005271325129134752,0.019798114628181818
2010-02-22,150.25,151.1999969482422,148.27999877929688,150.52000427246094,78.61000061035156,78.69999694824219,77.94999694824219,78.2699966430664,119,-0.2700042724609375,0.75,2010,-0.0023240776183969247,0.0069126710548782725,0.005371507300566236,0.005271325129134752
2010-02-23,148.13999938964844,150.25,148.0,150.22999572753906,77.25,77.81999969482422,76.6500015258789,77.36000061035156,28,-2.089996337890625,1.1699981689453125,2010,-0.014043265293521179,0.0072994194781005085,-0.017300605518281498,0.005371507300566236
2010-02-24,148.10000610351562,150.35000610351562,148.02000427246094,150.35000610351562,78.08999633789062,78.4000015258789,76.83000183105469,77.33000183105469,87,-2.25,1.5699996948242188,2010,-0.0002699695308329142,0.0071776013876250115,0.010873739001820315,-0.017300605518281498
2010-02-25,150.10000610351562,151.0,148.14999389648438,150.32000732421875,76.29000091552734,77.51000213623047,75.30999755859375,77.44000244140625,76,-0.220001220703125,2.2000045776367188,2010,0.013504388369856457,0.007602489223645717,-0.023050269007246604,0.010873739001820315
2010-02-26,147.9600067138672,150.25,147.9600067138672,150.25,77.58999633789062,77.91000366210938,76.0999984741211,76.7300033569336,17,-2.2899932861328125,1.8100051879882812,2010,-0.014257157246033714,0.007949654528522707,0.0170401809773566,-0.023050269007246604
2010-03-01,150.0,150.0,148.22999572753906,148.22999572753906,76.88999938964844,78.37000274658203,76.30999755859375,77.54000091552734,11,1.7700042724609375,2.0600051879882812,2010,0.0137874641360205,0.008049136762194792,-0.009021742251331233,0.0170401809773566
2010-03-02,149.5500030517578,150.10000610351562,147.86000061035156,150.10000610351562,78.18000030517578,79.2300033569336,77.47000122070312,77.94999694824219,27,-0.5500030517578125,1.7600021362304688,2010,-0.002999979654947915,0.0077649374072186585,0.016777226242259635,-0.009021742251331233
2010-03-03,149.75,150.25999450683594,148.13999938964844,150.10000610351562,79.25,79.54000091552734,77.93000030517578,77.93000030517578,29,-0.350006103515625,1.6100006103515625,2010,0.0013373249358810124,0.007593668424475449,0.013686360842254608,0.016777226242259635
2010-03-04,149.5500030517578,150.14999389648438,147.97999572753906,150.14999389648438,78.54000091552734,79.20999908447266,78.16000366210938,79.0,26,-0.5999908447265625,1.0499954223632812,2010,-0.001335538886425347,0.0075754020432329035,-0.008958978983882093,0.013686360842254608
2010-03-05,150.3000030517578,150.4499969482422,148.17999267578125,150.1999969482422,79.88999938964844,80.5,79.36000061035156,79.62000274658203,80,0.100006103515625,1.1399993896484375,2010,0.005015045033067933,0.007628740470583353,0.017188674030868212,-0.008958978983882093
2010-03-08,150.10000610351562,150.44000244140625,148.3000030517578,150.44000244140625,80.47000122070312,80.79000091552734,79.4800033569336,80.45999908447266,18,-0.339996337890625,1.30999755859375,2010,-0.001330651657893256,0.007633177250566583,0.007260005451068308,0.017188674030868212
2010-03-09,147.97000122070312,150.39999389648438,147.97000122070312,148.63999938964844,79.91000366210938,80.37000274658203,78.79000091552734,79.38999938964844,18,-0.6699981689453125,1.5800018310546875,2010,-0.01419057159360504,0.00786988346443244,-0.006959084753308975,0.007260005451068308
2010-03-10,150.3699951171875,150.4499969482422,148.07000732421875,150.4499969482422,80.4800033569336,81.43000030517578,79.2300033569336,79.94999694824219,43,-0.0800018310546875,2.1999969482421875,2010,0.016219462571367416,0.008063038597786005,0.007133020506849164,-0.006959084753308975
2010-03-11,150.38999938964844,150.38999938964844,148.25,148.25,80.27999877929688,80.48999786376953,79.66999816894531,79.76000213623047,11,2.1399993896484375,0.8199996948242188,2010,0.00013303367101502594,0.007489626587552009,-0.002485146238745628,0.007133020506849164
2010-03-12,150.39999389648438,150.5,148.4199981689453,150.5,79.38999938964844,81.23999786376953,78.79000091552734,81.23999786376953,3,-0.100006103515625,2.4499969482421875,2010,6.645725697529414e-05,0.006891078436956774,-0.011086190871716362,-0.002485146238745628
2010-03-15,148.3300018310547,150.4199981689453,148.3300018310547,150.4199981689453,77.88999938964844,77.88999938964844,77.88999938964844,77.88999938964844,6,-2.089996337890625,0.0,2010,-0.013763245674427327,0.007314028860289231,-0.01889406740813737,-0.011086190871716362
2010-03-16,149.75,150.1999969482422,147.80999755859375,150.1999969482422,79.0199966430664,79.0199966430664,79.0199966430664,79.0199966430664,16,-0.4499969482421875,0.0,2010,0.009573236374409655,0.007543553083466384,0.01450760382940941,-0.01889406740813737
2010-03-17,150.0,150.14999389648438,148.0800018310547,150.0,81.95999908447266,82.05000305175781,80.83000183105469,81.4000015258789,31,0.0,1.220001220703125,2010,0.0016694490818029983,0.007458387198754112,0.037205803167598805,0.01450760382940941
2010-03-18,148.38999938964844,150.35000610351562,148.38999938964844,148.6999969482422,81.4800033569336,81.79000091552734,80.93000030517578,81.38999938964844,31,-0.30999755859375,0.8600006103515625,2010,-0.010733337402343723,0.007681473683790751,-0.0058564633101612085,0.037205803167598805
2010-03-19,149.4499969482422,149.8300018310547,147.72999572753906,149.75,79.87999725341797,81.36000061035156,79.2300033569336,80.83999633789062,96,-0.3000030517578125,2.1299972534179688,2010,0.007143322076647252,0.007811603724811265,-0.019636794766767385,-0.0058564633101612085
2010-03-22,149.82000732421875,149.85000610351562,147.66000366210938,149.5,80.54000091552734,80.62000274658203,78.01000213623047,78.81999969482422,70,0.32000732421875,2.6100006103515625,2010,0.0024758138744205294,0.00782488735645078,0.008262439719614934,-0.019636794766767385
2010-03-23,149.25,149.60000610351562,147.1999969482422,147.1999969482422,80.69999694824219,81.1500015258789,79.86000061035156,79.94000244140625,201,2.0500030517578125,1.2900009155273438,2010,-0.00380461417936806,0.007838922619985169,0.0019865412328794463,0.008262439719614934
2010-03-24,149.47000122070312,149.47000122070312,147.2899932861328,149.4199981689453,79.62000274658203,79.87999725341797,78.98999786376953,79.37999725341797,29,0.0500030517578125,0.8899993896484375,2010,0.0014740450298367236,0.007845221708164324,-0.013382828283783232,0.0019865412328794463
2010-03-25,149.74000549316406,149.74000549316406,147.42999267578125,147.44000244140625,79.61000061035156,80.44000244140625,79.47000122070312,80.11000061035156,24,2.3000030517578125,0.970001220703125,2010,0.0018064111209998845,0.00783386171975261,-0.0001256234097642972,-0.013382828283783232
2010-03-26,149.9499969482422,149.9499969482422,147.77999877929688,149.5800018310547,79.29000091552734,80.6500015258789,78.80999755859375,80.29000091552734,28,0.3699951171875,1.8400039672851562,2010,0.001402373763688125,0.007812270091497576,-0.004019591663997679,-0.0001256234097642972
2010-03-29,149.9499969482422,150.27999877929688,148.00999450683594,148.00999450683594,81.16999816894531,81.88999938964844,79.87000274658203,80.11000061035156,21,1.94000244140625,2.0199966430664062,2010,0.0,0.0078106136717517455,0.023710395153366814,-0.004019591663997679
2010-03-30,149.9499969482422,150.1999969482422,147.9600067138672,147.9600067138672,81.27999877929688,81.5199966430664,80.73999786376953,81.27999877929688,2,1.989990234375,0.779998779296875,2010,0.0,0.0078080658096450276,0.0013551880353945833,0.023710395153366814
2010-03-31,149.6999969482422,150.25,147.86000061035156,150.25,82.69999694824219,82.77999877929688,81.29000091552734,82.37999725341797,20,-0.5500030517578125,1.4899978637695312,2010,-0.0016672224414001624,0.007812541594347612,0.017470450175584906,0.0013551880353945833
2010-04-01,149.75,150.02000427246094,147.8800048828125,150.02000427246094,84.01000213623047,84.30000305175781,83.25,83.62000274658203,14,-0.2700042724609375,1.0500030517578125,2010,0.0003340217286382785,0.007797532661364651,0.01584045025791414,0.017470450175584906
2010-04-05,149.5,149.64999389648438,147.94000244140625,147.94000244140625,85.87999725341797,86.08999633789062,84.37000274658203,85.11000061035156,22,1.55999755859375,1.7199935913085938,2010,-0.0016694490818029983,0.007800901527759917,0.0222591961627987,0.01584045025791414
2010-04-06,149.5,150.0500030517578,148.6199951171875,148.6199951171875,86.1500015258789,86.37999725341797,85.6500015258789,86.05999755859375,37,0.8800048828125,0.7299957275390625,2010,0.0,0.007790766899926374,0.0031439716010259744,0.0222591961627987
2010-04-07,149.75,150.3000030517578,147.88999938964844,150.02999877929688,85.58999633789062,86.44999694824219,85.30000305175781,85.6500015258789,58,-0.279998779296875,1.149993896484375,2010,0.0016722408026756952,0.007338739358147448,-0.006500350296802515,0.0031439716010259744
2010-04-08,149.5,150.4499969482422,148.02999877929688,148.02999877929688,84.80999755859375,85.2699966430664,84.2300033569336,84.55000305175781,37,1.470001220703125,1.0399932861328125,2010,-0.0016694490818029983,0.007347498303416666,-0.009113200288239365,-0.006500350296802515
2010-04-09,150.39999389648438,150.5,148.10000610351562,150.3300018310547,84.83000183105469,85.66999816894531,83.98999786376953,85.58000183105469,54,0.0699920654296875,1.6800003051757812,2010,0.006020026063440653,0.00700412941687284,0.00023587163113769627,-0.009113200288239365
2010-04-12,150.4199981689453,150.4499969482422,148.2100067138672,149.5800018310547,84.7699966430664,85.5199966430664,84.58000183105469,84.79000091552734,88,0.839996337890625,0.9399948120117188,2010,0.00013300713612207637,0.006459228203829113,-0.0007073580890377684,0.00023587163113769627
2010-04-13,147.1999969482422,150.39999389648438,147.1999969482422,148.4600067138672,84.72000122070312,84.80999755859375,84.25,84.27999877929688,12,-1.260009765625,0.55999755859375,2010,-0.021406736204627297,0.0071363855994682245,-0.0005897773309322396,-0.0007073580890377684
2010-04-14,150.0,150.25,148.0500030517578,150.25,86.1500015258789,85.19999694824219,84.86000061035156,85.18000030517578,15,-0.25,0.339996337890625,2010,0.01902176025684521,0.007965746852276868,0.01687913461486512,-0.0005897773309322396
2010-04-15,149.89999389648438,150.24000549316406,148.0399932861328,150.22999572753906,87.16999816894531,87.12999725341797,87.16999816894531,87.16999816894531,14,-0.3300018310546875,-0.04000091552734375,2010,-0.0006667073567708792,0.007963683310965032,0.011839775101571082,0.01687913461486512
2010-04-16,148.4600067138672,150.3800048828125,148.4600067138672,150.3000030517578,85.98999786376953,87.33999633789062,85.1500015258789,87.2699966430664,63,-1.839996337890625,2.1899948120117188,2010,-0.009606319154432996,0.008154678533661811,-0.013536771021708693,0.011839775101571082
2010-04-19,149.75,150.42999267578125,148.27999877929688,148.27999877929688,84.2300033569336,84.31999969482422,83.58000183105469,83.68000030517578,34,1.470001220703125,0.7399978637695312,2010,0.008689163598241345,0.008262755294946562,-0.02046743284752983,-0.013536771021708693
2010-04-20,150.25,150.6199951171875,148.36000061035156,149.75,84.80000305175781,85.4800033569336,84.5199966430664,85.0999984741211,54,0.5,0.9600067138671875,2010,0.0033388981636059967,0.008282519991993918,0.00676718119562203,-0.02046743284752983
2010-04-21,150.3699951171875,150.4600067138672,148.27000427246094,150.4600067138672,85.69999694824219,86.16000366210938,84.70999908447266,85.19999694824219,87,-0.0900115966796875,1.4500045776367188,2010,0.0007986363872711788,0.007832704725451821,0.010613135189807332,0.00676718119562203
2010-04-22,150.24000549316406,150.39999389648438,148.02999877929688,150.25,85.66999816894531,85.83000183105469,84.16000366210938,84.83999633789062,56,-0.0099945068359375,1.6699981689453125,2010,-0.0008644651742000242,0.007255148380902307,-0.0003500441116117692,0.010613135189807332
2010-04-23,150.0,150.17999267578125,148.02000427246094,150.17999267578125,87.25,87.31999969482422,85.4000015258789,85.83000183105469,55,-0.17999267578125,1.9199981689453125,2010,-0.0015974805936423975,0.007260904024089228,0.01844288391297555,-0.0003500441116117692
2010-04-26,150.4499969482422,150.4499969482422,148.16000366210938,150.17999267578125,86.83000183105469,87.51000213623047,86.51000213623047,87.51000213623047,35,0.2700042724609375,1.0,2010,0.002999979654948026,0.007282401132706456,-0.004813732595361775,0.01844288391297555
2010-04-27,124.0,150.35000610351562,124.0,150.35000610351562,85.77999877929688,86.69999694824219,85.4800033569336,86.20999908447266,18,-26.350006103515625,1.2199935913085938,2010,-0.1758058988684561,0.032901584420468186,-0.012092629616671013,-0.004813732595361775
2010-04-28,150.0,150.39999389648438,147.85000610351562,149.3300018310547,86.16000366210938,86.27999877929688,85.08999633789062,85.5,37,0.6699981689453125,1.19000244140625,2010,0.20967741935483875,0.05121898188779589,0.0044299940338097255,-0.012092629616671013
2010-04-29,150.6999969482422,150.75,148.2100067138672,148.2100067138672,86.9000015258789,87.55000305175781,86.91999816894531,87.25,22,2.489990234375,0.6300048828125,2010,0.004666646321614509,0.05122263928734019,0.008588647078887623,0.0044299940338097255
2010-04-30,150.5,150.9499969482422,148.63999938964844,150.49000549316406,87.44000244140625,87.6500015258789,86.76000213623047,87.1500015258789,25,0.0099945068359375,0.8899993896484375,2010,-0.0013271197895967646,0.05117454004818401,0.0062140495517313266,0.008588647078887623
2010-05-03,148.4199981689453,150.60000610351562,148.4199981689453,150.60000610351562,88.94000244140625,89.45999908447266,88.30999755859375,88.45999908447266,89,-2.1800079345703125,1.1500015258789062,2010,-0.013820610173120862,0.05124100500368138,0.01715461983209754,0.0062140495517313266
2010-05-05,150.89999389648438,150.92999267578125,148.5,150.92999267578125,82.61000061035156,84.95999908447266,82.16000366210938,84.95999908447266,95,-0.029998779296875,2.7999954223632812,2010,0.016709309783955906,0.05132078124466081,-0.07117159497746695,0.01715461983209754
2010-05-06,150.10000610351562,150.10000610351562,148.3000030517578,148.3000030517578,79.83000183105469,82.36000061035156,79.41000366210938,82.36000061035156,49,1.8000030517578125,2.9499969482421875,2010,-0.00530144350779449,0.051326838069180175,-0.033652085204663784,-0.07117159497746695
2010-05-07,150.60000610351562,150.9499969482422,148.6699981689453,150.8000030517578,78.2699966430664,80.62999725341797,77.58999633789062,80.5,94,-0.1999969482421875,3.0400009155273438,2010,0.003331112456152585,0.051327994515569485,-0.019541590281931143,-0.033652085204663784
2010-05-10,150.5,150.5800018310547,148.38999938964844,148.38999938964844,80.12000274658203,81.48999786376953,79.58999633789062,81.33000183105469,60,2.1100006103515625,1.9000015258789062,2010,-0.0006640511252494763,0.05132947866687509,0.023636210334238017,-0.019541590281931143
2010-05-11,150.5,150.67999267578125,148.2899932861328,150.5,80.48999786376953,80.81999969482422,79.97000122070312,79.9800033569336,56,0.0,0.8499984741210938,2010,0.0,0.0513301378482078,0.004618011788613874,0.023636210334238017
2010-05-12,150.75,150.75,148.36000061035156,148.36000061035156,81.19999694824219,81.69000244140625,80.5199966430664,81.3499984741211,57,2.3899993896484375,1.1700057983398438,2010,0.0016611295681063787,0.05132949660342117,0.00882096040894842,0.004618011788613874
2010-05-13,150.25,150.8800048828125,148.24000549316406,148.24000549316406,80.11000061035156,80.11000061035156,79.91000366210938,80.11000061035156,1,2.0099945068359375,0.1999969482421875,2010,-0.0033167495854062867,0.05133626081745649,-0.013423600724830065,0.00882096040894842
2010-05-14,151.05999755859375,151.1999969482422,148.44000244140625,148.44000244140625,77.18000030517578,77.18000030517578,77.18000030517578,77.18000030517578,230,2.6199951171875,0.0,2010,0.0053909987260816195,0.05133826116034414,-0.036574713304860174,-0.013423600724830065
2010-05-17,147.8800048828125,151.89999389648438,147.8800048828125,148.64999389648438,75.0999984741211,77.62999725341797,75.06999969482422,77.62999725341797,20,-0.769989013671875,2.55999755859375,2010,-0.02105118977343945,0.051504037509636634,-0.026950010661184187,-0.036574713304860174
2010-05-18,152.25,152.4499969482422,149.5399932861328,151.0,74.43000030517578,76.48999786376953,74.05000305175781,76.48999786376953,32,1.25,2.4399948120117188,2010,0.029550953292505566,0.05176623338363305,-0.008921413882267748,-0.026950010661184187
2010-05-19,147.88999938964844,152.10000610351562,146.5800018310547,151.5,73.69000244140625,74.33000183105469,72.93000030517578,73.75,55,-3.6100006103515625,1.4000015258789062,2010,-0.028637114025297672,0.052065369937460394,-0.009942198854432482,-0.008921413882267748
2010-05-20,151.89999389648438,151.89999389648438,149.0500030517578,151.5,71.83999633789062,72.45999908447266,70.37000274658203,72.2699966430664,45,0.399993896484375,2.089996337890625,2010,0.027114710415751198,0.05228461449500632,-0.02510525230320948,-0.009942198854432482
2010-05-21,151.5,151.8000030517578,146.94000244140625,146.94000244140625,71.68000030517578,72.77999877929688,70.62999725341797,71.36000061035156,445,4.55999755859375,2.1500015258789062,2010,-0.002633271313736585,0.05228710256481707,-0.0022271163818317063,-0.02510525230320948
2010-05-24,150.0,151.8000030517578,149.33999633789062,151.77999877929688,71.16999816894531,71.94999694824219,71.05999755859375,71.73999786376953,117,-1.779998779296875,0.8899993896484375,2010,-0.00990099009900991,0.05232301980254649,-0.007114985129173412,-0.0022271163818317063
2010-05-25,151.5,151.75,149.27999877929688,149.27999877929688,69.55000305175781,69.91999816894531,68.2300033569336,68.62000274658203,63,2.220001220703125,1.6899948120117188,2010,0.010000000000000009,0.052346982857254275,-0.022762331865485153,-0.007114985129173412
2010-05-26,152.0,152.02999877929688,149.5800018310547,152.02999877929688,71.73999786376953,72.06999969482422,70.77999877929688,71.12999725341797,75,-0.029998779296875,1.2900009155273438,2010,0.0033003300330032292,0.05216748289967606,0.03148806205489252,-0.022762331865485153
2010-05-27,151.5,152.35000610351562,149.6999969482422,151.1699981689453,74.66000366210938,74.80000305175781,72.93000030517578,73.1500015258789,48,0.3300018310546875,1.8700027465820312,2010,-0.003289473684210509,0.05208085039692288,0.0407026189753279,0.03148806205489252
2010-05-28,151.5,151.89999389648438,149.41000366210938,149.5399932861328,74.0199966430664,75.58000183105469,73.33999633789062,74.77999877929688,26,1.9600067138671875,2.2400054931640625,2010,0.0,0.052079981066774986,-0.008572287538846979,0.0407026189753279
2010-06-01,151.39999389648438,151.5500030517578,149.0500030517578,151.0,72.70999908447266,75.05999755859375,72.36000061035156,73.93000030517578,89,0.399993896484375,2.6999969482421875,2010,-0.0006601062938325075,0.05203891921453281,-0.017697887300788695,-0.008572287538846979
2010-06-02,151.10000610351562,151.1300048828125,148.61000061035156,148.61000061035156,73.75,74.4000015258789,72.31999969482422,72.66999816894531,77,2.4900054931640625,2.0800018310546875,2010,-0.001981425396713421,0.05202770104393083,0.01430340982839362,-0.017697887300788695
2010-06-03,150.75,151.14999389648438,148.72000122070312,148.72000122070312,75.41000366210938,75.47000122070312,73.9800033569336,74.55999755859375,117,2.029998779296875,1.4899978637695312,2010,-0.0023163870905196227,0.052031389562601754,0.022508524231991567,0.01430340982839362
2010-06-04,150.75,151.13999938964844,149.49000549316406,149.49000549316406,72.08999633789062,76.48999786376953,71.51000213623047,75.4000015258789,300,1.2599945068359375,4.9799957275390625,2010,0.0,0.05203191274616456,-0.044026086235120054,0.022508524231991567
2010-06-07,151.10000610351562,151.3000030517578,148.7100067138672,151.1999969482422,72.08999633789062,72.80000305175781,71.61000061035156,72.30000305175781,46,-0.0999908447265625,1.19000244140625,2010,0.0023217651974503095,0.052030436835195905,0.0,-0.044026086235120054
2010-06-08,151.22000122070312,151.25,148.80999755859375,151.25,72.08999633789062,72.5999984741211,71.4000015258789,71.94000244140625,61,-0.029998779296875,1.1999969482421875,2010,0.0007941436951717229,0.05202738995329446,0.0,0.0
2010-06-09,150.6999969482422,151.22000122070312,148.72000122070312,148.72000122070312,72.08999633789062,74.6500015258789,72.83000183105469,72.86000061035156,126,1.9799957275390625,1.8199996948242188,2010,-0.0034387268103641677,0.052034526708352125,0.0,0.0
2010-06-10,151.19000244140625,151.19000244140625,148.7899932861328,148.7899932861328,75.29000091552734,75.86000061035156,74.5199966430664,74.54000091552734,459,2.4000091552734375,1.3400039672851562,2010,0.0032515295493493745,0.039858524040702,0.044389024000474064,0.0
2010-06-11,150.8000030517578,151.3000030517578,148.77999877929688,151.22000122070312,74.3499984741211,75.54000091552734,73.58999633789062,75.3499984741211,154,-0.4199981689453125,1.9500045776367188,2010,-0.002579531604939178,0.011322359263154147,-0.012485090051478354,0.044389024000474064
2010-06-14,150.9499969482422,151.25,148.85000610351562,151.25,75.19999694824219,76.0999984741211,75.83000183105469,75.8499984741211,88,-0.3000030517578125,0.26999664306640625,2010,0.0009946544658416823,0.011292654549960666,0.01143239396860185,-0.012485090051478354
2010-06-15,151.3000030517578,151.3300018310547,148.47999572753906,148.47999572753906,76.19999694824219,76.19999694824219,76.19999694824219,76.19999694824219,244,2.82000732421875,0.0,2010,0.002318689040024635,0.011296197225799488,0.013297872880078332,0.01143239396860185
2010-06-16,148.75,151.27999877929688,148.75,151.25,78.13999938964844,78.54000091552734,76.7300033569336,76.95999908447266,239,-2.5,1.80999755859375,2010,-0.016853952414564666,0.011439048915276289,0.025459350644383427,0.013297872880078332
2010-06-17,151.1999969482422,151.1999969482422,148.80999755859375,148.80999755859375,78.68000030517578,79.05999755859375,78.19999694824219,78.51000213623047,316,2.3899993896484375,0.8600006103515625,2010,0.01647056771927513,0.011427199137386787,0.006910684921234811,0.025459350644383427
2010-06-18,151.25,151.4499969482422,148.5,149.08999633789062,78.22000122070312,78.63999938964844,77.3499984741211,77.44000244140625,71,2.160003662109375,1.2900009155273438,2010,0.0003307080209460356,0.011381074436909274,-0.005846455041795373,0.006910684921234811
2010-06-21,150.89999389648438,151.35000610351562,148.9199981689453,148.9199981689453,78.81999969482422,79.77999877929688,77.75,79.38999938964844,256,1.9799957275390625,2.029998779296875,2010,-0.002314089940599229,0.011376187557625131,0.00767065283504853,-0.005846455041795373
2010-06-22,150.75,151.60000610351562,149.17999267578125,151.5,78.04000091552734,79.05999755859375,77.81999969482422,77.83999633789062,166,-0.75,1.2399978637695312,2010,-0.0009939953780732091,0.011377139913119096,-0.009895950042081658,0.00767065283504853
2010-06-23,150.9499969482422,151.64999389648438,149.25999450683594,151.64999389648438,76.2699966430664,77.91999816894531,75.69999694824219,77.91999816894531,351,-0.6999969482421875,2.220001220703125,2010,0.0013266795903295048,0.011379244538984035,-0.022680731057100334,-0.009895950042081658
2010-06-24,151.1999969482422,151.1999969482422,148.8699951171875,148.8699951171875,76.47000122070312,76.54000091552734,75.45999908447266,75.94999694824219,66,2.3300018310546875,1.0800018310546875,2010,0.0016561775757155672,0.011379222078681714,0.002622323147235983,-0.022680731057100334
2010-06-25,150.82000732421875,151.0,148.6300048828125,148.6300048828125,78.12000274658203,78.47000122070312,76.36000061035156,76.45999908447266,195,2.19000244140625,2.1100006103515625,2010,-0.002513158939768445,0.011371694567539692,0.02157710866404683,0.002622323147235983
2010-06-28,148.39999389648438,148.39999389648438,148.39999389648438,148.39999389648438,77.58999633789062,77.72000122070312,77.16999816894531,77.61000061035156,96,0.0,0.5500030517578125,2010,-0.01604570554443785,0.011702222557198319,-0.0067845160017560024,0.02157710866404683
2010-06-29,150.75,150.75,147.8800048828125,150.25,75.44000244140625,76.16000366210938,74.86000061035156,76.16000366210938,161,0.5,1.3000030517578125,2010,0.015835621294936653,0.01140535059428099,-0.027709679056067138,-0.0067845160017560024
2010-06-30,149.89999389648438,150.9199981689453,147.8699951171875,147.8699951171875,75.01000213623047,75.94999694824219,74.05999755859375,75.58999633789062,242,2.029998779296875,1.8899993896484375,2010,-0.005638514782856596,0.01006728409040937,-0.005699897816277999,-0.027709679056067138
2010-07-01,149.6199951171875,149.6199951171875,147.58999633789062,147.58999633789062,72.33999633789062,74.26000213623047,71.58000183105469,74.12000274658203,300,2.029998779296875,2.6800003051757812,2010,-0.001867903873900345,0.008557721625616199,-0.03559533025329975,-0.005699897816277999
2010-07-02,149.6999969482422,149.86000061035156,145.38999938964844,145.38999938964844,71.6500015258789,72.70999908447266,71.4800033569336,72.48999786376953,156,4.30999755859375,1.2299957275390625,2010,0.0005347001314364164,0.0069177822377006915,-0.009538220167842448,-0.03559533025329975
2010-07-06,149.25,149.75,147.3300018310547,147.3300018310547,71.44999694824219,73.23999786376953,71.01000213623047,72.44999694824219,232,1.9199981689453125,2.2299957275390625,2010,-0.003005991699503996,0.0069221475605897725,-0.002791410654254922,-0.009538220167842448
2010-07-07,149.5500030517578,150.14999389648438,147.3800048828125,147.3800048828125,73.51000213623047,73.73999786376953,72.26000213623047,72.26000213623047,116,2.1699981689453125,1.4799957275390625,2010,0.0020100706985448635,0.0067009424912805576,0.028831424436316366,-0.002791410654254922
2010-07-08,149.5500030517578,150.5500030517578,148.08999633789062,148.10000610351562,74.70999908447266,75.16999816894531,73.97000122070312,74.2699966430664,231,1.4499969482421875,1.1999969482421875,2010,0.0,0.0064253647695832776,0.016324267628483158,0.028831424436316366
2010-07-09,150.5,150.6999969482422,148.3300018310547,150.0500030517578,75.41999816894531,75.83999633789062,74.44000244140625,74.52999877929688,206,0.4499969482421875,1.399993896484375,2010,0.006352369968948723,0.006509773847767885,0.009503401059741456,0.016324267628483158
2010-07-12,150.41000366210938,150.5500030517578,148.19000244140625,149.60000610351562,74.37000274658203,75.58000183105469,73.93000030517578,74.98999786376953,192,0.80999755859375,1.6500015258789062,2010,-0.0005979823115656036,0.006485798654145483,-0.013921976237804001,0.009503401059741456
2010-07-13,150.1999969482422,150.5,148.0399932861328,150.5,76.6500015258789,76.91999816894531,74.8499984741211,74.94000244140625,143,-0.3000030517578125,2.0699996948242188,2010,-0.001396228367489205,0.00648917177892577,0.03065750564869596,-0.013921976237804001
2010-07-14,147.74000549316406,150.49000549316406,146.3800048828125,146.3800048828125,76.7699966430664,76.98999786376953,76.19999694824219,76.66000366210938,561,1.3600006103515625,0.7900009155273438,2010,-0.01637810589254418,0.007125363498449257,0.0015654939960696446,0.03065750564869596
2010-07-16,150.10000610351562,150.52000427246094,146.9499969482422,146.9499969482422,75.37000274658203,76.19000244140625,74.66999816894531,76.06999969482422,92,3.1500091552734375,1.5200042724609375,2010,0.015974011930443233,0.007748744306411125,-0.018236211511034606,0.0015654939960696446
2010-07-19,150.5,150.5,147.97000122070312,147.97000122070312,75.62000274658203,77.18000030517578,74.79000091552734,75.18000030517578,259,2.529998779296875,2.3899993896484375,2010,0.0026648493019281183,0.007755026044404945,0.003316969495683608,-0.018236211511034606
2010-07-20,150.0,150.39999389648438,147.33999633789062,147.33999633789062,76.22000122070312,76.4800033569336,74.7699966430664,75.08999633789062,408,2.660003662109375,1.7100067138671875,2010,-0.0033222591362126463,0.007778324317659978,0.007934388420109073,0.003316969495683608
2010-07-21,150.25,150.27000427246094,147.8800048828125,147.8800048828125,75.37000274658203,77.20999908447266,75.08000183105469,76.93000030517578,576,2.3699951171875,2.1299972534179688,2010,0.0016666666666667052,0.007772100735943059,-0.01115190842964997,0.007934388420109073
2010-07-22,150.85000610351562,150.85000610351562,148.0,148.0,77.81999969482422,77.91000366210938,75.5199966430664,75.62000274658203,521,2.850006103515625,2.3900070190429688,2010,0.00399338504835689,0.007807495213867841,0.03250626056734873,-0.01115190842964997
2010-07-23,150.0,150.0,147.67999267578125,150.0,77.44999694824219,77.83999633789062,76.94999694824219,77.47000122070312,120,0.0,0.8899993896484375,2010,-0.005634776726043622,0.007850518073622173,-0.004754597121986892,0.03250626056734873
2010-07-26,150.1999969482422,150.1999969482422,147.8300018310547,150.0,77.5,77.6500015258789,76.62999725341797,76.87999725341797,116,0.1999969482421875,1.0200042724609375,2010,0.001333312988281321,0.007829850016670765,0.0006456172205044908,-0.004754597121986892
2010-07-27,150.3000030517578,150.3000030517578,147.75,149.89999389648438,76.12999725341797,78.08999633789062,75.54000091552734,77.66000366210938,304,0.4000091552734375,2.5499954223632812,2010,0.0006658196108357828,0.00781809812669379,-0.017677454794606806,0.0006456172205044908
2010-07-28,150.1999969482422,150.1999969482422,147.8800048828125,150.0,76.05999755859375,76.26000213623047,74.8499984741211,76.05999755859375,269,0.1999969482421875,1.410003662109375,2010,-0.0006653765900536124,0.007816095711798634,-0.0009194758616791754,-0.017677454794606806
2010-07-29,150.10000610351562,150.39999389648438,147.86000061035156,150.39999389648438,77.58999633789062,78.12999725341797,75.66000366210938,76.30000305175781,497,-0.29998779296875,2.4699935913085938,2010,-0.0006657180210264402,0.0078027505297704235,0.02011568272952191,-0.0009194758616791754
2010-07-30,150.10000610351562,150.10000610351562,148.07000732421875,148.07000732421875,78.18000030517578,78.30000305175781,76.2300033569336,76.7699966430664,161,2.029998779296875,2.0699996948242188,2010,0.0,0.007143924503386197,0.007604124180078609,0.02011568272952191
2010-08-02,149.8000030517578,149.8000030517578,147.41000366210938,147.41000366210938,80.81999969482422,81.08999633789062,79.1500015258789,79.25,146,2.3899993896484375,1.9399948120117188,2010,-0.001998687805188526,0.006468530530913553,0.033768219229255436,0.007604124180078609
2010-08-03,150.10000610351562,150.10000610351562,147.72999572753906,147.72999572753906,82.68000030517578,82.77999877929688,81.04000091552734,81.04000091552734,270,2.3700103759765625,1.7399978637695312,2010,0.0020026905583849786,0.006481251586878146,0.023014113058338337,0.033768219229255436
2010-08-04,150.10000610351562,150.0,147.88999938964844,150.0,82.19999694824219,82.79000091552734,81.62999725341797,82.31999969482422,219,0.100006103515625,1.160003662109375,2010,0.0,0.0064694023956785515,-0.005805555819567987,0.023014113058338337
2010-08-05,147.88999938964844,150.1999969482422,147.9600067138672,150.17999267578125,81.61000061035156,81.75,81.0999984741211,81.75,54,-2.2899932861328125,0.6500015258789062,2010,-0.014723561785487616,0.006994935194798483,-0.007177571287041773,-0.005805555819567987
2010-08-06,149.75,150.17999267578125,147.91000366210938,149.6999969482422,80.16000366210938,81.5199966430664,79.56999969482422,81.16999816894531,264,0.0500030517578125,1.9499969482421875,2010,0.012576919453836766,0.007392850307104444,-0.017767392934662785,-0.007177571287041773
2010-08-09,146.50999450683594,150.36000061035156,148.0500030517578,150.10000610351562,80.98999786376953,81.2699966430664,80.4000015258789,81.01000213623047,156,-3.5900115966796875,0.8699951171875,2010,-0.02163609678239775,0.008348251045258317,0.010354218609554433,-0.017767392934662785
2010-08-10,150.35000610351562,150.25,148.0399932861328,150.1999969482422,79.5999984741211,79.95999908447266,78.51000213623047,79.38999938964844,266,0.1500091552734375,1.4499969482421875,2010,0.026209895165210106,0.00970711136815552,-0.017162605584784774,0.010354218609554433
2010-08-11,150.0,150.4499969482422,148.0500030517578,150.27999877929688,77.63999938964844,79.02999877929688,77.43000030517578,79.02999877929688,188,-0.279998779296875,1.5999984741210938,2010,-0.0023279420638975257,0.00923990752427709,-0.02462310454829819,-0.017162605584784774
2010-08-12,150.0,150.4499969482422,148.08999633789062,150.27999877929688,75.5199966430664,76.77999877929688,75.33000183105469,76.48999786376953,283,-0.279998779296875,1.4499969482421875,2010,0.0,0.008767893119388753,-0.027305548212880115,-0.02462310454829819
2010-08-13,150.35000610351562,150.4499969482422,147.60000610351562,150.4499969482422,75.11000061035156,75.75,74.75,75.5199966430664,116,-0.0999908447265625,1.0,2010,0.0023333740234374734,0.008715810199891769,-0.00542897313214441,-0.027305548212880115
2010-08-16,148.02000427246094,150.5,147.8699951171875,147.8699951171875,74.8499984741211,74.8499984741211,74.8499984741211,74.8499984741211,119,0.1500091552734375,0.0,2010,-0.01549718481188811,0.009167408244549088,-0.003461618081715634,-0.00542897313214441
2010-08-17,150.3000030517578,150.5,148.1300048828125,148.1300048828125,76.93000030517578,77.69000244140625,76.4800033569336,76.7699966430664,302,2.1699981689453125,1.2099990844726562,2010,0.015403315183669886,0.009606490666329962,0.02778893618513356,-0.003461618081715634
2010-08-18,150.5,150.6199951171875,148.1999969482422,148.1999969482422,76.47000122070312,76.66999816894531,75.33000183105469,75.95999908447266,247,2.3000030517578125,1.339996337890625,2010,0.001330651657893256,0.009589541859458662,-0.005979449923929181,0.02778893618513356
2010-08-19,150.5,150.47999572753906,148.19000244140625,148.19000244140625,75.30000305175781,76.73999786376953,75.0199966430664,76.73999786376953,260,2.30999755859375,1.720001220703125,2010,0.0,0.009584364599060747,-0.015300093504229673,-0.005979449923929181
2010-08-20,150.4499969482422,150.44000244140625,148.0399932861328,148.0399932861328,74.26000213623047,74.77999877929688,74.01000213623047,74.51000213623047,160,2.410003662109375,0.7699966430664062,2010,-0.00033224619108185305,0.00958486189218277,-0.013811432581383731,-0.015300093504229673
2010-08-23,147.8800048828125,150.5500030517578,148.33999633789062,150.5500030517578,73.62000274658203,74.8499984741211,73.2699966430664,74.83000183105469,421,-2.6699981689453125,1.5800018310546875,2010,-0.017082034679693714,0.010015175837065484,-0.008618359429539924,-0.013811432581383731
2010-08-24,150.0500030517578,149.11000061035156,148.3000030517578,149.0500030517578,72.37999725341797,73.13999938964844,72.12999725341797,72.80000305175781,284,1.0,1.0100021362304688,2010,0.014674047182138938,0.010392967771674188,-0.016843323103809982,-0.008618359429539924
2010-08-25,150.72000122070312,150.8000030517578,148.57000732421875,148.57000732421875,73.4800033569336,73.79000091552734,71.75,72.55000305175781,328,2.149993896484375,2.0400009155273438,2010,0.004465165980131358,0.010421409462111987,0.015197653291755042,-0.016843323103809982
2010-08-26,150.8000030517578,151.4199981689453,148.8300018310547,148.8300018310547,75.0199966430664,75.55000305175781,74.36000061035156,74.80999755859375,255,1.970001220703125,1.19000244140625,2010,0.0005307977070510006,0.00994191103972508,0.020957991504875206,0.015197653291755042
2010-08-27,149.97999572753906,151.25,149.0,151.1999969482422,76.6500015258789,76.97000122070312,74.41000366210938,75.38999938964844,329,-1.220001220703125,2.55999755859375,2010,-0.005437714241539493,0.009571582736731102,0.021727605381906434,0.020957991504875206
2010-08-30,148.42999267578125,151.6999969482422,149.19000244140625,151.1999969482422,76.5999984741211,76.66999816894531,76.04000091552734,76.27999877929688,148,-2.7700042724609375,0.6299972534179688,2010,-0.010334731937008623,0.009740370930246746,-0.0006523555220142585,0.021727605381906434
2010-08-31,151.64999389648438,151.5500030517578,149.13999938964844,151.39999389648438,74.63999938964844,76.70999908447266,74.43000030517578,75.83000183105469,762,0.25,2.279998779296875,2010,0.021693736977651312,0.01052237552818313,-0.025587455920574653,-0.0006523555220142585
2010-09-01,151.39999389648438,151.10000610351562,148.80999755859375,151.0,76.3499984741211,76.73999786376953,75.37000274658203,75.37000274658203,297,0.399993896484375,1.3699951171875,2010,-0.001648532872151942,0.010526218617626327,0.022909955767092427,-0.025587455920574653
2010-09-02,151.0,151.0,148.50999450683594,150.89999389648438,76.93000030517578,77.0199966430664,75.26000213623047,75.66000366210938,161,0.100006103515625,1.7599945068359375,2010,-0.0026419677186899637,0.010515808524689616,0.007596618764194041,0.022909955767092427
2010-09-03,151.0,150.6999969482422,148.38999938964844,150.6999969482422,76.66999816894531,77.43000030517578,75.33999633789062,76.5199966430664,193,0.3000030517578125,2.0900039672851562,2010,0.0,0.010460272051219775,-0.0033797235824652994,0.007596618764194041
2010-09-07,151.0,151.3000030517578,148.88999938964844,148.88999938964844,77.73999786376953,78.31999969482422,75.56999969482422,75.80999755859375,242,2.1100006103515625,2.75,2010,0.0,0.010458449528538095,0.013955911313137559,-0.0033797235824652994
2010-09-08,151.0,151.5399932861328,149.25999450683594,151.5399932861328,78.16999816894531,78.75,77.2300033569336,77.48999786376953,210,-0.5399932861328125,1.5199966430664062,2010,0.0,0.010458198854070752,0.0055312621172090015,0.013955911313137559
2010-09-09,151.39999389648438,149.39999389648438,149.39999389648438,149.39999389648438,77.47000122070312,78.79000091552734,77.12000274658203,78.01000213623047,250,2.0,1.6699981689453125,2010,0.0026489662018833737,0.010466161594250177,-0.00895480318074604,0.0055312621172090015
2010-09-10,149.39999389648438,149.0800018310547,149.0800018310547,149.0800018310547,78.16000366210938,78.37999725341797,77.16999816894531,77.66000366210938,643,0.3199920654296875,1.2099990844726562,2010,-0.013210040162666359,0.010753464685439921,0.008906704924923403,-0.00895480318074604
2010-09-13,149.6699981689453,152.0500030517578,148.13999938964844,151.6999969482422,79.02999877929688,79.37000274658203,77.91999816894531,78.3499984741211,1451,-2.029998779296875,1.4500045776367188,2010,0.0018072575869583218,0.010759105174644127,0.011130950312496779,0.008906704924923403
2010-09-14,151.6999969482422,151.75,149.49000549316406,151.6999969482422,79.16000366210938,79.9000015258789,78.61000061035156,78.61000061035156,1067,0.0,1.2900009155273438,2010,0.013563164322387689,0.011033058355057954,0.0016450067673106084,0.011130950312496779
2010-09-15,151.5,151.67999267578125,149.24000549316406,151.5,78.91000366210938,78.66000366210938,78.56999969482422,78.66000366210938,551,0.0,0.09000396728515625,2010,-0.0013183714717569517,0.011033903438463999,-0.00315816054111262,0.0016450067673106084
2010-09-16,151.25,151.9499969482422,149.63999938964844,149.63999938964844,78.4800033569336,79.61000061035156,77.93000030517578,79.44999694824219,502,1.6100006103515625,1.6800003051757812,2010,-0.0016501650165016146,0.011039913919091208,-0.005449249590926741,-0.00315816054111262
2010-09-17,151.89999389648438,152.0,149.64999389648438,151.8000030517578,78.20999908447266,79.1500015258789,77.2699966430664,79.1500015258789,425,0.0999908447265625,1.8800048828125,2010,0.004297480307334789,0.010687118695335575,-0.0034404212654391975,-0.005449249590926741
2010-09-20,150.35000610351562,152.1999969482422,149.11000061035156,152.0,79.31999969482422,79.9000015258789,77.68000030517578,77.72000122070312,218,-1.649993896484375,2.220001220703125,2010,-0.010204001680375496,0.010641530928687316,0.014192566466503687,-0.0034404212654391975
2010-09-21,152.0,153.14999389648438,150.8300018310547,152.3000030517578,78.41999816894531,79.94000244140625,78.12999725341797,79.56999969482422,364,-0.3000030517578125,1.8100051879882812,2010,0.010974352041917212,0.009980388159393953,-0.011346464061290584,0.014192566466503687
2010-09-22,153.10000610351562,153.4499969482422,150.8300018310547,152.92999267578125,77.94999694824219,78.7699966430664,77.48999786376953,78.38999938964844,298,0.170013427734375,1.279998779296875,2010,0.007236882259971322,0.008887086145511989,-0.005993384744674035,-0.011346464061290584
2010-09-23,150.50999450683594,153.67999267578125,151.38999938964844,153.5,78.11000061035156,78.44000244140625,76.69000244140625,76.94999694824219,516,-2.9900054931640625,1.75,2010,-0.016917122752617697,0.009437361558128,0.002052644879712018,-0.005993384744674035
2010-09-24,153.64999389648438,154.25,151.52000427246094,151.52000427246094,78.87000274658203,79.38999938964844,78.05999755859375,78.37000274658203,396,2.1299896240234375,1.3300018310546875,2010,0.020862397875549776,0.010165976942254466,0.009729895407653455,0.002052644879712018
2010-09-27,150.6300048828125,155.0,151.60000610351562,153.5,78.56999969482422,79.06999969482422,77.68000030517578,78.79000091552734,393,-2.8699951171875,1.3899993896484375,2010,-0.019654989480223928,0.010826648233091894,-0.0038037662141556794,0.009729895407653455
2010-09-28,155.0,155.1999969482422,152.7100067138672,155.10000610351562,78.70999908447266,79.52999877929688,77.79000091552734,78.1500015258789,402,-0.100006103515625,1.7399978637695312,2010,0.029011451739560545,0.011632564183959944,0.0017818428177702739,-0.0038037662141556794
2010-09-29,154.25,154.60000610351562,152.3800048828125,154.1999969482422,80.7699966430664,80.91999816894531,78.33999633789062,78.80999755859375,586,0.0500030517578125,2.5800018310546875,2010,-0.004838709677419395,0.011388952370425174,0.026171993171832275,0.0017818428177702739
2010-09-30,154.25,154.48500061035156,152.22000122070312,154.39999389648438,82.30999755859375,82.37000274658203,81.22000122070312,81.55999755859375,426,-0.149993896484375,1.1500015258789062,2010,0.0,0.011389919340430628,0.019066497208521938,0.026171993171832275
2010-10-01,154.1999969482422,154.5500030517578,152.07000732421875,152.07000732421875,83.75,83.7699966430664,82.5,82.5,413,2.1299896240234375,1.2699966430664062,2010,-0.0003241688930814002,0.01139093981979893,0.017494866773397177,0.019066497208521938
2010-10-04,151.3699951171875,154.5,152.16000366210938,154.10000610351562,83.27999877929688,84.4000015258789,83.06999969482422,83.3499984741211,228,-2.730010986328125,1.3300018310546875,2010,-0.018352800824014248,0.011919533326018816,-0.005611954874067182,0.017494866773397177
2010-10-05,154.14999389648438,154.0,150.8300018310547,151.89999389648438,84.83999633789062,84.9000015258789,83.4000015258789,83.4000015258789,791,2.25,1.5,2010,0.018365586767342235,0.011896879733429495,0.018731959431555145,-0.005611954874067182
2010-10-06,152.14999389648438,151.8000030517578,149.97000122070312,151.8000030517578,85.05999755859375,85.81999969482422,84.36000061035156,84.47000122070312,298,0.3499908447265625,1.4599990844726562,2010,-0.012974376121889786,0.01190830379859141,0.0025931309547317927,0.018731959431555145
2010-10-07,151.25,151.35000610351562,149.24000549316406,151.35000610351562,83.43000030517578,86.01000213623047,82.94000244140625,85.52999877929688,325,-0.100006103515625,3.0699996948242188,2010,-0.005915175370277637,0.011940832014945939,-0.01916291206445364,0.0025931309547317927
2010-10-08,151.27999877929688,151.25,149.1199951171875,149.1199951171875,84.02999877929688,84.55000305175781,81.9000015258789,82.43000030517578,353,2.160003662109375,2.6500015258789062,2010,0.0001983390366735449,0.011940654909434,0.0071916393614572804,-0.01916291206445364
2010-10-11,148.8300018310547,152.25,149.60000610351562,151.5,83.72000122070312,84.02999877929688,83.3499984741211,83.87999725341797,122,-2.6699981689453125,0.6800003051757812,2010,-0.016195114807057265,0.012271932026833136,-0.0036891296334294887,0.0071916393614572804
2010-10-12,151.1199951171875,152.10000610351562,149.99000549316406,149.99000549316406,83.5,83.95999908447266,82.98999786376953,83.29000091552734,184,1.1299896240234375,0.970001220703125,2010,0.015386637492165844,0.012435717062493646,-0.0026278215181000375,-0.0036891296334294887
2010-10-13,152.0500030517578,152.35000610351562,149.94000244140625,149.94000244140625,84.63999938964844,84.94000244140625,84.13999938964844,84.22000122070312,174,2.1100006103515625,0.8000030517578125,2010,0.006154102465720124,0.011839293967704124,0.013652687301178856,-0.0026278215181000375
2010-10-14,152.10000610351562,152.32000732421875,149.8000030517578,151.89999389648438,84.52999877929688,84.52999877929688,84.52999877929688,84.52999877929688,136,0.20001220703125,0.0,2010,0.00032885926178360947,0.011834408143925166,-0.0012996291486860878,0.013652687301178856
2010-10-15,152.0,152.32000732421875,150.24000549316406,152.32000732421875,82.44999694824219,84.51000213623047,82.0199966430664,83.86000061035156,1214,-0.32000732421875,2.4900054931640625,2010,-0.0006575022978471123,0.011823393028394755,-0.02460667054409238,-0.0012996291486860878
2010-10-18,152.1699981689453,152.4499969482422,149.60000610351562,152.3000030517578,84.37000274658203,84.37999725341797,81.97000122070312,81.97000122070312,165,-0.1300048828125,2.4099960327148438,2010,0.0011184090062190677,0.011824218675069597,0.023286911696857038,-0.02460667054409238
2010-10-19,146.99000549316406,152.4499969482422,150.24000549316406,152.4499969482422,81.0999984741211,83.44000244140625,81.05000305175781,83.0999984741211,515,-5.459991455078125,2.3899993896484375,2010,-0.03404082761458804,0.013386574832921709,-0.03875790169502402,0.023286911696857038
2010-10-20,152.0,152.3800048828125,149.97999572753906,152.3800048828125,83.5999984741211,83.58000183105469,81.6500015258789,82.11000061035156,258,-0.3800048828125,1.9300003051757812,2010,0.0340839126444481,0.014826601529526999,0.03082614114718818,-0.03875790169502402
2010-10-21,152.3800048828125,152.14999389648438,149.88999938964844,151.0500030517578,81.83000183105469,83.80999755859375,81.58999633789062,83.02999877929688,313,1.3300018310546875,2.220001220703125,2010,0.0025000321237664824,0.014825821862292655,-0.021172209035557832,0.03082614114718818
2010-10-22,151.9499969482422,151.89999389648438,149.8300018310547,151.85000610351562,82.95999908447266,83.11000061035156,81.97000122070312,81.97000122070312,199,0.0999908447265625,1.1399993896484375,2010,-0.002821944617346639,0.014618756236839676,0.013809082587471488,-0.021172209035557832
2010-10-25,149.2899932861328,151.60000610351562,145.66000366210938,151.60000610351562,83.54000091552734,84.16000366210938,82.80000305175781,83.81999969482422,266,-2.3100128173828125,1.3600006103515625,2010,-0.017505782925520186,0.014987428318784959,0.006991343267302996,0.013809082587471488
2010-10-26,151.0,151.0500030517578,148.0500030517578,151.0500030517578,83.66000366210938,83.80999755859375,83.06999969482422,83.12999725341797,815,-0.0500030517578125,0.7399978637695312,2010,0.01145426211246292,0.014926555328300683,0.0014364704963718555,0.006991343267302996
2010-10-27,151.0500030517578,150.64999389648438,148.42999267578125,150.3000030517578,83.2300033569336,83.37000274658203,81.86000061035156,82.98999786376953,371,0.75,1.5100021362304688,2010,0.0003311460381312248,0.014924747090642294,-0.005139855203837751,0.0014364704963718555
2010-10-28,150.25,150.25,147.86000061035156,150.25,83.58999633789062,83.86000061035156,83.08000183105469,83.37000274658203,163,0.0,0.779998779296875,2010,-0.0052962796133390055,0.014953536824623052,0.0043252789431378336,-0.005139855203837751
2010-10-29,149.0500030517578,150.75,150.0,150.0,83.1500015258789,83.5,82.2300033569336,83.06999969482422,411,-0.9499969482421875,1.2699966430664062,2010,-0.007986668540713393,0.014996721368842636,-0.0052637257002997595,0.0043252789431378336
2010-11-01,147.17999267578125,150.55999755859375,147.97999572753906,149.60000610351562,84.62000274658203,85.33000183105469,84.0,84.0,496,-2.420013427734375,1.3300018310546875,2010,-0.012546194818440881,0.015054844750420945,0.017678907922155762,-0.0052637257002997595
2010-11-02,150.0,150.0,147.8800048828125,150.0,85.41000366210938,85.73999786376953,84.66999816894531,85.0999984741211,337,0.0,1.0699996948242188,2010,0.019160262702491604,0.015343292929381618,0.009335864924197912,0.017678907922155762
2010-11-03,150.0,150.25,148.08999633789062,150.0,86.37999725341797,86.87999725341797,85.26000213623047,86.20999908447266,1276,0.0,1.6199951171875,2010,0.0,0.015277004492488852,0.011356908438336921,0.009335864924197912
2010-11-04,150.0,151.82000732421875,146.83999633789062,147.2899932861328,88.0,88.22000122070312,87.33000183105469,87.5,421,2.7100067138671875,0.8899993896484375,2010,0.0,0.014961726663891041,0.01875437367553201,0.011356908438336921
2010-11-05,150.3000030517578,151.60000610351562,148.42999267578125,151.60000610351562,88.11000061035156,88.47000122070312,87.36000061035156,87.8499984741211,421,-1.3000030517578125,1.1100006103515625,2010,0.0020000203450520893,0.01444185773332962,0.0012500069358132304,0.01875437367553201
2010-11-08,148.63999938964844,150.6999969482422,148.2100067138672,150.64999389648438,88.45999908447266,88.55000305175781,87.36000061035156,87.7300033569336,3096,-2.0099945068359375,1.19000244140625,2010,-0.011044601652720698,0.014133062551121964,0.003972289997691503,0.0012500069358132304
2010-11-09,150.5,150.6999969482422,147.97000122070312,150.35000610351562,88.33000183105469,88.97000122070312,87.19000244140625,88.4000015258789,326,0.149993896484375,1.779998779296875,2010,0.01251345948593352,0.013244339524997305,-0.0014695597418424855,0.003972289997691503
2010-11-10,150.0,150.4199981689453,148.08999633789062,150.19000244140625,88.95999908447266,89.30000305175781,87.9800033569336,88.2300033569336,738,-0.19000244140625,1.3199996948242188,2010,-0.0033222591362126463,0.013231663972881318,0.007132313374372368,-0.0014695597418424855
2010-11-11,150.41000366210938,151.82000732421875,148.30999755859375,149.89999389648438,88.80999755859375,89.41000366210938,88.61000061035156,89.37000274658203,384,0.510009765625,0.8000030517578125,2010,0.0027333577473958037,0.01324709419941238,-0.0016861682489055507,0.007132313374372368
2010-11-12,148.30999755859375,150.8000030517578,148.6199951171875,150.64999389648438,86.33999633789062,87.87000274658203,85.81999969482422,87.87000274658203,240,-2.339996337890625,2.0500030517578125,2010,-0.013961877883024387,0.013464014935248018,-0.027812197822362328,-0.0016861682489055507
2010-11-15,148.6300048828125,150.89999389648438,148.47000122070312,148.80999755859375,86.69999694824219,86.69999694824219,86.69999694824219,86.69999694824219,145,-0.17999267578125,0.0,2010,0.002157692195310812,0.01307873340210364,0.004169569441984988,-0.027812197822362328
2010-11-16,150.39999389648438,148.60000610351562,148.60000610351562,148.60000610351562,84.7300033569336,86.51000213623047,84.52999877929688,86.5,631,1.79998779296875,1.9800033569335938,2010,0.01190869242766568,0.012807437866465774,-0.022721956870248028,0.004169569441984988
2010-11-17,148.60000610351562,150.75,148.5,149.64999389648438,83.27999877929688,85.05000305175781,82.97000122070312,84.41999816894531,1014,-1.04998779296875,2.0800018310546875,2010,-0.011968004428295598,0.012775570013665078,-0.01711323640019735,-0.022721956870248028
2010-11-18,150.75,150.5,148.1699981689453,150.5,85.05000305175781,85.4000015258789,84.43000030517578,84.80000305175781,428,0.25,0.970001220703125,2010,0.014468329799304902,0.013028599541745199,0.021253653919372395,-0.01711323640019735
2010-11-19,149.9499969482422,150.5,148.3300018310547,150.3800048828125,84.33999633789062,85.5199966430664,83.88999938964844,84.6500015258789,1103,-0.4300079345703125,1.6299972534179688,2010,-0.005306819580482958,0.01306401843588201,-0.008348109210943866,0.021253653919372395
2010-11-22,148.08999633789062,150.5,148.42999267578125,150.35000610351562,83.95999908447266,85.13999938964844,83.12000274658203,84.81999969482422,402,-2.260009765625,2.0199966430664062,2010,-0.012404139034384754,0.012921642710145799,-0.004505540312043532,-0.008348109210943866
2010-11-23,150.5,150.52000427246094,148.17999267578125,150.5,83.25,83.9000015258789,82.45999908447266,83.30000305175781,321,0.0,1.44000244140625,2010,0.016273912632225107,0.012959238064791908,-0.008456397001128102,-0.004505540312043532
2010-11-24,150.42999267578125,150.67999267578125,148.35000610351562,150.4499969482422,85.83999633789062,86.05999755859375,83.44999694824219,83.5999984741211,321,-0.0200042724609375,2.6100006103515625,2010,-0.00046516494497506056,0.012906102278555022,0.031111067121809333,-0.008456397001128102
2010-11-26,150.47999572753906,150.5,148.3300018310547,150.39999389648438,85.58000183105469,86.08999633789062,84.9000015258789,86.08999633789062,29,0.0800018310546875,1.1899948120117188,2010,0.00033240081228735896,0.012906108023116376,-0.0030288270960837638,0.031111067121809333
2010-11-29,150.5,150.8000030517578,148.36000061035156,150.5,87.33999633789062,87.48999786376953,85.58000183105469,86.12999725341797,251,0.0,1.9099960327148438,2010,0.0001329364236370978,0.012906110027284244,0.020565488071738747,-0.0030288270960837638
2010-11-30,150.0,150.75,148.50999450683594,150.5500030517578,85.91999816894531,87.30000305175781,85.7699966430664,87.08999633789062,244,-0.5500030517578125,1.5300064086914062,2010,-0.0033222591362126463,0.012915335719466079,-0.01625828061008605,0.020565488071738747
2010-12-01,150.75,151.10000610351562,148.58999633789062,150.60000610351562,88.87000274658203,88.98999786376953,87.19000244140625,87.2300033569336,393,0.149993896484375,1.7999954223632812,2010,0.004999999999999893,0.011270758037822282,0.03433431844162871,-0.01625828061008605
2010-12-02,151.07000732421875,151.3300018310547,148.72000122070312,151.0,90.69000244140625,90.81999969482422,88.88999938964844,89.06999969482422,657,0.07000732421875,1.9300003051757812,2010,0.0021227683198590253,0.00937780199656756,0.020479347795386627,0.03433431844162871
2010-12-03,150.89999389648438,151.17999267578125,148.83999633789062,151.10000610351562,91.41999816894531,91.83999633789062,90.12000274658203,90.66999816894531,550,-0.20001220703125,1.7199935913085938,2010,-0.0011253949790940299,0.009365665230250588,0.008049351724416454,0.020479347795386627
2010-12-06,146.97000122070312,151.39999389648438,148.83999633789062,151.22999572753906,91.44999694824219,91.80000305175781,90.88999938964844,90.9800033569336,359,-4.2599945068359375,0.910003662109375,2010,-0.02604369009104912,0.010476492020612361,0.00032814241848311276,0.008049351724416454
2010-12-07,151.35000610351562,151.39999389648438,149.05999755859375,151.39999389648438,91.38999938964844,92.8499984741211,90.73999786376953,92.45999908447266,294,-0.04998779296875,2.1100006103515625,2010,0.029802033383908633,0.011432056919130124,-0.000656069552716354,0.00032814241848311276
2010-12-08,151.0,151.6999969482422,149.19000244140625,151.35000610351562,90.7699966430664,91.73999786376953,90.16000366210938,90.69999694824219,485,-0.350006103515625,1.5799942016601562,2010,-0.0023125608814065224,0.011252910317139176,-0.0067841421459978735,-0.000656069552716354
2010-12-09,151.8000030517578,151.8800048828125,149.64999389648438,151.60000610351562,90.98999786376953,91.58000183105469,90.30000305175781,91.0999984741211,433,0.1999969482421875,1.279998779296875,2010,0.005298033455349849,0.011293486942507588,0.0024237218116052173,-0.0067841421459978735
2010-12-10,151.5,151.8000030517578,149.25,151.7100067138672,90.4800033569336,91.55000305175781,89.88999938964844,91.29000091552734,372,-0.2100067138671875,1.660003662109375,2010,-0.001976304649055405,0.011253697871170623,-0.005604951300246186,0.0024237218116052173
2010-12-13,151.77999877929688,151.89999389648438,149.0800018310547,151.8000030517578,91.19000244140625,92.27999877929688,90.58999633789062,90.69999694824219,419,-0.0200042724609375,1.69000244140625,2010,0.001848176761035436,0.011145583006839519,0.007847027609755752,-0.005604951300246186
2010-12-14,152.0,152.3800048828125,149.89999389648438,152.25,91.20999908447266,91.72000122070312,90.69000244140625,91.45999908447266,398,-0.25,1.029998779296875,2010,0.0014494743870898663,0.010862850991924506,0.00021928547572147572,0.007847027609755752
2010-12-15,152.35000610351562,153.10000610351562,150.35000610351562,152.3000030517578,92.19999694824219,92.0999984741211,91.0,91.23999786376953,776,0.0500030517578125,1.0999984741210938,2010,0.0023026717336553926,0.010320570469186333,0.01085404970624615,0.00021928547572147572
2010-12-16,153.5,154.75,151.94000244140625,152.6999969482422,91.70999908447266,92.29000091552734,91.81999969482422,91.81999969482422,213,0.8000030517578125,0.470001220703125,2010,0.00754836790556479,0.010397926042882841,-0.005314510628938507,0.01085404970624615
2010-12-17,154.1999969482422,154.5,152.22000122070312,154.35000610351562,91.66999816894531,92.37000274658203,90.9800033569336,91.4000015258789,417,-0.1500091552734375,1.3899993896484375,2010,0.004560240705160812,0.010418817505376357,-0.00043616744004648655,-0.005314510628938507
2010-12-20,153.2100067138672,154.6999969482422,152.63999938964844,154.3000030517578,92.73999786376953,92.88999938964844,91.05000305175781,91.70999908447266,420,-1.089996337890625,1.839996337890625,2010,-0.006420170259194613,0.01050327894915801,0.011672299729429847,-0.00043616744004648655
2010-12-21,154.25,154.75,152.72000122070312,154.5,93.19999694824219,93.4000015258789,92.36000061035156,92.77999877929688,349,-0.25,1.0400009155273438,2010,0.006788024545127058,0.01031911159140823,0.004960093757478523,0.011672299729429847
2010-12-22,153.89999389648438,154.1999969482422,150.52000427246094,154.0,93.6500015258789,93.91999816894531,93.27999877929688,93.45999908447266,508,-0.100006103515625,0.6399993896484375,2010,-0.0022690833291126866,0.010115484841530659,0.00482837545463255,0.004960093757478523
2010-12-23,153.75,154.5,149.6199951171875,154.5,94.25,94.54000091552734,93.5,93.61000061035156,550,-0.75,1.0400009155273438,2010,-0.0009746192490771577,0.01009159297766168,0.006406817558409772,0.00482837545463255
2010-12-27,151.52000427246094,151.47999572753906,151.47999572753906,151.47999572753906,93.8499984741211,94.47000122070312,93.12000274658203,94.47000122070312,196,0.040008544921875,1.3499984741210938,2010,-0.01450403725228655,0.010465774086322257,-0.004244048019935387,0.006406817558409772
2010-12-28,153.5,154.5,151.47000122070312,151.47000122070312,94.37999725341797,94.4000015258789,93.76000213623047,94.04000091552734,155,2.029998779296875,0.6399993896484375,2010,0.013067553271571164,0.010358746804150895,0.005647296621352771,-0.004244048019935387
2010-12-29,154.5,153.5,151.22000122070312,153.1999969482422,94.13999938964844,94.36000061035156,93.66000366210938,93.86000061035156,269,1.3000030517578125,0.6999969482421875,2010,0.006514657980456029,0.010403099762404557,-0.00254288907346667,0.005647296621352771
2010-12-30,153.64999389648438,154.5,151.22000122070312,153.5,93.08999633789062,93.94999694824219,92.3499984741211,93.94999694824219,511,0.149993896484375,1.5999984741210938,2010,-0.0055016576279328655,0.010278305480772977,-0.011153633509299432,-0.00254288907346667
2010-12-31,151.89999389648438,154.5,149.86000061035156,151.6999969482422,94.75,95.12000274658203,92.20999908447266,92.41000366210938,266,0.1999969482421875,2.910003662109375,2010,-0.011389522092522752,0.010254110223209148,0.0178322454335913,-0.011153633509299432
2011-01-03,149.83999633789062,152.0500030517578,149.88999938964844,152.0,94.83999633789062,96.16000366210938,94.91000366210938,95.44999694824219,266,-2.160003662109375,1.25,2011,-0.013561538126180439,0.010241148735396142,0.0009498294236478522,0.0178322454335913
2011-01-04,152.0,152.39999389648438,150.1300048828125,152.3000030517578,93.52999877929688,95.3499984741211,92.5999984741211,95.22000122070312,586,-0.3000030517578125,2.75,2011,0.014415401193941246,0.010527783007409707,-0.013812712032659324,0.0009498294236478522
2011-01-05,152.3000030517578,152.35000610351562,150.27999877929688,152.25,95.5,95.69999694824219,92.41999816894531,93.43000030517578,1265,0.0500030517578125,3.279998779296875,2011,0.00197370428788024,0.0102432108966983,0.021062773937929213,-0.013812712032659324
2011-01-06,152.0,152.39999389648438,149.80999755859375,152.39999389648438,94.5199966430664,96.0199966430664,94.02999877929688,95.66000366210938,1439,-0.399993896484375,1.9899978637695312,2011,-0.001969816452701334,0.009837789228073391,-0.010261815255849127,0.021062773937929213
2011-01-07,152.0,152.1999969482422,149.80999755859375,152.1999969482422,93.33000183105469,94.56999969482422,92.69000244140625,94.56999969482422,772,-0.1999969482421875,1.8799972534179688,2011,0.0,0.009836782055560557,-0.01258987361696029,-0.010261815255849127
2011-01-10,150.47000122070312,152.75,150.4499969482422,152.75,95.69999694824219,95.80999755859375,94.05000305175781,94.12999725341797,851,-2.279998779296875,1.7599945068359375,2011,-0.010065781442742616,0.010020464579382002,0.025393711247082784,-0.01258987361696029
2011-01-11,152.60000610351562,153.1999969482422,150.27999877929688,152.85000610351562,97.61000061035156,97.80000305175781,96.20999908447266,96.33999633789062,1355,-0.25,1.5900039672851562,2011,0.01415567797921602,0.010346405950785046,0.019958241619823403,0.025393711247082784
2011-01-12,150.0500030517578,152.89999389648438,149.83999633789062,149.83999633789062,98.12000274658203,98.83000183105469,97.80999755859375,97.80999755859375,503,0.2100067138671875,1.0200042724609375,2011,-0.016710373196368256,0.010796509943831998,0.005224896353257291,0.019958241619823403
2011-01-13,148.4600067138672,153.60000610351562,151.33999633789062,152.39999389648438,98.05999755859375,98.62999725341797,97.81999969482422,98.23999786376953,391,-3.9399871826171875,0.80999755859375,2011,-0.01059644322261144,0.010925536577796288,-0.0006115489839850774,0.005224896353257291
2011-01-18,153.5850067138672,153.1999969482422,150.0,153.1999969482422,97.80000305175781,98.19000244140625,96.6500015258789,98.0999984741211,445,0.385009765625,1.5400009155273438,2011,0.03452108155887146,0.01265344776021975,-0.002651381942780362,-0.0006115489839850774
2011-01-19,152.25,152.39999389648438,150.1300048828125,152.35000610351562,98.16000366210938,98.55000305175781,97.62999725341797,98.26000213623047,369,-0.100006103515625,0.9200057983398438,2011,-0.008692298437401158,0.012764524406952365,0.003680987721043749,-0.002651381942780362
2011-01-20,152.25,152.60000610351562,150.52999877929688,152.5500030517578,96.58000183105469,97.79000091552734,95.5999984741211,97.79000091552734,804,-0.3000030517578125,2.19000244140625,2011,0.0,0.011751201293331055,-0.016096187572419374,0.003680987721043749
2011-01-21,150.7899932861328,150.89999389648438,149.77000427246094,150.88999938964844,97.5999984741211,97.81999969482422,96.58999633789062,96.58999633789062,675,-0.100006103515625,1.2300033569335938,2011,-0.009589535066451105,0.01059385324144833,0.010561157835248913,-0.016096187572419374
2011-01-24,149.72000122070312,152.5,150.22000122070312,152.3000030517578,96.61000061035156,98.0199966430664,96.33000183105469,97.9000015258789,683,-2.5800018310546875,1.6899948120117188,2011,-0.007095908966580522,0.010664534648642735,-0.010143420893925836,0.010561157835248913
2011-01-27,151.75,151.9600067138672,149.75999450683594,149.75999450683594,97.38999938964844,98.94999694824219,97.11000061035156,97.6500015258789,1752,1.9900054931640625,1.839996337890625,2011,0.013558634536106062,0.010915845928427183,0.008073685688532173,-0.010143420893925836
2011-01-28,151.82000732421875,152.07000732421875,149.82000732421875,152.07000732421875,99.41999816894531,99.55000305175781,97.05999755859375,98.0,2302,-0.25,2.4900054931640625,2011,0.00046133327327013696,0.010909342287307907,0.020844016757562978,0.008073685688532173
2011-01-31,151.10000610351562,152.60000610351562,150.05999755859375,152.60000610351562,101.01000213623047,101.66999816894531,98.55999755859375,99.41999816894531,1505,-1.5,3.1100006103515625,2011,-0.00474246598582706,0.01093981392836794,0.015992798195220814,0.020844016757562978
2011-02-01,151.89999389648438,152.3000030517578,150.0399932861328,152.0,101.73999786376953,102.04000091552734,100.41999816894531,100.48999786376953,1352,-0.100006103515625,1.6200027465820312,2011,0.0052944259474132505,0.01098094373674834,0.007226964776760658,0.015992798195220814
2011-02-02,152.25,152.39999389648438,150.1999969482422,152.3000030517578,102.33999633789062,102.44999694824219,101.33000183105469,101.9800033569336,1008,-0.0500030517578125,1.1199951171875,2011,0.0023041877391656307,0.010980954531218319,0.005897370618431763,0.007226964776760658
2011-02-03,152.10000610351562,152.5500030517578,150.0399932861328,152.39999389648438,101.76000213623047,103.45999908447266,101.44999694824219,103.45999908447266,722,-0.29998779296875,2.0100021362304688,2011,-0.0009851815861042779,0.010889791630658487,-0.005667326777550552,0.005897370618431763
2011-02-04,152.60000610351562,152.4499969482422,150.22999572753906,152.4499969482422,99.83000183105469,102.12000274658203,99.47000122070312,101.55999755859375,1085,0.1500091552734375,2.6500015258789062,2011,0.0032873108477045054,0.01087287573707455,-0.01896619756937512,-0.005667326777550552
2011-02-07,150.74000549316406,152.60000610351562,150.1999969482422,152.4499969482422,99.25,100.81999969482422,98.94000244140625,100.52999877929688,1008,-1.709991455078125,1.8799972534179688,2011,-0.012188732214662101,0.011034811436882315,-0.005809895025708278,-0.01896619756937512
2011-02-08,152.5,152.60000610351562,150.49000549316406,152.5500030517578,99.91999816894531,100.3499984741211,97.55999755859375,98.97000122070312,2279,-0.0500030517578125,2.7900009155273438,2011,0.011675696183490958,0.011180981779989167,0.0067506112740081115,-0.005809895025708278
2011-02-09,152.60000610351562,152.3000030517578,150.16000366210938,152.3000030517578,101.81999969482422,102.0999984741211,100.30000305175781,100.30000305175781,5013,0.3000030517578125,1.7999954223632812,2011,0.0006557777279712074,0.011176153397991393,0.01901522778919973,0.0067506112740081115
2011-02-10,151.89999389648438,152.25,150.1300048828125,152.14999389648438,100.87000274658203,102.81999969482422,100.5999984741211,101.97000122070312,1049,-0.25,2.220001220703125,2011,-0.0045872357734796365,0.011203961955529262,-0.00933016058819025,0.01901522778919973
2011-02-11,152.0500030517578,152.4199981689453,150.19000244140625,152.14999389648438,101.43000030517578,102.0,100.7699966430664,101.41999816894531,754,-0.0999908447265625,1.2300033569335938,2011,0.0009875520822975048,0.01088113701779843,0.005551675853530558,-0.00933016058819025
2011-02-14,149.8699951171875,150.22000122070312,150.22000122070312,150.22000122070312,103.08000183105469,104.27999877929688,101.08000183105469,101.69999694824219,955,-0.350006103515625,3.1999969482421875,2011,-0.014337440912962296,0.010911613489387663,0.016267391510544238,0.005551675853530558
2011-02-15,152.39999389648438,150.22999572753906,150.22999572753906,150.22999572753906,101.63999938964844,103.69999694824219,101.31999969482422,103.44000244140625,1325,2.1699981689453125,2.3799972534179688,2011,0.01688128952909218,0.01130629878450416,-0.013969755683225338,0.016267391510544238
2011-02-16,150.22999572753906,152.0,150.33999633789062,150.33999633789062,103.77999877929688,104.4800033569336,101.62999725341797,101.62999725341797,940,-0.1100006103515625,2.850006103515625,2011,-0.014238833699817932,0.011552240098533773,0.02105469699428575,-0.013969755683225338
2011-02-17,152.25,153.13999938964844,150.5800018310547,152.39999389648438,102.58999633789062,104.26000213623047,102.4800033569336,104.25,1104,-0.149993896484375,1.779998779296875,2011,0.013446078212798973,0.011648237550976138,-0.011466587544840534,0.02105469699428575
2011-02-18,153.10000610351562,153.75,150.10000610351562,152.75,102.5199966430664,103.4800033569336,100.94999694824219,102.80000305175781,1687,0.350006103515625,2.5300064086914062,2011,0.005582962913074807,0.011393231720864976,-0.0006823247618965578,-0.011466587544840534
2011-02-22,153.97000122070312,153.97000122070312,151.72999572753906,153.97000122070312,105.77999877929688,108.58000183105469,103.98999786376953,104.41999816894531,1617,0.0,4.590003967285156,2011,0.005682528298524447,0.011141620137314859,0.031798695308004055,-0.0006823247618965578
2011-02-23,153.64999389648438,153.9499969482422,150.64999389648438,153.9499969482422,111.25,112.0,107.0,107.0,2032,-0.3000030517578125,5.0,2011,-0.0020783744994588016,0.011147559722131991,0.05171111064309919,0.031798695308004055
2011-02-24,152.50999450683594,153.0,150.86000061035156,152.50999450683594,111.36000061035156,118.02999877929688,109.87000274658203,112.19999694824219,2335,0.0,8.159996032714844,2011,-0.00741945613363626,0.011230822241843762,0.0009887695312500444,0.05171111064309919
2011-02-25,153.02000427246094,153.39999389648438,150.85000610351562,152.86000061035156,112.13999938964844,113.69999694824219,111.11000061035156,111.94000244140625,746,0.160003662109375,2.589996337890625,2011,0.003344107166708632,0.011245639992470951,0.007004299344663956,0.0009887695312500444
2011-02-28,152.5,153.25,151.11000061035156,152.5,111.80000305175781,114.44000244140625,111.55000305175781,114.19999694824219,840,0.0,2.8899993896484375,2011,-0.003398276421003321,0.011098977371208763,-0.0030318917401565004,0.007004299344663956
2011-03-01,153.25,153.39999389648438,151.3000030517578,153.25,115.41999816894531,116.69999694824219,111.94000244140625,112.37000274658203,1160,0.0,4.7599945068359375,2011,0.004918032786885185,0.010832165286612535,0.032379204099946435,-0.0030318917401565004
2011-03-02,153.39999389648438,153.67999267578125,151.57000732421875,153.35000610351562,116.3499984741211,117.80999755859375,115.16000366210938,116.0999984741211,2052,0.04998779296875,2.649993896484375,2011,0.0009787529950040508,0.010350785636171006,0.008057531796305417,0.032379204099946435
2011-03-03,153.6999969482422,154.1999969482422,153.4499969482422,153.4499969482422,114.79000091552734,116.5,113.7300033569336,116.5,1958,0.25,2.7699966430664062,2011,0.001955691419129213,0.010125997525049224,-0.01340780042159373,0.008057531796305417
2011-03-04,154.3000030517578,154.22999572753906,151.8300018310547,154.1999969482422,115.97000122070312,116.4800033569336,115.23999786376953,116.12000274658203,1072,0.100006103515625,1.2400054931640625,2011,0.0039037483111836746,0.007964746125416075,0.010279643660288329,-0.01340780042159373
2011-03-07,154.1999969482422,154.25,152.0500030517578,154.25,115.04000091552734,117.9000015258789,114.69000244140625,116.30000305175781,1859,-0.0500030517578125,3.2099990844726562,2011,-0.0006481276833292249,0.007789031315213499,-0.00801931788726895,0.010279643660288329
2011-03-08,154.25,154.2899932861328,152.07000732421875,154.2899932861328,113.05999755859375,114.8499984741211,112.25,113.8499984741211,1653,-0.0399932861328125,2.5999984741210938,2011,0.00032427401262924427,0.007788605097292825,-0.017211433772392648,-0.00801931788726895
2011-03-09,154.17999267578125,154.39999389648438,152.11000061035156,154.17999267578125,115.94000244140625,116.12000274658203,112.98999786376953,112.98999786376953,2496,0.0,3.1300048828125,2011,-0.0004538562348055386,0.007557110783339891,0.025473243808624035,-0.017211433772392648
2011-03-10,154.0500030517578,154.89999389648438,152.5500030517578,154.1999969482422,115.43000030517578,116.5,113.54000091552734,116.5,2094,-0.149993896484375,2.9599990844726562,2011,-0.0008431030626443459,0.007417656560656462,-0.004398845312153732,0.025473243808624035
2011-03-11,154.89999389648438,155.39999389648438,153.16000366210938,154.89999389648438,113.83999633789062,115.62000274658203,112.41000366210938,115.30999755859375,1526,0.0,3.2099990844726562,2011,0.0055176295221557314,0.007085190539078021,-0.01377461633094934,-0.004398845312153732
2011-03-14,151.6699981689453,155.25,152.94000244140625,155.25,113.66999816894531,113.9800033569336,111.41999816894531,111.41999816894531,1746,-3.5800018310546875,2.5600051879882812,2011,-0.020852135925180093,0.008105961117146569,-0.0014933079270377236,-0.01377461633094934
2011-03-15,155.10000610351562,156.10000610351562,153.64999389648438,155.25,108.5199966430664,113.54000091552734,108.08000183105469,113.41000366210938,1085,-0.149993896484375,5.459999084472656,2011,0.022614940172608344,0.009039280208818239,-0.04530660340316506,-0.0014933079270377236
2011-03-16,155.60000610351562,156.5500030517578,154.25999450683594,156.0,110.62000274658203,111.0999984741211,110.25,110.37000274658203,1596,-0.399993896484375,0.8499984741210938,2011,0.00322372650112146,0.00901251920867165,0.01935132849683696,-0.04530660340316506
2011-03-18,156.97999572753906,157.14999389648438,153.4499969482422,156.97999572753906,113.93000030517578,116.33000183105469,113.08999633789062,116.0,1686,0.0,3.2400054931640625,2011,0.008868827570002624,0.009128201634488608,0.029922233560024214,0.01935132849683696
2011-03-21,152.92999267578125,155.9499969482422,152.94000244140625,152.94000244140625,114.95999908447266,116.0,114.69999694824219,114.9800033569336,705,-0.010009765625,1.3000030517578125,2011,-0.025799485042585668,0.010360988053154373,0.009040628250135185,0.029922233560024214
2011-03-22,153.2899932861328,155.9499969482422,152.94000244140625,152.94000244140625,115.69999694824219,115.98999786376953,114.23999786376953,114.56999969482422,650,0.3499908447265625,1.75,2011,0.002354022282043733,0.010352900441675904,0.006437003041603884,0.009040628250135185
2011-03-23,154.60000610351562,156.0800018310547,152.52000427246094,154.4499969482422,115.55000305175781,116.33000183105469,115.18000030517578,115.69999694824219,818,0.1500091552734375,1.1500015258789062,2011,0.008545977394216031,0.010187957780916634,-0.0012964036338866114,0.006437003041603884
2011-03-24,155.0,156.0800018310547,153.61000061035156,156.0800018310547,115.72000122070312,115.8499984741211,114.54000091552734,115.5999984741211,1117,-1.0800018310546875,1.30999755859375,2011,0.0025872825400572452,0.009989477291476992,0.0014712086928216905,-0.0012964036338866114
2011-03-25,155.75,156.0,153.0399932861328,155.6999969482422,115.58999633789062,116.08000183105469,115.2699966430664,115.80000305175781,872,0.0500030517578125,0.8100051879882812,2011,0.004838709677419395,0.010019565877128276,-0.0011234434967257734,0.0014712086928216905
2011-03-28,153.83999633789062,155.60000610351562,153.27999877929688,154.08999633789062,114.80000305175781,115.81999969482422,114.54000091552734,114.93000030517578,528,-0.25,1.279998779296875,2011,-0.0122632658883427,0.010255271355365725,-0.006834443387501388,-0.0011234434967257734
2011-03-30,155.60000610351562,156.0,153.9499969482422,155.75,115.12999725341797,115.29000091552734,114.94000244140625,115.29000091552734,586,-0.149993896484375,0.34999847412109375,2011,0.011440521369744161,0.01044906066872346,0.002874513875329665,-0.006834443387501388
2011-03-31,155.0,155.1999969482422,152.83999633789062,153.17999267578125,117.36000061035156,117.43000030517578,116.18000030517578,116.18000030517578,853,1.82000732421875,1.25,2011,-0.0038560802055268573,0.010093878848831804,0.01936943811459524,0.002874513875329665
2011-04-01,155.0500030517578,154.8000030517578,152.19000244140625,153.25,118.69999694824219,118.8499984741211,116.83999633789062,117.79000091552734,896,1.8000030517578125,2.0100021362304688,2011,0.00032260033392139675,0.009648125165114598,0.011417828313920797,0.01936943811459524
2011-04-04,151.30999755859375,155.14999389648438,153.0500030517578,155.14999389648438,121.05999755859375,121.30000305175781,119.05000305175781,119.05000305175781,961,-3.839996337890625,2.25,2011,-0.02412128616286191,0.01031836953680662,0.01988206125549108,0.011417828313920797
2011-04-05,153.05999755859375,153.8000030517578,151.83999633789062,153.3000030517578,122.22000122070312,122.81999969482422,120.19999694824219,120.47000122070312,1512,-0.2400054931640625,2.6200027465820312,2011,0.011565660090122831,0.010241120838330824,0.009582055885536622,0.01988206125549108
2011-04-06,152.5,153.9499969482422,151.74000549316406,153.8000030517578,122.30000305175781,123.37000274658203,121.55000305175781,122.0999984741211,929,-1.3000030517578125,1.8199996948242188,2011,-0.003658680043943985,0.0102134423252337,0.0006545723306794482,0.009582055885536622
2011-04-07,151.5,154.10000610351562,151.66000366210938,151.66000366210938,122.66999816894531,122.9000015258789,121.4000015258789,122.37000274658203,1326,-0.160003662109375,1.5,2011,-0.006557377049180357,0.010219773600137283,0.003025307505764463,0.0006545723306794482
2011-04-08,154.25,155.14999389648438,150.9199981689453,154.3000030517578,126.6500015258789,126.87000274658203,122.9000015258789,122.9000015258789,1320,-0.0500030517578125,3.970001220703125,2011,0.018151815181518094,0.01076416075204799,0.03244479837239589,0.003025307505764463
2011-04-11,154.3000030517578,154.80999755859375,152.83999633789062,154.64999389648438,123.9800033569336,127.30000305175781,123.69999694824219,126.80000305175781,1380,-0.3499908447265625,3.600006103515625,2011,0.0003241688930815112,0.010667905785902864,-0.02108170656752606,0.03244479837239589
2011-04-12,154.82000732421875,155.25,152.75999450683594,153.49000549316406,120.91999816894531,125.0999984741211,120.58999633789062,125.0999984741211,1362,1.3300018310546875,4.510002136230469,2011,0.003370085950591406,0.010668150344639903,-0.02468144140292239,-0.02108170656752606
2011-04-13,155.0500030517578,155.10000610351562,153.14999389648438,155.0,122.87999725341797,122.36000061035156,121.5,121.55999755859375,1128,0.0500030517578125,0.8600006103515625,2011,0.0014855685096140103,0.010644715226459909,0.016209056517964893,-0.02468144140292239
2011-04-14,153.25,155.10000610351562,153.11000061035156,153.19000244140625,122.36000061035156,122.9000015258789,122.5999984741211,122.5999984741211,934,0.05999755859375,0.3000030517578125,2011,-0.011609177789934977,0.010839845874807755,-0.004231743609124705,0.016209056517964893
2011-04-18,153.16000366210938,154.5500030517578,152.41000366210938,154.3000030517578,121.61000061035156,122.69999694824219,121.06999969482422,122.69999694824219,825,-1.1399993896484375,1.6299972534179688,2011,-0.0005872517970024749,0.010839024854722889,-0.006129454039382809,-0.004231743609124705
2011-04-19,154.6999969482422,154.8000030517578,152.2899932861328,154.8000030517578,121.33000183105469,122.22000122070312,119.2699966430664,121.23999786376953,1099,-0.100006103515625,2.9500045776367188,2011,0.010054800530889585,0.010989114645992627,-0.0023024321839616446,-0.006129454039382809
2011-04-21,154.39999389648438,154.6999969482422,151.72000122070312,154.63999938964844,123.98999786376953,124.4000015258789,123.19999694824219,124.33000183105469,966,-0.2400054931640625,1.2000045776367188,2011,-0.0019392569985517971,0.010974348690817301,0.021923646192791857,-0.0023024321839616446
2011-04-25,153.25999450683594,154.64999389648438,154.6300048828125,154.6300048828125,123.66000366210938,124.70999908447266,122.87000274658203,124.63999938964844,326,-1.3700103759765625,1.839996337890625,2011,-0.007383416027935463,0.011058332018405075,-0.00266145824135533,0.021923646192791857
2011-04-26,154.64999389648438,154.75,152.75,154.5800018310547,124.13999938964844,124.30999755859375,123.56999969482422,124.01000213623047,1089,0.0699920654296875,0.7399978637695312,2011,0.009069551347181015,0.011185648819466418,0.003881576203495829,-0.00266145824135533
2011-04-27,154.75,154.39999389648438,152.07000732421875,152.07000732421875,125.12999725341797,125.4800033569336,123.69000244140625,123.97000122070312,912,2.67999267578125,1.7900009155273438,2011,0.0006466608953283881,0.011185414758378741,0.007974849916521531,0.003881576203495829
2011-04-28,154.27999877929688,154.75,150.63999938964844,154.27999877929688,125.0199966430664,126.19000244140625,124.25,125.73999786376953,796,0.0,1.94000244140625,2011,-0.003037164592588848,0.01119952420158785,-0.0008790906478547411,0.007974849916521531
2011-04-29,154.10000610351562,154.64999389648438,151.8699951171875,151.8800048828125,125.88999938964844,126.02999877929688,125.0,125.0,582,2.220001220703125,1.029998779296875,2011,-0.0011666624138281234,0.011154644959234187,0.00695890873414351,-0.0008790906478547411
2011-05-02,153.25,154.3000030517578,152.32000732421875,152.5,125.12000274658203,126.11000061035156,123.76000213623047,125.5,667,0.75,2.3499984741210938,2011,-0.0055159381560611065,0.010503813473661314,-0.006116424233851614,0.00695890873414351
2011-05-03,154.3000030517578,154.8000030517578,152.58999633789062,152.9199981689453,122.44999694824219,124.12999725341797,121.80999755859375,123.80000305175781,1289,1.3800048828125,2.3199996948242188,2011,0.006851569668892665,0.009719120083275568,-0.021339559940289243,-0.006116424233851614
2011-05-04,153.75,154.86000061035156,152.24000549316406,154.8000030517578,121.19000244140625,123.01000213623047,120.56999969482422,123.01000213623047,829,-1.0500030517578125,2.44000244140625,2011,-0.003564504477510111,0.009717453364620888,-0.010289869646697647,-0.021339559940289243
2011-05-05,154.5,154.89999389648438,152.6999969482422,154.64999389648438,110.80000305175781,118.22000122070312,110.37999725341797,118.22000122070312,1969,-0.149993896484375,7.840003967285156,2011,0.004878048780487809,0.009613623933816984,-0.08573313953576212,-0.010289869646697647
2011-05-06,154.89999389648438,155.4499969482422,153.1300048828125,154.9499969482422,109.12999725341797,114.0999984741211,108.3499984741211,111.69000244140625,2944,-0.0500030517578125,5.75,2011,0.0025889572587984855,0.008350173202526638,-0.015072254082517778,-0.08573313953576212
2011-05-09,155.1999969482422,155.75,153.35000610351562,154.50999450683594,115.9000015258789,115.94999694824219,110.61000061035156,110.61000061035156,1184,0.69000244140625,5.339996337890625,2011,0.001936753154156312,0.008347257451600833,0.062036144441018015,-0.015072254082517778
2011-05-10,155.75,156.1999969482422,153.6699981689453,155.75,117.62999725341797,117.80000305175781,114.61000061035156,114.61000061035156,1082,0.0,3.19000244140625,2011,0.0035438341660614103,0.00822901431807515,0.014926623854726762,0.062036144441018015
2011-05-11,156.1999969482422,156.89999389648438,154.8699951171875,156.1999969482422,112.56999969482422,116.94000244140625,112.68000030517578,116.94000244140625,2908,0.0,4.260002136230469,2011,0.0028892259919242047,0.008232117842984955,-0.04301621760385377,0.014926623854726762
2011-05-12,156.85000610351562,157.0500030517578,154.3699951171875,157.0,112.9800033569336,113.2699966430664,110.87999725341797,110.87999725341797,2746,-0.149993896484375,2.3899993896484375,2011,0.00416139031992957,0.008220132357761974,0.0036422107419462613,-0.04301621760385377
2011-05-13,156.60000610351562,156.5,154.44000244140625,156.5,113.83000183105469,114.05000305175781,111.9000015258789,112.05000305175781,628,0.100006103515625,2.1500015258789062,2011,-0.0015938794406868961,0.00788319809521108,0.007523441749560877,0.0036422107419462613
2011-05-16,156.25,155.85000610351562,153.77000427246094,155.35000610351562,112.7300033569336,113.73999786376953,113.19999694824219,113.33000183105469,462,0.899993896484375,0.5400009155273438,2011,-0.0022350325023886564,0.007627345539293236,-0.009663519778851493,0.007523441749560877
2011-05-17,155.5500030517578,155.75,153.52000427246094,155.5,109.98999786376953,111.33999633789062,108.63999938964844,111.23999786376953,462,0.0500030517578125,2.6999969482421875,2011,-0.004479980468749978,0.007639534388817848,-0.02430591157252493,-0.009663519778851493
2011-05-18,153.39999389648438,156.60000610351562,152.75,155.6999969482422,112.30000305175781,113.04000091552734,111.05999755859375,111.7300033569336,287,-2.3000030517578125,1.9800033569335938,2011,-0.013821980797763422,0.00805354251275511,0.021001956840197344,-0.02430591157252493
2011-05-19,156.5800018310547,156.85000610351562,154.3800048828125,154.3800048828125,111.41999816894531,112.88999938964844,111.73999786376953,112.11000061035156,246,2.1999969482421875,1.1500015258789062,2011,0.020730169889812355,0.007635983694990636,-0.007836196428302133,0.021001956840197344
2011-05-20,156.5,156.85000610351562,153.57000732421875,156.5800018310547,112.38999938964844,112.66000366210938,109.3499984741211,111.5999984741211,416,-0.0800018310546875,3.3100051879882812,2011,-0.0005109326230625655,0.007383186478706575,0.008705808980828733,-0.007836196428302133
2011-05-23,154.55999755859375,156.5500030517578,154.39999389648438,154.39999389648438,110.0999984741211,110.37999725341797,109.33000183105469,109.5,423,0.160003662109375,1.0499954223632812,2011,-0.012396181734225187,0.007728086632049811,-0.02037548650203358,0.008705808980828733
2011-05-24,156.39999389648438,156.9499969482422,154.72000122070312,156.60000610351562,112.52999877929688,112.68000030517578,110.48999786376953,110.72000122070312,398,-0.20001220703125,2.19000244140625,2011,0.011904738399035608,0.007882231486796188,0.022070847764334545,-0.02037548650203358
2011-05-25,156.89999389648438,157.5,155.10000610351562,155.41000366210938,114.93000030517578,115.0199966430664,111.23999786376953,112.45999908447266,768,1.489990234375,3.779998779296875,2011,0.0031969310710520116,0.007210342507641429,0.021327659752187422,0.022070847764334545
2011-05-26,157.5,157.14999389648438,154.72000122070312,157.14999389648438,115.05000305175781,115.36000061035156,114.26000213623047,114.5,579,0.350006103515625,1.0999984741210938,2011,0.0038241308276372177,0.007234118132653963,0.0010441377035010913,0.021327659752187422
2011-05-27,156.5500030517578,156.75,154.75999450683594,156.75,115.02999877929688,115.54000091552734,114.48999786376953,115.54000091552734,498,-0.1999969482421875,1.0500030517578125,2011,-0.006031726655505998,0.007318055695831243,-0.00017387459304918362,0.0010441377035010913
2011-05-31,156.60000610351562,156.60000610351562,154.13999938964844,156.60000610351562,116.7300033569336,116.86000061035156,114.62999725341797,114.62999725341797,696,0.0,2.2300033569335938,2011,0.0003194062649827245,0.0073151668858361845,0.014778793320674888,-0.00017387459304918362
2011-06-01,156.14999389648438,156.0,154.11000061035156,154.11000061035156,114.52999877929688,116.16000366210938,114.5,115.97000122070312,537,2.0399932861328125,1.660003662109375,2011,-0.0028736410567812287,0.00698899304372752,-0.018846950350113523,0.014778793320674888
2011-06-02,156.14999389648438,156.0,153.74000549316406,154.2899932861328,115.54000091552734,115.66999816894531,113.80000305175781,114.3499984741211,879,1.8600006103515625,1.8699951171875,2011,0.0,0.006986234054769486,0.008818668881475977,-0.018846950350113523
2011-06-03,155.39999389648438,155.8000030517578,153.24000549316406,155.5,115.83999633789062,116.16000366210938,113.58999633789062,114.94000244140625,902,-0.100006103515625,2.57000732421875,2011,-0.004803074155079301,0.006822590308386062,0.0025964637353830256,0.008818668881475977
2011-06-06,151.6999969482422,155.0500030517578,151.64999389648438,155.0500030517578,114.4800033569336,115.55000305175781,114.1500015258789,114.9000015258789,443,-3.350006103515625,1.4000015258789062,2011,-0.023809505106588635,0.008104142884377762,-0.011740271270296865,0.0025964637353830256
2011-06-07,155.0,155.25,153.10000610351562,154.9499969482422,116.77999877929688,117.05999755859375,114.87999725341797,115.48999786376953,1104,0.0500030517578125,2.1800003051757812,2011,0.021753481332525748,0.008958605804835248,0.020090804987070054,-0.011740271270296865
2011-06-08,155.1999969482422,155.22999572753906,153.10000610351562,155.14999389648438,117.8499984741211,118.56999969482422,116.1500015258789,116.19999694824219,1192,0.0500030517578125,2.4199981689453125,2011,0.0012903028918851422,0.008810831896763826,0.009162525312630176,0.020090804987070054
2011-06-09,155.0,155.25,152.9199981689453,153.08999633789062,119.56999969482422,119.5999984741211,117.62999725341797,118.4000015258789,609,1.910003662109375,1.970001220703125,2011,-0.0012886401557654636,0.008814198575829966,0.014594834475800456,0.009162525312630176
2011-06-10,154.60000610351562,155.39999389648438,153.05999755859375,154.24000549316406,118.77999877929688,119.38999938964844,117.66000366210938,119.19000244140625,910,0.3600006103515625,1.7299957275390625,2011,-0.0025806057837701735,0.0088090032465875,-0.006607016120629305,0.014594834475800456
2011-06-13,154.1300048828125,156.17999267578125,153.77000427246094,154.41000366210938,119.0999984741211,120.05999755859375,117.30000305175781,118.52999877929688,1241,-0.279998779296875,2.7599945068359375,2011,-0.003040111268743595,0.008824966622288944,0.0026940536968584894,-0.006607016120629305
2011-06-14,156.25,156.89999389648438,153.02999877929688,156.14999389648438,120.16000366210938,120.70999908447266,119.88999938964844,119.95999908447266,885,0.100006103515625,0.8199996948242188,2011,0.013754590605504546,0.00910325038993487,0.00890012763701753,0.0026940536968584894
2011-06-15,156.6999969482422,156.77999877929688,154.5500030517578,156.5500030517578,117.0999984741211,118.44999694824219,117.87999725341797,118.44999694824219,972,0.149993896484375,0.5699996948242188,2011,0.002879980468750043,0.009039154323457314,-0.02546608767250902,0.00890012763701753
2011-06-16,156.39999389648438,156.8000030517578,154.64999389648438,156.8000030517578,114.0199966430664,114.44000244140625,113.12000274658203,113.7300033569336,665,-0.4000091552734375,1.3199996948242188,2011,-0.0019145057919618402,0.009018225743960526,-0.026302321701014875,-0.02546608767250902
2011-06-17,156.64999389648438,156.5500030517578,154.52999877929688,156.35000610351562,113.20999908447266,113.79000091552734,111.87999725341797,112.91000366210938,859,0.29998779296875,1.910003662109375,2011,0.0015984655355258948,0.008984507129776062,-0.0071039956362163315,-0.026302321701014875
2011-06-20,156.60000610351562,156.60000610351562,154.57000732421875,155.0800018310547,111.69000244140625,112.54000091552734,111.5,112.06999969482422,667,1.5200042724609375,1.0400009155273438,2011,-0.00031910497871956434,0.008976873614148123,-0.013426346218166185,-0.0071039956362163315
2011-06-21,156.5,156.60000610351562,153.22999572753906,156.60000610351562,110.94999694824219,112.5,110.0,112.38999938964844,1160,-0.100006103515625,2.5,2011,-0.0006386085543924613,0.008974012401305584,-0.006625530280136571,-0.013426346218166185
2011-06-22,156.5,156.6199951171875,154.3800048828125,156.4499969482422,114.20999908447266,114.31999969482422,110.9800033569336,110.9800033569336,1653,0.0500030517578125,3.339996337890625,2011,0.0,0.008953372047744415,0.029382624839108917,-0.006625530280136571
2011-06-23,156.5,156.75,154.33999633789062,156.47999572753906,107.26000213623047,113.20999908447266,105.80000305175781,113.20999908447266,1434,0.0200042724609375,7.409996032714844,2011,0.0,0.008938962343958728,-0.060852788757154164,0.029382624839108917
2011-06-24,156.5,156.75,154.5800018310547,155.60000610351562,105.12000274658203,108.44999694824219,103.72000122070312,108.44999694824219,850,0.899993896484375,4.7299957275390625,2011,0.0,0.008906033137446817,-0.019951513584070546,-0.060852788757154164
2011-06-27,154.86000061035156,155.89999389648438,154.1699981689453,155.89999389648438,105.98999786376953,106.75,102.4000015258789,104.91999816894531,672,-1.0399932861328125,4.349998474121094,2011,-0.0104792293268271,0.009105141813341395,0.008276209041630622,-0.019951513584070546
2011-06-28,154.14999389648438,154.3000030517578,152.02000427246094,154.1699981689453,108.77999877929688,108.81999969482422,106.80000305175781,107.26000213623047,537,-0.0200042724609375,2.0199966430664062,2011,-0.004584829594916906,0.009132140891502126,0.026323247209735445,0.008276209041630622
2011-06-29,154.0,154.0,151.86000061035156,153.8000030517578,112.4000015258789,112.58000183105469,108.9800033569336,108.9800033569336,756,0.1999969482421875,3.5999984741210938,2011,-0.0009730386144880532,0.009100646094935506,0.03327820175772045,0.026323247209735445
2011-06-30,153.5,153.60000610351562,149.75999450683594,153.60000610351562,112.4800033569336,112.91999816894531,111.41999816894531,112.0199966430664,598,-0.100006103515625,1.5,2011,-0.0032467532467532756,0.00875689106202614,0.0007117600531016954,0.03327820175772045
2011-07-01,149.36000061035156,152.10000610351562,147.9199981689453,149.27000427246094,111.7699966430664,111.8499984741211,109.94000244140625,110.58000183105469,651,0.089996337890625,1.9099960327148438,2011,-0.0269706800628563,0.009193786059090618,-0.006312292786959772,0.0007117600531016954
2011-07-06,152.39999389648438,153.89999389648438,151.39999389648438,151.85000610351562,113.62000274658203,114.08000183105469,112.58000183105469,113.6500015258789,521,0.54998779296875,1.5,2011,0.020353463268010463,0.010025203590653111,0.016551902649004857,-0.006312292786959772
2011-07-07,152.39999389648438,153.39999389648438,151.25999450683594,153.3000030517578,118.58999633789062,118.25,114.19999694824219,114.19999694824219,986,-0.9000091552734375,4.0500030517578125,2011,0.0,0.009784877632886234,0.043742241429034934,0.016551902649004857
2011-07-08,153.1999969482422,153.1999969482422,150.97000122070312,153.1999969482422,118.33000183105469,119.79000091552734,117.18000030517578,118.0199966430664,966,0.0,2.6100006103515625,2011,0.00524936406691201,0.0095688111641825,-0.002192381439115265,0.043742241429034934
2011-07-11,151.02999877929688,152.2100067138672,149.99000549316406,152.1999969482422,117.23999786376953,118.12000274658203,115.37000274658203,116.62000274658203,1016,-1.1699981689453125,2.75,2011,-0.014164479191722368,0.009849364506139501,-0.009211560470026914,-0.002192381439115265
2011-07-12,153.0,151.89999389648438,149.57000732421875,151.44000244140625,117.75,117.80999755859375,115.30000305175781,115.44000244140625,682,1.55999755859375,2.5099945068359375,2011,0.013043774327125002,0.010151484802650225,0.004350069477339069,-0.009211560470026914
2011-07-14,152.10000610351562,152.5,150.19000244140625,152.44000244140625,118.31999969482422,118.75,118.19999694824219,118.33000183105469,610,-0.339996337890625,0.5500030517578125,2011,-0.005882313048917509,0.010148924669398996,0.00484076173948389,0.004350069477339069
2011-07-15,152.1999969482422,152.3000030517578,150.22000122070312,152.14999389648438,117.26000213623047,117.6500015258789,115.25,115.80000305175781,497,0.0500030517578125,2.4000015258789062,2011,0.0006574019770815287,0.010150525007631358,-0.008958735305339194,0.00484076173948389
2011-07-18,150.1199951171875,152.3000030517578,149.75,152.3000030517578,116.05000305175781,116.9000015258789,114.79000091552734,116.5,484,-2.1800079345703125,2.1100006103515625,2011,-0.0136662409511219,0.010410818273727248,-0.010318941347680521,-0.008958735305339194
2011-07-20,152.0500030517578,152.3000030517578,150.13999938964844,151.85000610351562,118.1500015258789,118.52999877929688,117.20999908447266,118.3499984741211,725,0.1999969482421875,1.3199996948242188,2011,0.012856434834438213,0.010724334457988656,0.018095634803081406,-0.010318941347680521
2011-07-21,150.19000244140625,152.14999389648438,149.47000122070312,149.47000122070312,117.51000213623047,119.04000091552734,116.94999694824219,118.3499984741211,540,0.720001220703125,2.0900039672851562,2011,-0.012232821920552084,0.010903520489447219,-0.005416837760330084,0.018095634803081406
2011-07-22,152.0,152.22000122070312,150.14999389648438,152.14999389648438,118.66999816894531,118.77999877929688,117.66999816894531,117.66999816894531,425,-0.149993896484375,1.1100006103515625,2011,0.012051385106674362,0.010273069293034173,0.009871466357136649,-0.005416837760330084
2011-07-25,150.52999877929688,152.25,150.02999877929688,151.97999572753906,117.94000244140625,118.16999816894531,117.12999725341797,117.98999786376953,419,-1.4499969482421875,1.0400009155273438,2011,-0.009671060662520548,0.009568785020177165,-0.006151476690003821,0.009871466357136649
2011-07-26,152.0,152.35000610351562,148.66000366210938,152.1999969482422,118.27999877929688,118.80000305175781,117.05000305175781,117.0999984741211,578,-0.1999969482421875,1.75,2011,0.009765503438676104,0.009759818390327225,0.0028827906634947276,-0.006151476690003821
2011-07-27,152.4199981689453,152.4499969482422,150.41000366210938,152.4199981689453,117.43000030517578,118.27999877929688,117.31999969482422,118.27999877929688,915,0.0,0.9599990844726562,2011,0.0027631458483243776,0.009778665337326242,-0.00718632467782776,0.0028827906634947276
2011-07-28,152.1999969482422,153.1999969482422,151.00999450683594,152.8000030517578,117.36000061035156,118.19000244140625,117.08999633789062,117.8499984741211,1446,-0.600006103515625,1.100006103515625,2011,-0.0014433881599924536,0.00977257627325788,-0.0005960972038006052,-0.00718632467782776
2011-07-29,153.0,153.3800048828125,150.19000244140625,152.97000122070312,116.73999786376953,117.05999755859375,115.80000305175781,116.5,631,0.029998779296875,1.2599945068359375,2011,0.0052562619434866065,0.009814783757913068,-0.00528291362779143,-0.0005960972038006052
2011-08-01,148.52999877929688,152.9499969482422,150.52000427246094,152.9499969482422,116.80999755859375,119.94999694824219,114.94000244140625,118.08999633789062,1488,-4.4199981689453125,5.0099945068359375,2011,-0.029215694252961555,0.010794831989166562,0.0005996204908784719,-0.00528291362779143
2011-08-02,152.1999969482422,152.5,149.57000732421875,150.1300048828125,116.45999908447266,118.22000122070312,115.91999816894531,116.25,835,2.0699920654296875,2.3000030517578125,2011,0.02470880090963057,0.011798411513703061,-0.002996305808032673,0.0005996204908784719
2011-08-03,152.1999969482422,152.5,148.86000061035156,152.39999389648438,113.2300033569336,115.80999755859375,113.26000213623047,115.80999755859375,905,-0.1999969482421875,2.5499954223632812,2011,0.0,0.011797931023853089,-0.027734808113781928,-0.002996305808032673
2011-08-04,152.49000549316406,152.49000549316406,149.92999267578125,150.02000427246094,107.25,113.5999984741211,107.06999969482422,113.38999938964844,1386,2.470001220703125,6.529998779296875,2011,0.0019054438287571251,0.011800251313541,-0.05281288686429608,-0.027734808113781928
2011-08-05,152.1999969482422,153.3000030517578,150.80999755859375,150.83999633789062,109.37000274658203,109.9000015258789,105.69000244140625,107.06999969482422,1324,1.3600006103515625,4.209999084472656,2011,-0.0019018200175412447,0.011801429902785961,0.019766925376056177,-0.05281288686429608
2011-08-08,152.1999969482422,153.3000030517578,148.9600067138672,152.3000030517578,103.73999786376953,106.91999816894531,103.47000122070312,106.8499984741211,1080,-0.100006103515625,3.4499969482421875,2011,0.0,0.011802459963340207,-0.05147668228424218,0.019766925376056177
2011-08-09,152.1999969482422,152.6999969482422,150.27000427246094,152.35000610351562,102.56999969482422,105.16999816894531,99.05999755859375,101.63999938964844,1756,-0.1500091552734375,6.1100006103515625,2011,0.0,0.011802459963340207,-0.011278178070542655,-0.05147668228424218
2011-08-10,152.64999389648438,153.8000030517578,149.3300018310547,149.39999389648438,106.68000030517578,106.58000183105469,103.66000366210938,104.37999725341797,1410,3.25,2.9199981689453125,2011,0.002956616013568114,0.011822222730429509,0.04007020203353817,-0.011278178070542655
2011-08-11,152.1999969482422,154.10000610351562,151.86000061035156,153.60000610351562,108.0199966430664,108.02999877929688,104.66999816894531,106.44000244140625,1058,-1.4000091552734375,3.3600006103515625,2011,-0.0029479002046167713,0.01182791914737057,0.012560895519847515,0.04007020203353817
2011-08-12,154.0800018310547,154.10000610351562,151.8000030517578,154.0,108.02999877929688,108.9000015258789,107.66999816894531,108.87999725341797,891,0.0800018310546875,1.2300033569335938,2011,0.012352200528964685,0.011921823791771247,9.259522811788656e-05,0.012560895519847515
2011-08-15,152.1999969482422,151.22999572753906,148.47999572753906,151.0399932861328,109.91000366210938,109.91999816894531,108.19999694824219,108.19999694824219,964,1.160003662109375,1.720001220703125,2011,-0.012201485335351148,0.01210040551697377,0.0174026187545675,9.259522811788656e-05
2011-08-17,153.44000244140625,153.6999969482422,151.00999450683594,153.58999633789062,110.5999984741211,111.62999725341797,110.58000183105469,110.7300033569336,572,-0.149993896484375,1.0499954223632812,2011,0.008147211025147039,0.012198467816875502,0.006277816295347627,0.0174026187545675
2011-08-18,153.5500030517578,153.5500030517578,151.80999755859375,151.80999755859375,106.98999786376953,109.26000213623047,106.47000122070312,109.26000213623047,1462,1.7400054931640625,2.7900009155273438,2011,0.0007168965628345791,0.012184098171295649,-0.03264015063432624,0.006277816295347627
2011-08-19,153.5,153.5,151.57000732421875,151.57000732421875,108.62000274658203,109.30000305175781,106.43000030517578,106.52999877929688,1062,1.92999267578125,2.8700027465820312,2011,-0.0003256466998633467,0.011063644090558426,0.015235114640230085,-0.03264015063432624
2011-08-22,150.6999969482422,155.89999389648438,150.6300048828125,153.5399932861328,108.36000061035156,108.08999633789062,105.33000183105469,106.3499984741211,1287,-2.839996337890625,2.7599945068359375,2011,-0.01824106222643529,0.01097567421902795,-0.0023936855980115634,0.015235114640230085
2011-08-23,155.10000610351562,155.89999389648438,153.35000610351562,155.89999389648438,109.30999755859375,110.0999984741211,107.51000213623047,108.8499984741211,1025,-0.79998779296875,2.589996337890625,2011,0.02919714163487752,0.012227689105965802,0.00876704450803989,-0.0023936855980115634
2011-08-24,155.4499969482422,155.8000030517578,151.5500030517578,155.75,110.1500015258789,110.7699966430664,109.19999694824219,109.5,3287,-0.3000030517578125,1.5699996948242188,2011,0.0022565495225896903,0.012201116334103345,0.007684603293810266,0.00876704450803989
2011-08-26,154.67999267578125,154.85000610351562,152.69000244140625,154.85000610351562,111.36000061035156,111.52999877929688,109.4000015258789,110.23999786376953,1719,-0.170013427734375,2.1299972534179688,2011,-0.004953388791106295,0.011930756114625716,0.010985011962876712,0.007684603293810266
2011-08-29,152.02999877929688,154.89999389648438,151.6300048828125,154.8000030517578,111.87999725341797,112.62999725341797,111.05999755859375,111.05999755859375,1153,-2.7700042724609375,1.5699996948242188,2011,-0.017132105132943276,0.012138808773601743,0.004669510059414295,0.010985011962876712
2011-08-30,154.6999969482422,152.75999450683594,152.75999450683594,152.75999450683594,114.0199966430664,114.19999694824219,111.4000015258789,111.4000015258789,800,1.94000244140625,2.7999954223632812,2011,0.017562311322657953,0.01250556161795758,0.01912763176782306,0.004669510059414295
2011-08-31,154.72000122070312,154.8000030517578,152.4199981689453,154.72000122070312,114.8499984741211,115.05999755859375,113.73999786376953,114.01000213623047,896,0.0,1.3199996948242188,2011,0.00012931010249239705,0.012505908953389515,0.007279440935724413,0.01912763176782306
2011-09-01,154.60000610351562,154.6999969482422,152.5399932861328,154.60000610351562,114.29000091552734,115.27999877929688,114.08000183105469,114.08000183105469,770,0.0,1.1999969482421875,2011,-0.0007755630573990091,0.012216110556384885,-0.004875903927155312,0.007279440935724413
2011-09-02,154.39999389648438,154.85000610351562,152.6999969482422,154.60000610351562,112.33000183105469,113.58999633789062,111.41000366210938,112.05000305175781,1048,-0.20001220703125,2.17999267578125,2011,-0.0012937399685309936,0.012016185751047966,-0.017149348751176463,-0.004875903927155312
2011-09-06,154.64999389648438,155.6999969482422,152.55999755859375,155.60000610351562,112.88999938964844,112.98999786376953,110.8499984741211,110.93000030517578,871,-0.95001220703125,2.1399993896484375,2011,0.0016191710484627642,0.011770444955965015,0.004985289321333575,-0.017149348751176463
2011-09-07,154.5500030517578,156.10000610351562,153.63999938964844,154.02000427246094,115.80000305175781,115.76000213623047,113.06999969482422,113.06999969482422,1062,0.529998779296875,2.69000244140625,2011,-0.0006465622287284978,0.01158781939097782,0.02577733792047665,0.004985289321333575
2011-09-08,155.89999389648438,156.39999389648438,152.97999572753906,156.0500030517578,114.55000305175781,116.48999786376953,114.19999694824219,115.58000183105469,770,-0.1500091552734375,2.2900009155273438,2011,0.008734977794044196,0.011511192684761922,-0.01079447294523217,0.02577733792047665
2011-09-09,155.5,156.0,150.27000427246094,155.49000549316406,112.7699966430664,113.88999938964844,111.08999633789062,113.88999938964844,684,0.0099945068359375,2.8000030517578125,2011,-0.0025657082241450357,0.011415778124803608,-0.015539121442774029,-0.01079447294523217
2011-09-12,154.5500030517578,155.39999389648438,152.9499969482422,152.9499969482422,112.25,113.02999877929688,110.98999786376953,111.62999725341797,480,1.600006103515625,2.0400009155273438,2011,-0.006109305133390253,0.011478513381310233,-0.004611125818441475,-0.015539121442774029
2011-09-13,155.3000030517578,155.4499969482422,153.36000061035156,154.60000610351562,111.88999938964844,112.4000015258789,111.37000274658203,112.4000015258789,299,0.6999969482421875,1.029998779296875,2011,0.004852798351280718,0.011498799205935365,-0.0032071323862054024,-0.004611125818441475
2011-09-14,154.5500030517578,156.14999389648438,153.57000732421875,155.0,112.4000015258789,112.41999816894531,111.58000183105469,111.58000183105469,260,-0.4499969482421875,0.839996337890625,2011,-0.004829362429246364,0.011509520468864833,0.004558067200040039,-0.0032071323862054024
2011-09-15,156.10000610351562,157.1999969482422,154.22999572753906,156.4199981689453,115.33999633789062,115.33999633789062,115.33999633789062,115.33999633789062,1362,-0.3199920654296875,0.0,2011,0.010029136338733924,0.01018094047883576,0.02615653711832744,0.004558067200040039
2011-09-16,156.25,156.14999389648438,154.1300048828125,154.1300048828125,112.22000122070312,114.18000030517578,111.61000061035156,112.77999877929688,741,2.1199951171875,2.5699996948242188,2011,0.000960883347979502,0.009207615399007801,-0.02705041803579933,0.02615653711832744
2011-09-19,156.10000610351562,156.7100067138672,152.5399932861328,156.14999389648438,109.13999938964844,112.0,108.80000305175781,111.83999633789062,850,-0.04998779296875,3.1999969482421875,2011,-0.0009599609374999485,0.009212577239671166,-0.02744610405944703,-0.02705041803579933
2011-09-20,156.10000610351562,157.17999267578125,154.5800018310547,156.8000030517578,110.54000091552734,111.41000366210938,108.93000030517578,109.18000030517578,762,-0.6999969482421875,2.4800033569335938,2011,0.0,0.009211864634619045,0.01282757498358289,-0.02744610405944703
2011-09-21,157.0,157.82000732421875,155.0500030517578,157.0,110.36000061035156,112.4000015258789,109.69999694824219,110.62000274658203,1922,0.0,2.7000045776367188,2011,0.0057654955880499514,0.009240034583071375,-0.0016283725681650596,0.01282757498358289
2011-09-22,156.10000610351562,157.82000732421875,155.35000610351562,157.6999969482422,105.48999786376953,108.94999694824219,105.0,108.6500015258789,1204,-1.5999908447265625,3.9499969482421875,2011,-0.005732445200537395,0.009321976159121845,-0.04412833200116195,-0.0016283725681650596
2011-09-23,156.10000610351562,157.82000732421875,154.35000610351562,156.9199981689453,103.97000122070312,106.87999725341797,103.48999786376953,105.70999908447266,1050,-0.8199920654296875,3.3899993896484375,2011,0.0,0.009321976159121845,-0.01440891718501447,-0.04412833200116195
2011-09-27,156.10000610351562,158.0,155.49000549316406,157.82000732421875,107.13999938964844,107.22000122070312,105.08999633789062,105.55000305175781,822,-1.720001220703125,2.1300048828125,2011,0.0,0.009314951713058418,0.030489546328043016,-0.01440891718501447
2011-09-28,156.10000610351562,158.3000030517578,156.07000732421875,157.0,103.80999755859375,107.1500015258789,103.63999938964844,106.72000122070312,985,-0.899993896484375,3.5100021362304688,2011,0.0,0.00928970822075048,-0.03108084608946171,0.030489546328043016
2011-09-29,158.10000610351562,159.8000030517578,156.6300048828125,157.82000732421875,103.94999694824219,105.7699966430664,102.5,104.9000015258789,814,0.279998779296875,3.2699966430664062,2011,0.012812299306854236,0.009309650485576654,0.0013486118191017304,-0.03108084608946171
2011-09-30,159.35000610351562,160.4499969482422,158.22999572753906,159.5500030517578,102.76000213623047,104.7699966430664,101.83000183105469,102.33999633789062,831,-0.1999969482421875,2.9399948120117188,2011,0.00790638805656707,0.009054161268784859,-0.011447761875396978,0.0013486118191017304
2011-10-03,158.32000732421875,159.8000030517578,157.47999572753906,159.6999969482422,101.70999908447266,102.5999984741211,100.91000366210938,101.8499984741211,1000,-1.3799896240234375,1.6899948120117188,2011,-0.006463751112929184,0.00908114330865733,-0.010218013136724213,-0.011447761875396978
2011-10-04,159.6999969482422,159.85000610351562,157.17999267578125,159.14999389648438,99.79000091552734,101.86000061035156,99.37999725341797,101.16000366210938,539,0.5500030517578125,2.4800033569335938,2011,0.008716457555471235,0.009186829196429776,-0.01887718204923694,-0.010218013136724213
2011-10-06,159.22999572753906,164.85000610351562,158.4199981689453,161.39999389648438,105.7300033569336,105.63999938964844,101.75,103.30000305175781,706,-2.1699981689453125,3.8899993896484375,2011,-0.002943025859013959,0.00921567912767096,0.05952502642458635,-0.01887718204923694
2011-10-07,164.0,164.10000610351562,158.8000030517578,164.10000610351562,105.87999725341797,106.29000091552734,104.41000366210938,105.4000015258789,699,-0.100006103515625,1.8799972534179688,2011,0.029956694093134173,0.009875774481863596,0.0014186502574677906,0.05952502642458635
2011-10-10,158.05999755859375,167.75,159.89999389648438,159.89999389648438,108.94999694824219,109.19999694824219,105.77999877929688,106.08000183105469,376,-1.839996337890625,3.4199981689453125,2011,-0.03621952708174547,0.01101816940086758,0.028995086649618473,0.0014186502574677906
2011-10-11,164.1999969482422,160.89999389648438,156.39999389648438,156.39999389648438,110.7300033569336,111.11000061035156,107.52999877929688,108.30000305175781,426,7.8000030517578125,3.5800018310546875,2011,0.038846004583622085,0.01303768487986773,0.016337828899040785,0.028995086649618473
2011-10-12,156.6199951171875,158.8000030517578,154.60000610351562,157.6999969482422,111.36000061035156,112.6500015258789,110.87999725341797,111.86000061035156,337,-1.0800018310546875,1.7700042724609375,2011,-0.04616322760008329,0.01568734059455168,0.005689490059773483,0.016337828899040785
2011-10-13,156.10000610351562,160.1999969482422,157.14999389648438,157.14999389648438,111.11000061035156,111.37000274658203,109.30999755859375,110.16999816894531,118,-1.04998779296875,2.0600051879882812,2011,-0.0033200678705347375,0.015350003729277518,-0.0022449712520633547,0.005689490059773483
2011-10-14,160.1999969482422,164.89999389648438,160.35000610351562,164.85000610351562,114.68000030517578,114.73999786376953,113.18000030517578,113.80999755859375,1820,-4.6500091552734375,1.55999755859375,2011,0.026265154928999168,0.015750889058324915,0.032130318380104717,-0.0022449712520633547
2011-10-17,160.10000610351562,164.64999389648438,159.85000610351562,160.13999938964844,110.16000366210938,112.31999969482422,109.73999786376953,112.0,849,-0.0399932861328125,2.5800018310546875,2011,-0.0006241625882107416,0.0157533971899976,-0.039413992248327645,0.032130318380104717
2011-10-18,162.75,162.1999969482422,157.38999938964844,162.1999969482422,111.1500015258789,111.76000213623047,108.44999694824219,109.5199966430664,1582,0.5500030517578125,3.3100051879882812,2011,0.01655211614902119,0.015992014361444682,0.008986908413748163,-0.039413992248327645
2011-10-19,159.0,162.0,156.44000244140625,162.0,108.38999938964844,111.83999633789062,108.25,111.30000305175781,1933,-3.0,3.589996337890625,2011,-0.02304147465437789,0.016619489943980797,-0.024831327920295743,0.008986908413748163
2011-10-20,162.0,158.35000610351562,155.85000610351562,156.8000030517578,109.76000213623047,110.12999725341797,107.3499984741211,108.0,1872,5.1999969482421875,2.779998779296875,2011,0.018867924528301883,0.01693300124971091,0.012639567804194174,-0.024831327920295743
2011-10-21,159.39999389648438,158.89999389648438,154.4499969482422,154.4499969482422,109.55999755859375,111.88999938964844,109.33000183105469,109.91000366210938,1024,4.9499969482421875,2.55999755859375,2011,-0.0160494203920718,0.017237024104679963,-0.001822199104811184,0.012639567804194174
2011-10-24,154.66000366210938,159.0,156.77000427246094,158.9499969482422,111.44999694824219,111.54000091552734,109.87000274658203,110.2699966430664,1467,-4.2899932861328125,1.6699981689453125,2011,-0.029736451793424656,0.018066306470886473,0.017250816281167314,-0.001822199104811184
2011-10-25,162.0,162.0,156.1999969482422,162.0,110.91999816894531,111.75,109.68000030517578,111.41000366210938,2164,0.0,2.0699996948242188,2011,0.04745891739357866,0.0200331298206355,-0.00475548491529354,0.017250816281167314
2011-10-26,157.25,159.85000610351562,155.60000610351562,155.60000610351562,108.91000366210938,110.91999816894531,108.83000183105469,110.56999969482422,2194,1.649993896484375,2.089996337890625,2011,-0.029320987654321007,0.020774086322037096,-0.018121119185148693,-0.00475548491529354
2011-10-27,159.39999389648438,160.64999389648438,158.27999877929688,159.85000610351562,112.08000183105469,112.69999694824219,110.18000030517578,110.18000030517578,2726,-0.45001220703125,2.5199966430664062,2011,0.013672457211347355,0.02089567064394127,0.029106583990026857,-0.018121119185148693
2011-10-28,160.64999389648438,160.0500030517578,156.1999969482422,160.0500030517578,109.91000366210938,111.01000213623047,109.70999908447266,110.41999816894531,1035,0.5999908447265625,1.3000030517578125,2011,0.007841907452090346,0.020900163477091133,-0.019361153939096876,0.029106583990026857
2011-10-31,157.92999267578125,160.1999969482422,156.1999969482422,156.1999969482422,109.55999755859375,109.76000213623047,108.44000244140625,109.4000015258789,571,1.7299957275390625,1.3199996948242188,2011,-0.01693122517300416,0.02109956884325295,-0.0031844790451616145,-0.019361153939096876
2011-11-01,160.0,161.0500030517578,157.17999267578125,159.39999389648438,109.54000091552734,109.55999755859375,109.01000213623047,109.25,1035,0.600006103515625,0.5499954223632812,2011,0.013107119737973516,0.02122283069859021,-0.0001825177392479338,-0.0031844790451616145
2011-11-02,157.6999969482422,159.91000366210938,155.83999633789062,159.6999969482422,109.33999633789062,111.41000366210938,108.58999633789062,109.83999633789062,1941,-2.0,2.82000732421875,2011,-0.014375019073486373,0.021406278576286342,-0.0018258588275068544,-0.0001825177392479338
2011-11-03,158.0,158.0,155.1999969482422,157.9499969482422,110.83000183105469,111.18000030517578,108.97000122070312,110.08999633789062,1495,0.0500030517578125,2.2099990844726562,2011,0.0019023656154937285,0.02140737523386536,0.013627268548277005,-0.0018258588275068544
2011-11-04,158.0,157.39999389648438,155.42999267578125,156.8000030517578,111.97000122070312,111.97000122070312,110.55999755859375,111.37000274658203,841,1.1999969482421875,1.410003662109375,2011,0.0,0.02138550412593251,0.010286017962773508,0.013627268548277005
2011-11-07,155.72000122070312,157.5500030517578,155.24000549316406,157.5500030517578,114.55999755859375,114.8499984741211,112.81999969482422,113.0,1751,-1.8300018310546875,2.029998779296875,2011,-0.014430372020866278,0.021530440554064514,0.023131162897690016,0.010286017962773508
2011-11-08,156.89999389648438,157.5500030517578,155.3800048828125,157.5500030517578,115.0,116.43000030517578,114.33999633789062,115.5999984741211,1647,-0.6500091552734375,2.0900039672851562,2011,0.007577656476568162,0.021573113334982952,0.003840803515914981,0.023131162897690016
2011-11-09,157.39999389648438,158.64999389648438,156.10000610351562,157.39999389648438,112.30999755859375,115.56999969482422,111.94999694824219,115.56999969482422,1730,0.0,3.6200027465820312,2011,0.003186743272468595,0.021578943688546126,-0.02339132557744561,0.003840803515914981
2011-11-10,158.1999969482422,158.5,156.1300048828125,158.1999969482422,113.70999908447266,113.98999786376953,111.43000030517578,113.80000305175781,1778,0.0,2.55999755859375,2011,0.005082611707621476,0.021594815225914474,0.012465511141592778,-0.02339132557744561
2011-11-11,158.5,158.5,155.82000732421875,158.5,114.16000366210938,114.83999633789062,113.16999816894531,114.2300033569336,1285,0.0,1.6699981689453125,2011,0.001896353081827007,0.02147481820724284,0.003957475870722815,0.012465511141592778
2011-11-14,155.0399932861328,157.8000030517578,155.0500030517578,155.0500030517578,111.88999938964844,113.18000030517578,111.70999908447266,113.18000030517578,190,-0.010009765625,1.470001220703125,2011,-0.021829695355628953,0.021795832377848122,-0.0198844095974251,0.003957475870722815
2011-11-15,158.85000610351562,159.5500030517578,157.39999389648438,158.75,112.38999938964844,112.38999938964844,112.38999938964844,112.38999938964844,593,0.100006103515625,0.0,2011,0.02457438714120208,0.022244065512077523,0.004468674615492496,-0.0198844095974251
2011-11-16,159.14999389648438,159.14999389648438,156.4199981689453,159.14999389648438,111.87999725341797,112.36000061035156,110.43000030517578,112.06999969482422,1628,0.0,1.9300003051757812,2011,0.0018884972076944617,0.022190382813450028,-0.004537789296201744,0.004468674615492496
2011-11-17,159.14999389648438,159.14999389648438,156.9199981689453,159.14999389648438,108.22000122070312,110.19000244140625,107.94999694824219,108.80000305175781,1291,0.0,2.2400054931640625,2011,0.0,0.022182864660426394,-0.032713587080491546,-0.004537789296201744
2011-11-18,158.5500030517578,158.85000610351562,156.99000549316406,158.5500030517578,107.55999755859375,109.47000122070312,107.0,109.47000122070312,694,0.0,2.470001220703125,2011,-0.0037699708937268817,0.021466989094813378,-0.006098721628762238,-0.032713587080491546
2011-11-22,158.85000610351562,159.4499969482422,157.07000732421875,159.4499969482422,109.02999877929688,109.5,107.51000213623047,107.51000213623047,1135,-0.5999908447265625,1.9899978637695312,2011,0.0018921667990121627,0.02040643888333349,0.013666802287740198,-0.006098721628762238
2011-11-23,159.13999938964844,159.4499969482422,157.25,159.1199951171875,107.0199966430664,108.0999984741211,106.86000061035156,107.83000183105469,669,0.0200042724609375,1.2399978637695312,2011,0.0018255793200525616,0.019075254832102186,-0.018435312838067652,0.013666802287740198
2011-11-25,159.3000030517578,159.5500030517578,157.25999450683594,159.14999389648438,106.4000015258789,107.75,107.56999969482422,107.56999969482422,448,0.1500091552734375,0.18000030517578125,2011,0.0010054270624797468,0.01704927847418738,-0.005793264218231231,-0.018435312838067652
2011-11-28,157.25999450683594,160.13999938964844,159.5500030517578,159.5500030517578,109.0,109.45999908447266,107.63999938964844,108.86000061035156,638,-2.290008544921875,1.8199996948242188,2011,-0.012806079760457112,0.01721368676136784,0.024436075534159718,-0.005793264218231231
2011-11-29,159.89999389648438,161.1999969482422,158.77999877929688,160.10000610351562,110.81999969482422,111.01000213623047,109.52999877929688,109.7300033569336,744,-0.20001220703125,1.4800033569335938,2011,0.016787482397716103,0.016804523079311115,0.01669724490664426,0.024436075534159718
2011-12-01,161.1999969482422,161.25,157.3300018310547,161.1999969482422,108.98999786376953,110.55000305175781,108.29000091552734,109.68000030517578,701,0.0,2.2600021362304688,2011,0.008130100696560394,0.016867879573921753,-0.016513281321910656,0.01669724490664426
2011-12-02,159.6199951171875,161.39999389648438,158.7100067138672,161.39999389648438,109.94000244140625,110.30999755859375,108.70999908447266,110.30999755859375,628,-1.779998779296875,1.5999984741210938,2011,-0.009801500378204042,0.016681019627956022,0.008716438170997654,-0.016513281321910656
2011-12-05,160.38999938964844,161.5,159.02999877929688,161.42999267578125,109.80999755859375,111.45999908447266,109.37999725341797,111.22000122070312,597,-1.0399932861328125,2.0800018310546875,2011,0.0048239838116497236,0.016150704961853956,-0.0011825075488950398,0.008716438170997654
2011-12-06,161.0,161.25,159.10000610351562,161.1999969482422,110.80999755859375,110.87999725341797,109.54000091552734,109.61000061035156,712,-0.1999969482421875,1.339996337890625,2011,0.003803233447676746,0.015787313515056252,0.009106638942109058,-0.0011825075488950398
2011-12-07,161.5,161.8000030517578,159.47000122070312,161.5,109.52999877929688,110.47000122070312,109.08999633789062,110.36000061035156,824,0.0,1.3800048828125,2011,0.0031055900621117516,0.015504261132788723,-0.011551293272252239,0.009106638942109058
2011-12-08,161.5,162.5,160.17999267578125,161.64999389648438,108.11000061035156,110.23999786376953,107.5199966430664,110.23999786376953,1405,-0.149993896484375,2.720001220703125,2011,0.0,0.014413257695989879,-0.0129644680431944,-0.011551293272252239
2011-12-09,162.0,162.4499969482422,160.08999633789062,162.0,108.62000274658203,108.69999694824219,107.31999969482422,108.19999694824219,1494,0.0,1.3799972534179688,2011,0.003095975232198178,0.011526698682205185,0.0047174371783478275,-0.0129644680431944
2011-12-12,160.5500030517578,162.25,159.8300018310547,160.89999389648438,107.26000213623047,108.31999969482422,107.25,107.5999984741211,372,-0.3499908447265625,1.0699996948242188,2011,-0.008950598445939484,0.010267142667755844,-0.012520719719778861,0.0047174371783478275
2011-12-13,160.82000732421875,162.25,159.97000122070312,162.25,109.5,109.68000030517578,108.1500015258789,108.25,921,-1.42999267578125,1.529998779296875,2011,0.001681745670063295,0.0099757331036349,0.020883813342876145,-0.012520719719778861
2011-12-14,161.6300048828125,162.5,160.25,162.25,105.0199966430664,107.93000030517578,104.77999877929688,107.93000030517578,160,-0.6199951171875,3.1500015258789062,2011,0.005036671568859896,0.009915994535579824,-0.04091327266606026,0.020883813342876145
2011-12-15,162.5,162.5,159.6199951171875,162.10000610351562,105.08999633789062,106.0,105.08999633789062,106.0,399,0.399993896484375,0.910003662109375,2011,0.005382633736961573,0.0094065645443692,0.0006665368221456802,-0.04091327266606026
2011-12-16,162.0,161.5500030517578,159.22999572753906,159.58999633789062,103.3499984741211,104.23999786376953,102.83000183105469,104.23999786376953,289,2.410003662109375,1.4099960327148438,2011,-0.003076923076923088,0.009148464241496363,-0.016557216903643313,0.0006665368221456802
2011-12-19,159.05999755859375,160.0500030517578,160.0500030517578,160.0500030517578,103.63999938964844,104.27999877929688,103.2300033569336,104.19999694824219,265,-0.9900054931640625,1.0499954223632812,2011,-0.018148163218557056,0.009382317278481078,0.0028060079323557474,-0.016557216903643313
2011-12-20,160.0500030517578,160.0399932861328,160.0399932861328,160.0399932861328,106.7300033569336,107.25,105.41999816894531,105.5,542,0.010009765625,1.8300018310546875,2011,0.006224101020744444,0.00944030936378831,0.029814781797401047,0.0028060079323557474
2011-12-21,160.0399932861328,160.6699981689453,160.6699981689453,160.6699981689453,107.70999908447266,107.86000061035156,106.47000122070312,106.47000122070312,432,-0.6300048828125,1.3899993896484375,2011,-6.254148974782492e-05,0.009440424305719624,0.009182007839554585,0.029814781797401047
2011-12-22,160.6699981689453,162.36000061035156,162.36000061035156,162.36000061035156,107.88999938964844,108.2300033569336,107.77999877929688,108.04000091552734,235,-1.69000244140625,0.45000457763671875,2011,0.00393654654612563,0.009027251962460507,0.001671156872210311,0.009182007839554585
2011-12-23,162.36000061035156,162.60000610351562,162.16000366210938,162.16000366210938,107.95999908447266,108.16999816894531,107.4800033569336,107.4800033569336,189,0.1999969482421875,0.6899948120117188,2011,0.010518469289015675,0.009115742173159606,0.000648806147188985,0.001671156872210311
2011-12-27,162.85000610351562,162.61000061035156,162.61000061035156,162.61000061035156,109.2699966430664,109.4800033569336,108.33000183105469,108.33000183105469,137,0.2400054931640625,1.1500015258789062,2011,0.0030180185471915255,0.009114514040395004,0.012134101238448158,0.000648806147188985
2011-12-28,164.8000030517578,159.9600067138672,159.9600067138672,159.9600067138672,107.55999755859375,108.69000244140625,107.25,108.69000244140625,357,4.839996337890625,1.44000244140625,2011,0.011974190206678115,0.009301316354921391,-0.015649301153164874,0.012134101238448158
2011-12-29,159.9600067138672,159.8699951171875,159.8699951171875,159.8699951171875,108.01000213623047,108.01000213623047,106.91000366210938,107.5999984741211,334,0.0900115966796875,1.0999984741210938,2011,-0.029368909273445598,0.01086458991740561,0.004183754070760104,-0.015649301153164874
2011-12-30,159.22000122070312,159.8300018310547,159.8300018310547,159.8300018310547,107.37999725341797,107.37999725341797,107.2699966430664,107.2699966430664,396,-0.6100006103515625,0.1100006103515625,2011,-0.00462619068582415,0.010078400552141062,-0.005832838351562009,0.004183754070760104
2012-01-03,159.9600067138672,159.22999572753906,157.8699951171875,159.22999572753906,112.12999725341797,112.29000091552734,109.94999694824219,109.94999694824219,1064,0.730010986328125,2.3400039672851562,2012,0.00464769179431368,0.00907333456697818,0.044235426722818216,-0.005832838351562009
2012-01-04,157.8699951171875,157.9499969482422,157.52000427246094,157.9499969482422,113.69999694824219,113.81999969482422,111.69999694824219,111.69999694824219,1426,-0.0800018310546875,2.1200027465820312,2012,-0.013065838390581286,0.009386847501658678,0.014001602900925336,0.044235426722818216
2012-01-05,157.52000427246094,159.75,157.25,158.13999938964844,112.73999786376953,114.05000305175781,112.56999969482422,113.94999694824219,687,-0.6199951171875,1.4800033569335938,2012,-0.002216956074944876,0.009393729060582992,-0.00844326394229955,0.014001602900925336
2012-01-06,159.6999969482422,158.86000061035156,157.94000244140625,157.94000244140625,113.05999755859375,113.30000305175781,112.19000244140625,112.91000366210938,709,1.7599945068359375,1.1100006103515625,2012,0.013839465570420817,0.009714146058952993,0.0028383865610046577,-0.00844326394229955
2012-01-09,159.9199981689453,159.72000122070312,159.72000122070312,159.72000122070312,112.44999694824219,113.58999633789062,112.20999908447266,113.43000030517578,595,0.1999969482421875,1.3799972534179688,2012,0.0013775906381163772,0.009711667739908253,-0.005395370807746769,0.0028383865610046577
2012-01-10,159.72000122070312,159.72999572753906,159.72999572753906,159.72999572753906,113.27999877929688,113.43000030517578,113.16999816894531,113.26000213623047,715,-0.0099945068359375,0.26000213623046875,2012,-0.0012506062439476828,0.00971091337118665,0.007381074731702464,-0.005395370807746769
2012-01-11,159.72999572753906,159.7899932861328,159.7899932861328,159.7899932861328,112.23999786376953,113.1500015258789,112.16000366210938,113.1500015258789,783,-0.05999755859375,0.9899978637695312,2012,6.257517380126032e-05,0.00970963247048795,-0.009180799141369822,0.007381074731702464
2012-01-12,161.8000030517578,159.6999969482422,159.6999969482422,159.6999969482422,111.26000213623047,114.5199966430664,110.66000366210938,113.38999938964844,513,2.100006103515625,3.8599929809570312,2012,0.012959415135461949,0.009664831253484414,-0.008731252193433958,-0.009180799141369822
2012-01-13,158.8300018310547,159.7100067138672,159.7100067138672,159.7100067138672,110.44000244140625,111.0,109.79000091552734,110.5999984741211,801,-0.8800048828125,1.2099990844726562,2012,-0.018356002253924864,0.009813291546144022,-0.007370121149379294,-0.008731252193433958
2012-01-17,159.5399932861328,162.5,160.4600067138672,160.4600067138672,111.52999877929688,112.4800033569336,110.97000122070312,112.4800033569336,858,-0.920013427734375,1.5100021362304688,2012,0.0044701344008881705,0.009728845099326143,0.009869579081808855,-0.007370121149379294
2012-01-18,162.39999389648438,161.25,159.58999633789062,159.58999633789062,110.66000366210938,111.3499984741211,110.5,111.3499984741211,911,2.80999755859375,0.8499984741210938,2012,0.017926543379140014,0.01010479593254648,-0.007800548074147318,0.009869579081808855
2012-01-19,161.1999969482422,159.35000610351562,159.35000610351562,159.35000610351562,111.55000305175781,111.5999984741211,110.54000091552734,111.44999694824219,793,1.8499908447265625,1.05999755859375,2012,-0.007389144047672103,0.010175584017559419,0.008042647390162472,-0.007800548074147318
2012-01-20,161.1999969482422,161.39999389648438,159.35000610351562,159.35000610351562,109.86000061035156,111.4800033569336,109.6500015258789,111.4800033569336,367,1.8499908447265625,1.8300018310546875,2012,0.0,0.01015304689388307,-0.015150178352053567,0.008042647390162472
2012-01-23,157.8000030517578,161.25,158.39999389648438,158.49000549316406,110.58000183105469,111.26000213623047,110.4000015258789,110.87000274658203,363,-0.69000244140625,0.8600006103515625,2012,-0.02109177395069084,0.0108430440648756,0.006553806815064567,-0.015150178352053567
2012-01-24,161.0,160.75,158.52999877929688,158.52999877929688,110.02999877929688,110.33999633789062,109.83999633789062,110.33999633789062,524,2.470001220703125,0.5,2012,0.020278814235463516,0.011501274903902587,-0.00497380215817067,0.006553806815064567
2012-01-25,160.75,159.75,157.4499969482422,157.4499969482422,109.80999755859375,110.83000183105469,109.04000091552734,109.6500015258789,580,3.3000030517578125,1.7900009155273438,2012,-0.0015527950310558758,0.011488889077766972,-0.0019994658106323726,-0.00497380215817067
2012-01-26,159.6999969482422,160.25,158.1199951171875,158.1199951171875,110.79000091552734,111.83000183105469,110.58000183105469,111.19000244140625,500,1.5800018310546875,1.25,2012,-0.006531900788540046,0.011433675092809441,0.008924536733649235,-0.0019994658106323726
2012-01-27,161.5,160.1999969482422,158.82000732421875,160.1999969482422,111.45999908447266,111.95999908447266,110.88999938964844,111.22000122070312,1050,1.3000030517578125,1.0699996948242188,2012,0.01127115269977863,0.011618148485847168,0.006047460631904533,0.008924536733649235
2012-01-30,157.82000732421875,159.22999572753906,159.22999572753906,159.22999572753906,110.75,111.22000122070312,110.4800033569336,111.22000122070312,453,-1.4099884033203125,0.7399978637695312,2012,-0.022786332357778605,0.01230920521314292,-0.006369990044002849,0.006047460631904533
2012-01-31,161.5,161.0,158.88999938964844,160.5,110.9800033569336,112.61000061035156,110.83999633789062,112.08999633789062,712,1.0,1.7700042724609375,2012,0.02331765622226345,0.013030293601763035,0.0020767797465788274,-0.006369990044002849
2012-02-01,160.89999389648438,161.0,158.88999938964844,160.5,111.55999755859375,112.76000213623047,111.30000305175781,112.31999969482422,891,0.399993896484375,1.4599990844726562,2012,-0.00371520807130421,0.013035802433864475,0.005226114472125065,0.0020767797465788274
2012-02-02,161.0,158.67999267578125,158.67999267578125,158.67999267578125,112.06999969482422,112.5,111.29000091552734,111.54000091552734,1348,2.32000732421875,1.2099990844726562,2012,0.0006215419969497482,0.012584541690415974,0.004571550263458901,0.005226114472125065
2012-02-03,158.67999267578125,160.0,158.0800018310547,158.0800018310547,114.58000183105469,114.62000274658203,112.75,112.75,758,0.5999908447265625,1.8700027465820312,2012,-0.014409983380240687,0.012821473893386044,0.022396735460564088,0.004571550263458901
2012-02-06,158.10000610351562,160.0,158.3699951171875,158.3699951171875,115.93000030517578,116.5,113.91999816894531,114.05999755859375,980,-0.269989013671875,2.5800018310546875,2012,-0.003655070576229935,0.012836847625260973,0.011782147430156487,0.022396735460564088
2012-02-07,160.10000610351562,160.0,157.8699951171875,157.8699951171875,116.2300033569336,117.25,115.6500015258789,116.06999969482422,1400,2.230010986328125,1.5999984741210938,2012,0.012650220890507047,0.013033705562937833,0.0025877947983099503,0.011782147430156487
2012-02-08,159.75,159.25,157.49000549316406,157.49000549316406,117.19999694824219,117.6500015258789,115.95999908447266,116.69999694824219,866,2.2599945068359375,1.69000244140625,2012,-0.0021861717062604535,0.012884487273557621,0.0083454664311573,0.0025877947983099503
2012-02-09,157.7100067138672,159.0,156.91000366210938,156.91000366210938,118.58999633789062,118.7699966430664,117.62000274658203,118.2300033569336,812,0.8000030517578125,1.149993896484375,2012,-0.01276991102430558,0.013058795152623188,0.011860063360430662,0.0083454664311573
2012-02-10,158.89999389648438,156.61000061035156,156.61000061035156,156.61000061035156,117.30999755859375,117.66999816894531,116.33999633789062,117.05000305175781,1055,2.2899932861328125,1.3300018310546875,2012,0.007545413302633142,0.012931647512851849,-0.010793480216070295,0.011860063360430662
2012-02-13,157.0399932861328,158.97000122070312,156.57000732421875,156.57000732421875,117.93000030517578,118.44999694824219,117.44999694824219,118.29000091552734,602,0.4699859619140625,1.0,2012,-0.01170547943232314,0.011967953961264445,0.005285165454652407,-0.010793480216070295
2012-02-14,158.85000610351562,156.2100067138672,156.2100067138672,156.2100067138672,118.16000366210938,118.16000366210938,117.66999816894531,117.80000305175781,815,2.6399993896484375,0.4900054931640625,2012,0.011525808041044083,0.012140085015405987,0.0019503379660679165,0.005285165454652407
2012-02-15,159.1999969482422,158.25,156.0500030517578,156.60000610351562,118.93000030517578,119.52999877929688,118.37000274658203,118.68000030517578,756,2.5999908447265625,1.1599960327148438,2012,0.002203278761591543,0.012115950819682602,0.006516559065691041,0.0019503379660679165
2012-02-16,158.0,156.1199951171875,156.1199951171875,156.1199951171875,120.11000061035156,120.30999755859375,119.1500015258789,119.1500015258789,1479,1.8800048828125,1.1599960327148438,2012,-0.0075376694173701075,0.01195269972108221,0.009921805281660534,0.006516559065691041
2012-02-17,156.1199951171875,155.42999267578125,155.42999267578125,155.42999267578125,119.58000183105469,120.04000091552734,118.8499984741211,120.04000091552734,815,0.69000244140625,1.19000244140625,2012,-0.011898765081091778,0.012146453091333758,-0.004412611577750636,0.009921805281660534
2012-02-21,155.35000610351562,157.25,155.24000549316406,155.3800048828125,121.66000366210938,121.66999816894531,119.80000305175781,119.80000305175781,495,-0.029998779296875,1.8699951171875,2012,-0.0049320332933260325,0.011877402672346724,0.017394228125145572,-0.004412611577750636
2012-02-22,157.10000610351562,155.25999450683594,155.02000427246094,155.02000427246094,122.9000015258789,123.18000030517578,121.58000183105469,121.80000305175781,1019,2.0800018310546875,1.5999984741210938,2012,0.011264885299289373,0.012076903708503806,0.010192321440441576,0.017394228125145572
2012-02-23,155.25999450683594,156.75,153.8300018310547,153.8300018310547,123.62000274658203,124.4800033569336,122.0999984741211,124.2300033569336,884,1.42999267578125,2.3800048828125,2012,-0.011712358530828304,0.012248481282465156,0.005858431340633574,0.010192321440441576
2012-02-24,156.6999969482422,154.8000030517578,154.8000030517578,154.8000030517578,125.47000122070312,125.55000305175781,123.68000030517578,123.9000015258789,389,1.899993896484375,1.8700027465820312,2012,0.00927478096324963,0.012387385049608986,0.014965203308671127,0.005858431340633574
2012-02-27,154.41000366210938,157.5,155.14999389648438,155.14999389648438,124.16999816894531,124.58000183105469,123.05999755859375,124.30000305175781,575,-0.739990234375,1.5200042724609375,2012,-0.014613869372883226,0.012372304157606543,-0.010361066702080368,0.014965203308671127
2012-02-28,157.39999389648438,155.25,155.25,155.25,121.55000305175781,123.79000091552734,121.55000305175781,123.05000305175781,2378,2.149993896484375,2.2399978637695312,2012,0.019363967122997483,0.012514302643829557,-0.021100065682716274,-0.010361066702080368
2012-02-29,157.4499969482422,155.13999938964844,155.13999938964844,155.13999938964844,122.66000366210938,123.08000183105469,120.68000030517578,122.31999969482422,1389,2.30999755859375,2.4000015258789062,2012,0.00031768140849286475,0.012483498189998504,0.009132049218286697,-0.021100065682716274
2012-03-01,157.4499969482422,157.5,155.4199981689453,155.4199981689453,126.19999694824219,128.25,123.38999938964844,123.45999908447266,1951,2.029998779296875,4.8600006103515625,2012,0.0,0.011997359678696529,0.028860208547558885,0.009132049218286697
2012-03-02,157.5,157.5,155.82000732421875,155.82000732421875,123.6500015258789,124.97000122070312,123.38999938964844,124.87999725341797,736,1.67999267578125,1.5800018310546875,2012,0.00031758051906627394,0.011937348572344242,-0.020205986402750065,0.028860208547558885
2012-03-05,157.25,158.4499969482422,157.5,157.75,123.80000305175781,124.62000274658203,123.37000274658203,123.87000274658203,592,-0.5,1.25,2012,-0.0015873015873015817,0.011937634274602954,0.0012131138214948045,-0.020205986402750065
2012-03-06,157.5,157.6999969482422,155.35000610351562,155.35000610351562,121.9800033569336,123.0199966430664,121.6500015258789,123.01000213623047,630,2.149993896484375,1.3699951171875,2012,0.0015898251192367763,0.011306998688089617,-0.014701128028755561,0.0012131138214948045
2012-03-07,157.5,157.5,155.5,157.39999389648438,124.12000274658203,124.2699966430664,122.0999984741211,123.12000274658203,913,0.100006103515625,2.1699981689453125,2012,0.0,0.010639208144719412,0.01754385416260762,-0.014701128028755561
2012-03-08,157.1999969482422,157.5,157.1999969482422,157.3000030517578,125.44000244140625,126.29000091552734,124.95999908447266,125.33999633789062,960,-0.100006103515625,1.3300018310546875,2012,-0.0019047812810020215,0.010640400489051335,0.010634866787098574,0.01754385416260762
2012-03-09,157.75,157.5,155.05999755859375,157.3000030517578,125.9800033569336,126.25,124.80999755859375,125.55999755859375,817,0.4499969482421875,1.44000244140625,2012,0.0034987472165084466,0.0106080291927709,0.004304854153519111,0.010634866787098574
2012-03-12,157.75,157.98500061035156,157.10000610351562,157.14999389648438,125.33999633789062,125.33999633789062,124.25,124.30000305175781,648,0.600006103515625,1.089996337890625,2012,0.0,0.010379190696986822,-0.0050802270359500135,0.004304854153519111
2012-03-13,158.0,158.0800018310547,157.8000030517578,157.8000030517578,126.22000122070312,126.70999908447266,125.08000183105469,125.5999984741211,506,0.1999969482421875,1.6299972534179688,2012,0.0015847860538826808,0.009510822697282971,0.007020942305121736,-0.0050802270359500135
2012-03-14,157.8000030517578,157.75,157.4499969482422,157.5,124.97000122070312,126.63999938964844,124.97000122070312,126.16000366210938,294,0.3000030517578125,1.6699981689453125,2012,-0.00126580346988725,0.008438361302897884,-0.009903343272943732,0.007020942305121736
2012-03-15,157.60000610351562,158.0,155.5500030517578,157.5,123.55000305175781,125.04000091552734,123.55000305175781,124.80999755859375,1260,0.100006103515625,1.4899978637695312,2012,-0.001267407759026451,0.008420394807186923,-0.011362712291548505,-0.009903343272943732
2012-03-16,157.6999969482422,157.85000610351562,157.5,157.75,125.80999755859375,126.0999984741211,123.20999908447266,123.30999755859375,412,-0.0500030517578125,2.8899993896484375,2012,0.0006344596500895694,0.008420462733039506,0.018292144484117756,-0.011362712291548505
2012-03-19,157.8000030517578,157.85000610351562,157.47999572753906,157.85000610351562,125.70999908447266,125.91999816894531,125.12999725341797,125.12999725341797,453,-0.0500030517578125,0.7900009155273438,2012,0.0006341541246095428,0.00801112368947007,-0.0007948372630285361,0.018292144484117756
2012-03-20,157.8000030517578,157.60000610351562,155.41000366210938,157.5500030517578,124.12000274658203,125.91999816894531,123.20999908447266,125.12999725341797,665,0.25,2.7099990844726562,2012,0.0,0.00798379516474498,-0.012648129420653409,-0.0007948372630285361
2012-03-21,157.25,157.60000610351562,155.33999633789062,157.60000610351562,124.19999694824219,124.77999877929688,123.79000091552734,124.41999816894531,741,-0.350006103515625,0.9899978637695312,2012,-0.0034854438600828708,0.007635850767885731,0.0006444908144538353,-0.012648129420653409
2012-03-22,157.5500030517578,157.60000610351562,155.25,157.3000030517578,123.13999938964844,123.79000091552734,122.31999969482422,123.33999633789062,567,0.25,1.470001220703125,2012,0.001907809550129258,0.007642558483450964,-0.008534602130751079,0.0006444908144538353
2012-03-23,157.5,157.6699981689453,155.3800048828125,157.47999572753906,125.12999725341797,127.0199966430664,123.68000030517578,123.68000030517578,747,0.0200042724609375,3.339996337890625,2012,-0.0003173789323341891,0.007278973969552462,0.016160450492391565,-0.008534602130751079
2012-03-26,154.91000366210938,157.64999389648438,157.25,157.64999389648438,125.6500015258789,125.81999969482422,125.30000305175781,125.68000030517578,265,-2.739990234375,0.5199966430664062,2012,-0.016444421192956304,0.007723494354827744,0.004155712330176087,0.016160450492391565
2012-03-27,157.60000610351562,157.60000610351562,155.27000427246094,157.5,125.54000091552734,126.12000274658203,124.93000030517578,125.1500015258789,765,0.100006103515625,1.19000244140625,2012,0.017364936917009466,0.008123741087370564,-0.0008754525190268758,0.004155712330176087
2012-03-28,157.33999633789062,157.6999969482422,157.1999969482422,157.5,124.16000366210938,124.33999633789062,123.62000274658203,124.27999877929688,797,-0.160003662109375,0.7199935913085938,2012,-0.001649808093625471,0.00783871302056347,-0.010992490388354703,-0.0008754525190268758
2012-03-29,157.64999389648438,157.88999938964844,157.39999389648438,157.75,122.38999938964844,124.3499984741211,121.43000030517578,123.81999969482422,646,-0.100006103515625,2.9199981689453125,2012,0.0019702400267509468,0.0078362734977694,-0.01425583295952415,-0.010992490388354703
2012-03-30,157.5,157.6699981689453,155.4199981689453,155.4199981689453,122.87999725341797,124.04000091552734,122.69000244140625,123.2699966430664,701,2.0800018310546875,1.3499984741210938,2012,-0.0009514361071454314,0.007717771586906618,0.004003577630632638,-0.01425583295952415
2012-04-02,155.36000061035156,157.64999389648438,155.22999572753906,157.55999755859375,125.43000030517578,125.48999786376953,121.75,122.20999908447266,481,-2.1999969482421875,3.7399978637695312,2012,-0.013587297712053581,0.007812534731806403,0.020751978424111472,0.004003577630632638
2012-04-03,157.64999389648438,157.5800018310547,155.6300048828125,157.39999389648438,124.86000061035156,125.94999694824219,124.38999938964844,125.18000030517578,592,0.25,1.55999755859375,2012,0.014739915532545611,0.008211253510697219,-0.004544364932132616,0.020751978424111472
2012-04-04,157.64999389648438,157.5500030517578,155.35000610351562,155.35000610351562,122.33999633789062,124.55000305175781,122.33000183105469,124.12999725341797,822,2.29998779296875,2.220001220703125,2012,0.0,0.007956695690264136,-0.02018263863641223,-0.004544364932132616
2012-04-05,157.5,157.6199951171875,155.22999572753906,155.22999572753906,123.43000030517578,123.4800033569336,121.83000183105469,122.0999984741211,449,2.2700042724609375,1.6500015258789062,2012,-0.0009514361071454314,0.007639873428620706,0.008909628902347588,-0.02018263863641223
2012-04-09,154.9600067138672,157.6199951171875,157.5,157.6199951171875,122.66999816894531,122.70999908447266,121.0999984741211,121.87999725341797,256,-2.6599884033203125,1.6100006103515625,2012,-0.016126941499255976,0.008032057717933892,-0.006157353433941415,0.008909628902347588
2012-04-10,157.44000244140625,157.6199951171875,155.24000549316406,157.4499969482422,119.87999725341797,122.2699966430664,119.80000305175781,121.5199966430664,627,-0.0099945068359375,2.4699935913085938,2012,0.01600410183330947,0.008100876669477047,-0.022743954978175385,-0.006157353433941415
2012-04-11,157.44000244140625,157.6199951171875,157.14999389648438,157.6199951171875,120.18000030517578,120.73999786376953,119.30999755859375,120.0999984741211,781,-0.17999267578125,1.4300003051757812,2012,0.0,0.007291847960815626,0.002502528016609995,-0.022743954978175385
2012-04-12,157.44000244140625,157.6199951171875,157.13999938964844,157.13999938964844,121.70999908447266,121.70999908447266,119.45999908447266,119.98999786376953,280,0.3000030517578125,2.25,2012,0.0,0.007291652695393632,0.012730893454915293,0.002502528016609995
2012-04-13,157.25,157.35000610351562,155.2899932861328,157.27999877929688,121.83000183105469,121.83000183105469,120.87999725341797,121.62000274658203,441,-0.029998779296875,0.9500045776367188,2012,-0.0012068244312747334,0.0072951153690778035,0.000985972783540623,0.012730893454915293
2012-04-16,156.27000427246094,157.5500030517578,155.02000427246094,157.32000732421875,118.68000030517578,120.05000305175781,118.27999877929688,120.02999877929688,832,-1.0500030517578125,1.7700042724609375,2012,-0.006232087297545652,0.007382253775133695,-0.02585571270241882,0.000985972783540623
2012-04-17,157.44000244140625,158.0,156.89999389648438,157.44000244140625,118.77999877929688,119.27999877929688,118.19999694824219,118.62000274658203,741,0.0,1.0800018310546875,2012,0.007487029736720219,0.007509736959664428,0.0008425890955843229,-0.02585571270241882
2012-04-18,157.44000244140625,157.52000427246094,155.35000610351562,157.52000427246094,117.97000122070312,118.26000213623047,116.73999786376953,117.69999694824219,894,-0.0800018310546875,1.5200042724609375,2012,0.0,0.007504231338213641,-0.006819309369574866,0.0008425890955843229
2012-04-19,157.25,157.3000030517578,157.0,157.3000030517578,118.0,119.1500015258789,117.70999908447266,118.8499984741211,1122,-0.0500030517578125,1.44000244140625,2012,-0.0012068244312747334,0.007507545712282027,0.0002542915909677923,-0.006819309369574866
2012-04-20,157.25,157.10000610351562,156.94000244140625,156.94000244140625,118.76000213623047,119.62999725341797,118.38999938964844,119.36000061035156,662,0.30999755859375,1.2399978637695312,2012,0.0,0.007499156046073708,0.0064406960697498405,0.0002542915909677923
2012-04-23,157.0800018310547,157.1999969482422,154.8800048828125,154.8800048828125,118.70999908447266,118.86000061035156,117.2699966430664,117.93000030517578,727,2.1999969482421875,1.5900039672851562,2012,-0.001081069436854154,0.007472840877195456,-0.0004210428667764665,0.0064406960697498405
2012-04-24,157.0800018310547,157.1999969482422,156.9499969482422,157.1999969482422,118.16000366210938,118.8499984741211,117.9000015258789,118.19000244140625,583,-0.1199951171875,0.9499969482421875,2012,0.0,0.007472840877195456,-0.004633101058082789,-0.0004210428667764665
2012-04-25,157.0800018310547,157.3000030517578,156.5,156.5,119.12000274658203,119.19000244140625,117.47000122070312,119.0,541,0.5800018310546875,1.720001220703125,2012,0.0,0.007466009759965306,0.008124568844952496,-0.004633101058082789
2012-04-26,157.0800018310547,157.35000610351562,155.1199951171875,157.0500030517578,119.91999816894531,120.0999984741211,119.23999786376953,119.23999786376953,652,0.029998779296875,0.8600006103515625,2012,0.0,0.007463166284611462,0.0067158781389990985,0.008124568844952496
2012-04-27,155.36000061035156,157.6199951171875,157.10000610351562,157.10000610351562,119.83000183105469,119.83000183105469,119.12000274658203,119.7699966430664,513,-1.7400054931640625,0.7099990844726562,2012,-0.010949842122825126,0.00771921840878609,-0.0007504698070778248,0.0067158781389990985
2012-04-30,157.0800018310547,157.5,157.10000610351562,157.5,119.47000122070312,119.66999816894531,118.76000213623047,119.37000274658203,782,-0.4199981689453125,0.9099960327148438,2012,0.011071068575861709,0.0079997754158037,-0.00300426107694729,-0.0007504698070778248
2012-05-01,157.3000030517578,157.1999969482422,157.10000610351562,157.1999969482422,119.66000366210938,119.95999908447266,118.91000366210938,119.0,2605,0.100006103515625,1.0499954223632812,2012,0.001400567978982803,0.008003424971791363,0.0015903778309607208,-0.00300426107694729
2012-05-02,157.10000610351562,157.3000030517578,154.89999389648438,154.89999389648438,118.19999694824219,119.19999694824219,117.7699966430664,119.19999694824219,2624,2.20001220703125,1.4300003051757812,2012,-0.0012714363913672866,0.008006380836708888,-0.012201292572160405,0.0015903778309607208
2012-05-03,156.89999389648438,157.3000030517578,157.0,157.22999572753906,116.08000183105469,117.88999938964844,116.0,117.76000213623047,2253,-0.3300018310546875,1.8899993896484375,2012,-0.001273152127692856,0.007984446068497703,-0.017935661352984744,-0.012201292572160405
2012-05-04,157.0,158.0800018310547,157.0,157.0500030517578,113.18000030517578,114.80000305175781,111.83000183105469,114.80000305175781,3510,-0.0500030517578125,2.970001220703125,2012,0.0006373875551684005,0.007977105714719853,-0.024982783254083984,-0.017935661352984744
2012-05-07,155.52999877929688,157.5,156.3000030517578,157.1999969482422,113.16000366210938,113.16000366210938,112.08999633789062,113.06999969482422,1462,-1.6699981689453125,1.07000732421875,2012,-0.00936306510001994,0.00815513031418376,-0.00017668000541160023,-0.024982783254083984
2012-05-08,157.24000549316406,157.35000610351562,154.91000366210938,157.0500030517578,112.7300033569336,113.04000091552734,110.55999755859375,112.23999786376953,2937,0.19000244140625,2.4800033569335938,2012,0.010994706662948994,0.0078241513572398,-0.003799931877518703,-0.00017668000541160023
2012-05-09,157.0800018310547,157.6999969482422,157.0500030517578,157.22999572753906,113.19999694824219,113.26000213623047,111.3499984741211,111.9000015258789,1530,-0.149993896484375,1.910003662109375,2012,-0.0010175760399367961,0.007150884670647532,0.004169196995590152,-0.003799931877518703
2012-05-10,157.5,157.5800018310547,155.38999938964844,157.5800018310547,112.7300033569336,113.6500015258789,112.16000366210938,112.93000030517578,2771,-0.0800018310546875,1.4899978637695312,2012,0.0026737851034470683,0.007161830152517206,-0.004151886960946483,0.004169196995590152
2012-05-11,157.0800018310547,157.75,155.1300048828125,157.3800048828125,112.26000213623047,112.7699966430664,111.6500015258789,112.0199966430664,767,-0.3000030517578125,1.1199951171875,2012,-0.002666655040922672,0.0071691846262189945,-0.004169264674063533,-0.004151886960946483
2012-05-14,157.0800018310547,157.8000030517578,157.5,157.5,111.56999969482422,111.69000244140625,110.9800033569336,111.0199966430664,749,-0.4199981689453125,0.7099990844726562,2012,0.0,0.007167373691784236,-0.006146467381756504,-0.004169264674063533
2012-05-15,157.0800018310547,158.75,157.25,157.25,112.23999786376953,112.52999877929688,111.5,112.23999786376953,490,-0.1699981689453125,1.029998779296875,2012,0.0,0.006697250927647234,0.006005182134784848,-0.006146467381756504
2012-05-16,158.14999389648438,158.85000610351562,157.64999389648438,157.85000610351562,111.70999908447266,111.70999908447266,111.55000305175781,111.55000305175781,1327,0.29998779296875,0.15999603271484375,2012,0.006811765043016171,0.006253124643409953,-0.004722013447827744,0.006005182134784848
2012-05-17,157.64999389648438,159.14999389648438,156.17999267578125,156.17999267578125,107.48999786376953,109.62999725341797,106.95999908447266,109.25,1732,1.470001220703125,2.6699981689453125,2012,-0.003161555607313349,0.006281869452732379,-0.03777639652035136,-0.004722013447827744
2012-05-18,156.61000061035156,159.14999389648438,156.5800018310547,159.10000610351562,107.13999938964844,107.8499984741211,106.86000061035156,107.66999816894531,617,-2.4900054931640625,0.9899978637695312,2012,-0.006596849517264691,0.006395474492958687,-0.003256102717246967,-0.03777639652035136
2012-05-21,155.69000244140625,159.1999969482422,155.5399932861328,155.5399932861328,108.80999755859375,109.22000122070312,107.7699966430664,107.83000183105469,571,0.1500091552734375,1.4500045776367188,2012,-0.005874453517398792,0.00575522435640551,0.01558706532069154,-0.003256102717246967
2012-05-22,158.5,159.0,158.5,158.8000030517578,108.41000366210938,109.2699966430664,107.97000122070312,109.2699966430664,1151,-0.3000030517578125,1.2999954223632812,2012,0.01804867052816239,0.005957706051107082,-0.003676076697538555,0.01558706532069154
2012-05-23,157.57000732421875,159.39999389648438,158.9499969482422,159.10000610351562,105.55999755859375,107.33000183105469,105.47000122070312,107.23999786376953,656,-1.529998779296875,1.8600006103515625,2012,-0.005867461676853258,0.006061292470219041,-0.02628914313478381,-0.003676076697538555
2012-05-24,159.39999389648438,160.0,159.10000610351562,159.3000030517578,106.55000305175781,107.12999725341797,105.76000213623047,105.9800033569336,1067,0.0999908447265625,1.3699951171875,2012,0.011613800134566254,0.006418650305742634,0.009378604737221075,-0.02628914313478381
2012-05-25,158.0399932861328,160.10000610351562,157.67999267578125,159.4499969482422,106.83000183105469,107.08999633789062,106.63999938964844,106.66000366210938,389,-1.410003662109375,0.4499969482421875,2012,-0.008531999136930701,0.006619346926086054,0.0026278627055587034,0.009378604737221075
2012-05-29,158.38999938964844,159.64999389648438,156.5,158.4600067138672,106.68000030517578,107.83000183105469,106.06999969482422,107.19000244140625,467,-0.07000732421875,1.7600021362304688,2012,0.0022146679219476884,0.006515672848224011,-0.0014041142310952104,0.0026278627055587034
2012-05-30,157.0800018310547,159.72000122070312,158.6999969482422,158.6999969482422,103.47000122070312,105.25,103.08000183105469,105.23999786376953,418,-1.6199951171875,2.1699981689453125,2012,-0.008270708779858471,0.0065654300320472985,-0.030089980083332635,-0.0014041142310952104
2012-05-31,157.8000030517578,159.89999389648438,158.6999969482422,159.75,101.87000274658203,103.76000213623047,101.31999969482422,103.76000213623047,662,-1.9499969482421875,2.44000244140625,2012,0.004583659360263503,0.006619876125428879,-0.015463404419105653,-0.030089980083332635
2012-06-01,159.60000610351562,160.36000061035156,159.60000610351562,159.8000030517578,98.43000030517578,99.63999938964844,97.58000183105469,99.52999877929688,755,-0.1999969482421875,2.05999755859375,2012,0.011406863225265074,0.006927614242732111,-0.033768551572181726,-0.015463404419105653
2012-06-04,156.16000366210938,161.25,156.4199981689453,156.4199981689453,98.8499984741211,99.08000183105469,96.7300033569336,96.7699966430664,528,-0.2599945068359375,2.3499984741210938,2012,-0.02155389918453443,0.008015427569135623,0.004266973154964271,-0.033768551572181726
2012-06-05,161.10000610351562,162.35000610351562,161.0500030517578,161.1999969482422,98.83999633789062,99.12000274658203,98.37999725341797,98.7699966430664,525,-0.0999908447265625,0.7400054931640625,2012,0.03163423620362593,0.009896326240491034,-0.00010118499124800451,0.004266973154964271
2012-06-06,159.77000427246094,163.10000610351562,160.92999267578125,162.0,100.63999938964844,101.27999877929688,99.7300033569336,100.45999908447266,964,-2.2299957275390625,1.5499954223632812,2012,-0.008255752828464136,0.010035725123174815,0.01821128205634892,-0.00010118499124800451
2012-06-07,159.61000061035156,162.4499969482422,160.8000030517578,160.8000030517578,99.93000030517578,102.29000091552734,99.5199966430664,101.37999725341797,1301,-1.19000244140625,2.7700042724609375,2012,-0.001001462463733227,0.010039504719676639,-0.0070548399123469,0.01821128205634892
2012-06-08,160.32000732421875,162.74000549316406,161.22999572753906,162.74000549316406,99.47000122070312,99.88999938964844,97.3499984741211,97.3499984741211,451,-2.4199981689453125,2.5400009155273438,2012,0.004448384882852707,0.010063446865588493,-0.004603213079834578,-0.0070548399123469
2012-06-11,159.33999633789062,162.89999389648438,162.3000030517578,162.39999389648438,98.0,100.58999633789062,96.94000244140625,100.38999938964844,1856,-3.05999755859375,3.649993896484375,2012,-0.006112842699328436,0.009907411156130535,-0.014778337213865123,-0.004603213079834578
2012-06-12,161.57000732421875,163.27000427246094,162.38999938964844,162.6199951171875,97.13999938964844,97.91000366210938,96.69999694824219,97.2300033569336,1258,-1.04998779296875,1.2100067138671875,2012,0.013995299595709998,0.010024715538441722,-0.008775516432158792,-0.014778337213865123
2012-06-13,160.86000061035156,163.16000366210938,162.39999389648438,162.74000549316406,97.12999725341797,98.23999786376953,96.77999877929688,97.16999816894531,1258,-1.8800048828125,1.4599990844726562,2012,-0.004394421499544943,0.010072214223573227,-0.00010296619614280633,-0.008775516432158792
2012-06-14,160.27000427246094,163.02999877929688,162.6999969482422,162.74000549316406,97.02999877929688,97.02999877929688,96.6500015258789,96.6500015258789,2047,-2.470001220703125,0.37999725341796875,2012,-0.0036677628723859046,0.010098634512616238,-0.0010295323478718421,-0.00010296619614280633
2012-06-15,159.89999389648438,163.3000030517578,162.6999969482422,162.8000030517578,97.61000061035156,98.05999755859375,97.06999969482422,97.62000274658203,282,-2.9000091552734375,0.9899978637695312,2012,-0.002308668909420719,0.010107430660711668,0.005977551668056247,-0.0010295323478718421
2012-06-18,163.08999633789062,163.25,159.4499969482422,159.4499969482422,96.05000305175781,97.0,95.5,97.0,2225,3.6399993896484375,1.5,2012,0.019949984760295747,0.010702109265781341,-0.015981943948766952,0.005977551668056247
2012-06-19,161.4499969482422,162.1999969482422,160.64999389648438,162.1999969482422,95.76000213623047,96.7300033569336,95.76000213623047,96.0,1795,-0.75,0.970001220703125,2012,-0.010055793895847986,0.010726682788760019,-0.003019270237514471,-0.015981943948766952
2012-06-20,157.58999633789062,161.9499969482422,161.6999969482422,161.9499969482422,92.69000244140625,95.48999786376953,92.47000122070312,95.25,718,-4.3600006103515625,3.0199966430664062,2012,-0.02390833498491185,0.0115037381003263,-0.03205931105198556,-0.003019270237514471
2012-06-21,159.75999450683594,162.22999572753906,160.32000732421875,162.16000366210938,89.2300033569336,92.44000244140625,89.04000091552734,92.4000015258789,1121,-2.4000091552734375,3.4000015258789062,2012,0.013769897959084787,0.011766335723589505,-0.03732871931533166,-0.03205931105198556
2012-06-22,161.8800048828125,163.08999633789062,161.6999969482422,162.58999633789062,90.9800033569336,91.51000213623047,89.80999755859375,89.9000015258789,562,-0.709991455078125,1.7000045776367188,2012,0.013269970260832986,0.011986754714579545,0.019612237298700208,-0.03732871931533166
2012-06-25,160.1999969482422,163.1199951171875,160.75999450683594,160.75999450683594,91.01000213623047,91.26000213623047,89.73999786376953,90.23999786376953,1452,-0.55999755859375,1.5200042724609375,2012,-0.010378106522707986,0.012149320406544492,0.00032972937118036505,0.019612237298700208
2012-06-26,160.47999572753906,162.75999450683594,161.6999969482422,162.60000610351562,93.0199966430664,93.13999938964844,91.30999755859375,91.73999786376953,2275,-2.1200103759765625,1.8300018310546875,2012,0.0017478076443868673,0.01214990510863934,0.022085424235319007,0.00032972937118036505
2012-06-27,162.5,162.5500030517578,162.14999389648438,162.5500030517578,93.5,93.79000091552734,92.91000366210938,92.91000366210938,680,-0.0500030517578125,0.8799972534179688,2012,0.012587265243267254,0.012337743355520762,0.005160216880844004,0.022085424235319007
2012-06-28,162.5,162.9499969482422,162.4499969482422,162.49000549316406,91.36000061035156,93.6500015258789,90.95999908447266,93.5199966430664,1468,0.0099945068359375,2.69000244140625,2012,0.0,0.012293597182231277,-0.022887694006935133,0.005160216880844004
2012-06-29,162.5800018310547,163.0500030517578,162.5,162.6999969482422,97.80000305175781,98.2699966430664,94.05000305175781,94.05000305175781,1151,-0.1199951171875,4.219993591308594,2012,0.0004923189603365241,0.012269250444716747,0.07049039402782764,-0.022887694006935133
2012-07-02,159.72000122070312,163.0399932861328,162.4499969482422,162.4499969482422,97.33999633789062,97.58999633789062,95.80999755859375,96.08999633789062,786,-2.7299957275390625,1.779998779296875,2012,-0.017591343204212406,0.012664891341569924,-0.004703544984796637,0.07049039402782764
2012-07-03,161.05999755859375,163.0500030517578,162.39999389648438,162.8000030517578,100.68000030517578,101.3499984741211,99.72000122070312,99.72000122070312,707,-1.7400054931640625,1.6299972534179688,2012,0.008389658950972656,0.012676027749039193,0.03431276035486164,-0.004703544984796637
2012-07-05,160.9199981689453,162.58999633789062,161.85000610351562,162.5,100.69999694824219,101.41999816894531,100.38999938964844,101.12000274658203,1271,-1.5800018310546875,1.029998779296875,2012,-0.0008692375001279062,0.012273553608075716,0.00019861584233016316,0.03431276035486164
2012-07-06,161.24000549316406,162.10000610351562,160.6999969482422,161.9499969482422,98.19000244140625,98.97000122070312,97.93000030517578,98.97000122070312,1800,-0.709991455078125,1.0400009155273438,2012,0.00198861128424066,0.012214962697293002,-0.024925467556131342,0.00019861584233016316
2012-07-09,159.52000427246094,162.4499969482422,158.47000122070312,162.4499969482422,100.31999969482422,100.9800033569336,98.36000061035156,98.81999969482422,1912,-2.92999267578125,2.6200027465820312,2012,-0.01066733541370446,0.012214657742712525,0.021692608213234488,-0.024925467556131342
2012-07-10,158.30999755859375,160.6199951171875,158.41000366210938,160.60000610351562,97.97000122070312,99.19999694824219,97.87000274658203,98.94999694824219,1778,-2.290008544921875,1.3299942016601562,2012,-0.007585297652076828,0.012192799154358896,-0.023425024733551125,0.021692608213234488
2012-07-11,159.1699981689453,162.0,160.61000061035156,160.6199951171875,100.2300033569336,100.37999725341797,98.66999816894531,98.66999816894531,851,-1.4499969482421875,1.7099990844726562,2012,0.005432383447755873,0.012225890525514583,0.023068307727579063,-0.023425024733551125
2012-07-12,159.07000732421875,162.14999389648438,161.0,161.25,101.06999969482422,101.2699966430664,99.0199966430664,99.19000244140625,1345,-2.17999267578125,2.25,2012,-0.0006282015824391474,0.01212170716318889,0.008380687516284624,0.023068307727579063
2012-07-13,158.67999267578125,161.75,159.7100067138672,161.75,102.4000015258789,102.69999694824219,101.38999938964844,102.41999816894531,624,-3.07000732421875,1.30999755859375,2012,-0.0024518427766371254,0.012107838138835252,0.01315921475285009,0.008380687516284624
2012-07-16,158.97999572753906,162.25,159.11000061035156,159.11000061035156,103.55000305175781,103.55000305175781,103.55000305175781,103.55000305175781,1691,-0.1300048828125,0.0,2012,0.0018906167482046765,0.011928964585068586,0.011230483483813947,0.01315921475285009
2012-07-17,158.66000366210938,161.4600067138672,159.9499969482422,161.3000030517578,104.0,104.58000183105469,102.87000274658203,104.58000183105469,590,-2.6399993896484375,1.7099990844726562,2012,-0.002012781947598574,0.011227808693689986,0.00434569710265742,0.011230483483813947
2012-07-18,160.10000610351562,161.0500030517578,159.8000030517578,159.8000030517578,105.16000366210938,105.4000015258789,103.88999938964844,103.91000366210938,725,0.3000030517578125,1.5100021362304688,2012,0.009076026775298507,0.00973292222764544,0.011153881366436247,0.00434569710265742
2012-07-19,157.27000427246094,161.94000244140625,161.0,161.64999389648438,107.80000305175781,108.13999938964844,106.51000213623047,107.4000015258789,581,-4.3799896240234375,1.6299972534179688,2012,-0.017676462980425467,0.010146272302812771,0.025104595832185828,0.011153881366436247
2012-07-20,161.1999969482422,161.75,161.1999969482422,161.60000610351562,106.83000183105469,106.91000366210938,105.81999969482422,106.0999984741211,358,-0.4000091552734375,1.0900039672851562,2012,0.024988825389568703,0.01115889732266905,-0.008998155781474337,0.025104595832185828
2012-07-23,159.89999389648438,161.4199981689453,158.8800048828125,161.4199981689453,103.26000213623047,104.58999633789062,102.4800033569336,103.19999694824219,360,-1.5200042724609375,2.1099929809570312,2012,-0.008064535213206048,0.011235586624396228,-0.03341757590222605,-0.008998155781474337
2012-07-24,159.05999755859375,161.0,160.35000610351562,161.0,103.41999816894531,103.93000030517578,102.94000244140625,102.94000244140625,1642,-1.94000244140625,0.9899978637695312,2012,-0.0052532606000874615,0.011220616165098504,0.0015494482801168274,-0.03341757590222605
2012-07-25,158.4499969482422,160.6999969482422,157.8000030517578,160.5,104.37999725341797,104.6500015258789,102.18000030517578,103.69999694824219,2082,-2.0500030517578125,2.470001220703125,2012,-0.003835034702090012,0.010922112817069361,0.009282528538672175,0.0015494482801168274
2012-07-26,156.02000427246094,160.60000610351562,159.39999389648438,159.5,105.26000213623047,106.01000213623047,104.87000274658203,105.23999786376953,1479,-3.4799957275390625,1.1399993896484375,2012,-0.015336022231511981,0.011231755132741928,0.008430780858098563,0.009282528538672175
2012-07-27,157.1699981689453,161.14999389648438,158.94000244140625,161.14999389648438,106.47000122070312,106.5,105.69999694824219,105.94999694824219,2178,-3.9799957275390625,0.8000030517578125,2012,0.007370810569112152,0.011320347015078816,0.011495335929279538,0.008430780858098563
2012-07-30,158.6699981689453,161.14999389648438,159.39999389648438,161.1300048828125,106.19999694824219,106.4800033569336,105.7300033569336,105.79000091552734,334,-2.4600067138671875,0.75,2012,0.009543806181047554,0.011464171652546557,-0.002535965712081145,0.011495335929279538
2012-07-31,158.3000030517578,160.64999389648438,160.5,160.60000610351562,104.91999816894531,106.30000305175781,104.19999694824219,106.27999877929688,1532,-2.3000030517578125,2.100006103515625,2012,-0.002331853037481846,0.010817669445369925,-0.012052719548765078,-0.002535965712081145
2012-08-01,160.5,160.75,158.2899932861328,160.64999389648438,105.95999908447266,106.2300033569336,105.52999877929688,105.63999938964844,1202,-0.149993896484375,0.7000045776367188,2012,0.013897643119582748,0.011003770213177631,0.009912323043055116,-0.012052719548765078
2012-08-02,159.3300018310547,161.47999572753906,160.6999969482422,161.0,105.9000015258789,106.68000030517578,105.30999755859375,106.62000274658203,2631,-1.6699981689453125,1.3700027465820312,2012,-0.007289708217727786,0.010151137858993475,-0.000566228379691891,0.009912323043055116
2012-08-03,160.1300048828125,161.1999969482422,158.85000610351562,161.1999969482422,108.94000244140625,109.06999969482422,106.4000015258789,106.5199966430664,1573,-1.0699920654296875,2.6699981689453125,2012,0.005021044640457051,0.009876212605709664,0.02870633495490993,-0.000566228379691891
2012-08-06,157.57000732421875,161.64999389648438,159.0500030517578,161.60000610351562,109.55000305175781,109.69000244140625,108.12000274658203,108.55999755859375,1714,-4.029998779296875,1.5699996948242188,2012,-0.015986994820035294,0.009977343678851319,0.005599417997807166,0.02870633495490993
2012-08-07,158.5399932861328,161.64999389648438,161.4499969482422,161.4499969482422,112.0,112.37000274658203,110.45999908447266,110.55000305175781,2600,-2.910003662109375,1.910003662109375,2012,0.006155904784076016,0.00988920352911132,0.02236418877217794,0.005599417997807166
2012-08-08,159.4600067138672,161.39999389648438,159.8000030517578,161.39999389648438,112.13999938964844,113.05999755859375,111.45999908447266,111.45999908447266,5380,-1.9399871826171875,1.5999984741210938,2012,0.005803036878359924,0.009945712413186961,0.0012499945504325094,0.02236418877217794
2012-08-09,158.2899932861328,159.25,158.0,159.25,113.22000122070312,113.30000305175781,112.19000244140625,112.3499984741211,2139,-0.9600067138671875,1.1100006103515625,2012,-0.007337347162124641,0.009727668744375478,0.009630835000293159,0.0012499945504325094
2012-08-10,156.02999877929688,158.60000610351562,158.0,158.5,112.94999694824219,113.02999877929688,111.44000244140625,111.55999755859375,1994,-2.470001220703125,1.589996337890625,2012,-0.014277557664372775,0.010030270404987008,-0.00238477538906412,0.009630835000293159
2012-08-13,155.6300048828125,158.39999389648438,156.07000732421875,158.3000030517578,113.5999984741211,114.77999877929688,113.25,114.77999877929688,1223,-2.6699981689453125,1.529998779296875,2012,-0.002563570464742204,0.010026906845498815,0.005754772407623454,-0.00238477538906412
2012-08-14,156.1199951171875,158.64999389648438,157.5399932861328,157.5399932861328,114.02999877929688,114.02999877929688,113.37999725341797,113.98999786376953,1201,-1.4199981689453125,0.6500015258789062,2012,0.0031484303733329,0.009577441536838168,0.0037852140048553196,0.005754772407623454
2012-08-15,156.1199951171875,160.0,157.39999389648438,158.35000610351562,116.25,116.5999984741211,113.88999938964844,113.88999938964844,718,-2.230010986328125,2.7099990844726562,2012,0.0,0.00942366550165529,0.019468571818543223,0.0037852140048553196
2012-08-16,156.3000030517578,156.9499969482422,154.57000732421875,154.57000732421875,116.9000015258789,116.9000015258789,116.19999694824219,116.19999694824219,3561,1.7299957275390625,0.7000045776367188,2012,0.0011530101217027688,0.009431825206856249,0.005591410975302358,0.019468571818543223
2012-08-17,153.66000366210938,157.64999389648438,156.3000030517578,156.64999389648438,113.70999908447266,114.25,112.8499984741211,114.0999984741211,1201,-2.989990234375,1.4000015258789062,2012,-0.0168905907748077,0.00985105085454684,-0.02728830111007363,0.005591410975302358
2012-08-20,155.80999755859375,157.75,155.3699951171875,157.74000549316406,113.69999694824219,114.41000366210938,112.9000015258789,114.41000366210938,3024,-1.9300079345703125,1.5100021362304688,2012,0.013991890181208833,0.010090535421886274,-8.796180029024825e-05,-0.02728830111007363
2012-08-21,155.05999755859375,155.3800048828125,154.72000122070312,154.72000122070312,114.63999938964844,115.47000122070312,114.47000122070312,114.47000122070312,1481,0.339996337890625,1.0,2012,-0.00481355504622194,0.01003820247435029,0.008267391966898296,-8.796180029024825e-05
2012-08-22,154.7100067138672,155.4499969482422,155.4499969482422,155.4499969482422,114.91000366210938,115.12999725341797,113.58000183105469,113.58000183105469,3196,-0.739990234375,1.5499954223632812,2012,-0.0022571317569788363,0.009975713913297785,0.0023552361645016173,0.008267391966898296
2012-08-23,154.5,155.57000732421875,155.57000732421875,155.57000732421875,115.01000213623047,116.29000091552734,114.4800033569336,116.05000305175781,2201,-1.07000732421875,1.80999755859375,2012,-0.0013574216582873389,0.00997592013028571,0.000870232973058993,0.0023552361645016173
2012-08-24,155.25999450683594,155.82000732421875,155.82000732421875,155.82000732421875,113.58999633789062,115.12000274658203,113.11000061035156,114.6500015258789,2894,-0.5600128173828125,2.0100021362304688,2012,0.004919058296672718,0.010027606794255581,-0.012346802642937416,0.000870232973058993
2012-08-27,155.89999389648438,158.25,157.9499969482422,158.10000610351562,112.26000213623047,114.52999877929688,111.76000213623047,114.23999786376953,2318,-2.20001220703125,2.7699966430664062,2012,0.004122113952672146,0.010055550769843673,-0.011708726512358436,-0.012346802642937416
2012-08-28,156.14999389648438,158.25,156.02000427246094,158.25,112.58000183105469,112.77999877929688,112.0199966430664,112.77999877929688,1489,-2.100006103515625,0.7600021362304688,2012,0.0016035921089643246,0.010059744116615685,0.00285052279293474,-0.011708726512358436
2012-08-29,155.67999267578125,158.17999267578125,155.6999969482422,158.14999389648438,112.54000091552734,112.77999877929688,112.33999633789062,112.37999725341797,2957,-2.470001220703125,0.44000244140625,2012,-0.0030099342880198776,0.009904558140177572,-0.0003553110221775624,0.00285052279293474
2012-08-30,156.05999755859375,158.0,155.50999450683594,158.0,112.6500015258789,113.27999877929688,112.38999938964844,113.12000274658203,2660,-1.94000244140625,0.8899993896484375,2012,0.002440935898576857,0.009396518113558334,0.0009774356624905334,-0.0003553110221775624
2012-08-31,155.92999267578125,158.07000732421875,155.49000549316406,158.0500030517578,114.56999969482422,114.86000061035156,112.9000015258789,113.41000366210938,2428,-2.1200103759765625,1.9599990844726562,2012,-0.0008330442448180042,0.008101671121567181,0.01704392492621709,0.0009774356624905334
2012-09-04,155.52999877929688,158.39999389648438,158.0,158.1999969482422,114.18000030517578,115.80999755859375,114.12000274658203,115.80000305175781,564,-2.6699981689453125,1.6899948120117188,2012,-0.0025652146172806534,0.007999655589830451,-0.0034040271509755415,0.01704392492621709
2012-09-05,156.08999633789062,158.5,158.0500030517578,158.10000610351562,113.08999633789062,114.01000213623047,112.91000366210938,113.8499984741211,551,-2.010009765625,1.0999984741210938,2012,0.0036005758566770574,0.007996537909437693,-0.00954636507594886,-0.0034040271509755415
2012-09-06,155.22999572753906,157.89999389648438,157.6999969482422,157.89999389648438,113.48999786376953,115.0,113.0,113.94000244140625,2137,-2.6699981689453125,2.0,2012,-0.005509645912797012,0.008025711553163142,0.003537019531628438,-0.00954636507594886
2012-09-07,155.17999267578125,157.6999969482422,154.80999755859375,157.5,114.25,114.44000244140625,112.43000030517578,113.52999877929688,2186,-2.32000732421875,2.0100021362304688,2012,-0.00032212235479012197,0.007531431838933021,0.006696644202449864,0.003537019531628438
2012-09-10,153.55999755859375,157.85000610351562,153.86000061035156,153.86000061035156,114.80999755859375,114.95999908447266,114.12000274658203,114.56999969482422,826,-0.3000030517578125,0.839996337890625,2012,-0.010439458652199862,0.007619396013346498,0.004901510359682781,0.006696644202449864
2012-09-11,155.94000244140625,158.0,155.9199981689453,157.60000610351562,115.4000015258789,115.43000030517578,114.73999786376953,114.8499984741211,1009,-1.660003662109375,0.69000244140625,2012,0.015498859863581016,0.007966385360334538,0.005138959845235158,0.004901510359682781
2012-09-12,155.22000122070312,158.02000427246094,157.5,157.5,115.95999908447266,116.01000213623047,115.30000305175781,115.9800033569336,1015,-2.279998779296875,0.7099990844726562,2012,-0.004617168202069699,0.00799491034756322,0.0048526650882942945,0.005138959845235158
2012-09-13,155.8699951171875,158.0,157.5,158.0,116.9000015258789,117.0,116.26000213623047,116.69999694824219,336,-2.1300048828125,0.7399978637695312,2012,0.004187565335476151,0.0075721198816748065,0.008106264650118655,0.0048526650882942945
2012-09-18,155.4199981689453,157.72000122070312,155.52000427246094,157.72000122070312,112.02999877929688,113.83999633789062,111.70999908447266,113.76000213623047,564,-2.3000030517578125,2.1299972534179688,2012,-0.00288700174721801,0.007487149353698685,-0.041659561018088875,0.008106264650118655
2012-09-19,155.7100067138672,157.6999969482422,155.1699981689453,157.3699951171875,108.19000244140625,111.0,107.66000366210938,111.0,559,-1.6599884033203125,3.339996337890625,2012,0.001865966724607926,0.007424449789334463,-0.034276500756333594,-0.041659561018088875
2012-09-20,154.72000122070312,157.82000732421875,157.39999389648438,157.39999389648438,110.02999877929688,110.3499984741211,108.1500015258789,108.4800033569336,1613,-2.67999267578125,2.1999969482421875,2012,-0.006358008159252693,0.006942489249241818,0.017007082876138613,-0.034276500756333594
2012-09-21,155.3300018310547,157.75,157.3000030517578,157.3000030517578,111.41999816894531,111.4800033569336,110.63999938964844,111.05999755859375,1140,-1.970001220703125,0.8400039672851562,2012,0.003942609911703698,0.006879863263502718,0.012632912888025816,0.017007082876138613
2012-09-24,155.82000732421875,157.75,155.24000549316406,157.5800018310547,109.80999755859375,110.12999725341797,109.1500015258789,109.87000274658203,1278,-1.7599945068359375,0.9799957275390625,2012,0.003154609459781188,0.006810733148821154,-0.0144498351894633,0.012632912888025816
2012-09-25,155.00999450683594,157.6199951171875,157.5,157.6199951171875,110.44999694824219,111.31999969482422,110.01000213623047,111.0199966430664,1516,-2.6100006103515625,1.30999755859375,2012,-0.00519838775066539,0.006750290168671351,0.00582824336469856,-0.0144498351894633
2012-09-26,157.5,157.5,155.32000732421875,155.32000732421875,110.04000091552734,110.05000305175781,108.69999694824219,108.9800033569336,2408,2.17999267578125,1.350006103515625,2012,0.016063515782230864,0.00691308123621644,-0.0037120511004357093,0.00582824336469856
2012-09-27,155.2100067138672,157.5,154.83999633789062,155.10000610351562,112.01000213623047,112.37000274658203,111.0,111.0,1191,0.1100006103515625,1.3700027465820312,2012,-0.014539639911954394,0.007413916900041679,0.01790259182399856,-0.0037120511004357093
2012-09-28,154.3300018310547,157.27000427246094,157.10000610351562,157.10000610351562,112.38999938964844,112.79000091552734,111.56999969482422,112.7699966430664,1412,-2.7700042724609375,1.220001220703125,2012,-0.005669768988766366,0.007456864776554248,0.0033925296506627234,0.01790259182399856
2012-10-01,155.6699981689453,157.5,154.88999938964844,157.5,112.19000244140625,113.23999786376953,111.6500015258789,111.72000122070312,181,-1.8300018310546875,1.589996337890625,2012,0.00868266909863391,0.0076375283271682215,-0.001779490607067391,0.0033925296506627234
2012-10-02,155.0500030517578,157.3000030517578,157.0,157.0,111.56999969482422,111.94999694824219,111.45999908447266,111.73999786376953,184,-1.9499969482421875,0.48999786376953125,2012,-0.003982752774973619,0.007666717517002628,-0.005526363607183615,-0.001779490607067391
2012-10-03,154.83999633789062,157.22999572753906,154.89999389648438,157.1999969482422,108.16999816894531,110.4000015258789,107.72000122070312,110.30999755859375,1316,-2.3600006103515625,2.6800003051757812,2012,-0.0013544450805142993,0.006998788842216573,-0.03047415555417121,-0.005526363607183615
2012-10-04,154.91000366210938,157.0,154.4499969482422,154.77999877929688,112.58000183105469,112.63999938964844,109.26000213623047,109.4000015258789,1542,0.1300048828125,3.3799972534179688,2012,0.0004521268785486754,0.006502981797029642,0.04076919420134972,-0.03047415555417121
2012-10-05,153.39999389648438,157.0500030517578,154.77000427246094,157.0500030517578,112.0199966430664,113.0,110.91000366210938,111.9000015258789,1184,-3.6500091552734375,2.089996337890625,2012,-0.009747658188160924,0.006684272161203544,-0.004974286541837736,0.04076919420134972
2012-10-08,154.42999267578125,157.1999969482422,154.74000549316406,157.1999969482422,111.81999969482422,112.25,111.16999816894531,111.27999877929688,1240,-2.7700042724609375,1.0800018310546875,2012,0.006714464278218424,0.006795184267799589,-0.0017853682756253653,-0.004974286541837736
2012-10-09,154.5800018310547,157.25,155.33999633789062,155.33999633789062,114.5,114.5999984741211,112.37999725341797,112.37999725341797,498,-0.7599945068359375,2.220001220703125,2012,0.0009713731942497805,0.006792894359213057,0.023967092760597053,-0.0017853682756253653
2012-10-10,156.02000427246094,157.1999969482422,157.0,157.14999389648438,114.33000183105469,115.56999969482422,114.12000274658203,114.41000366210938,328,-1.1299896240234375,1.4499969482421875,2012,0.009315580439571258,0.006947463031787579,-0.0014847001654612058,0.023967092760597053
2012-10-11,156.89999389648438,154.86000061035156,154.86000061035156,154.86000061035156,115.70999908447266,115.91000366210938,114.98999786376953,115.12999725341797,865,2.0399932861328125,0.9200057983398438,2012,0.005640235866720689,0.006982561218388007,0.01207029853333852,-0.0014847001654612058
2012-10-12,154.6999969482422,157.3000030517578,155.00999450683594,157.1999969482422,114.62000274658203,115.16000366210938,114.01000213623047,114.76000213623047,857,-2.5,1.1500015258789062,2012,-0.014021650948524922,0.007444558261734927,-0.009420070404588698,0.01207029853333852
2012-10-15,155.1300048828125,155.0500030517578,155.0500030517578,155.0500030517578,115.80000305175781,115.86000061035156,113.66999816894531,115.12000274658203,905,0.0800018310546875,2.19000244140625,2012,0.0027796247126894436,0.007446502581707793,0.010294889870005486,-0.009420070404588698
2012-10-16,155.25999450683594,157.64999389648438,157.25,157.64999389648438,115.06999969482422,115.06999969482422,114.94999694824219,114.9800033569336,602,-2.3899993896484375,0.12000274658203125,2012,0.0008379399209175187,0.007433446398820088,-0.006304001189078701,0.010294889870005486
2012-10-19,155.67999267578125,157.5,157.0,157.0,110.13999938964844,113.22000122070312,110.06999969482422,112.94000244140625,624,-1.32000732421875,3.1500015258789062,2012,0.002705128067789664,0.0074501964805934705,-0.04284348933910298,-0.006304001189078701
2012-10-22,155.5800018310547,157.25,155.08999633789062,155.08999633789062,109.44000244140625,110.95999908447266,109.19000244140625,110.56999969482422,586,0.4900054931640625,1.7699966430664062,2012,-0.0006422844901772251,0.007435861183422383,-0.006355519812250687,-0.04284348933910298
2012-10-23,155.16000366210938,157.0,154.88999938964844,154.88999938964844,108.25,108.87999725341797,107.37999725341797,108.68000030517578,602,0.2700042724609375,1.5,2012,-0.0026995639799605176,0.007420709519680726,-0.010873560077297784,-0.006355519812250687
2012-10-24,156.89999389648438,157.1999969482422,154.94000244140625,154.9499969482422,107.8499984741211,108.7699966430664,106.93000030517578,108.5,503,1.9499969482421875,1.839996337890625,2012,0.011214167268029707,0.007631133405954643,-0.0036951642113525196,-0.010873560077297784
2012-10-25,154.55999755859375,155.02999877929688,152.10000610351562,154.99000549316406,108.48999786376953,109.22000122070312,107.66999816894531,108.7699966430664,532,-0.4300079345703125,1.5500030517578125,2012,-0.014913935174748594,0.008126687333738869,0.005934162250377906,-0.0036951642113525196
2012-10-26,155.6699981689453,157.1999969482422,154.89999389648438,155.97999572753906,109.55000305175781,109.66999816894531,107.94000244140625,107.9800033569336,395,-0.30999755859375,1.7299957275390625,2012,0.00718168108103634,0.007989367689822342,0.009770533771411127,0.005934162250377906
2012-10-31,154.4600067138672,157.25,154.8000030517578,157.25,108.69999694824219,109.69999694824219,108.37000274658203,109.66000366210938,227,-2.7899932861328125,1.3299942016601562,2012,-0.007772798029874406,0.0076017985621885205,-0.007759069647072736,0.009770533771411127
2012-11-01,155.39999389648438,157.0,154.74000549316406,154.74000549316406,108.16999816894531,108.70999908447266,107.8499984741211,108.29000091552734,354,0.6599884033203125,0.8600006103515625,2012,0.00608563473882584,0.007642747086331248,-0.004875793874669854,-0.007759069647072736
2012-11-02,156.8000030517578,156.8000030517578,153.94000244140625,156.3000030517578,105.68000030517578,108.75,105.56999969482422,107.81999969482422,1081,0.5,3.1800003051757812,2012,0.009009068277094023,0.007781816787407861,-0.023019302079311577,-0.004875793874669854
2012-11-05,154.4600067138672,157.25,154.66000366210938,154.66000366210938,107.7300033569336,108.12000274658203,105.05999755859375,105.4800033569336,388,-0.1999969482421875,3.0600051879882812,2012,-0.01492344574201454,0.008244471811425272,0.019398212015877547,-0.023019302079311577
2012-11-06,154.57000732421875,157.1999969482422,156.97999572753906,156.97999572753906,111.06999969482422,111.0999984741211,108.51000213623047,108.66999816894531,515,-2.4099884033203125,2.589996337890625,2012,0.000712162408197603,0.008237317356075462,0.031003399552717692,0.019398212015877547
2012-11-07,154.64999389648438,157.25,155.02999877929688,157.25,106.81999969482422,110.48999786376953,106.72000122070312,109.87999725341797,888,-2.600006103515625,3.7699966430664062,2012,0.000517477961282875,0.008155667161910612,-0.03826415784349779,0.031003399552717692
2012-11-08,155.47000122070312,154.94000244140625,154.94000244140625,154.94000244140625,107.25,107.93000030517578,106.3499984741211,107.66000366210938,364,0.529998779296875,1.5800018310546875,2012,0.005302343075213045,0.008181970863344842,0.004025466264784283,-0.03826415784349779
2012-11-09,154.9499969482422,157.0,154.85000610351562,154.85000610351562,109.4000015258789,109.5999984741211,106.27999877929688,106.51000213623047,744,0.0999908447265625,3.3199996948242188,2012,-0.003344724180729508,0.008183317971926264,0.020046634273929165,0.004025466264784283
2012-11-12,157.1999969482422,157.7899932861328,155.36000061035156,157.5,109.06999969482422,110.0999984741211,108.83000183105469,109.0199966430664,922,-0.3000030517578125,1.2699966430664062,2012,0.014520813451526227,0.008548007517851574,-0.0030164700772570274,0.020046634273929165
2012-11-13,155.33999633789062,157.75,155.4199981689453,155.4199981689453,108.26000213623047,108.58000183105469,107.5,108.36000061035156,609,-0.0800018310546875,1.0800018310546875,2012,-0.011832065181044293,0.008310932046939883,-0.0074264010347493414,-0.0030164700772570274
2012-11-14,155.6300048828125,157.8699951171875,157.6999969482422,157.8000030517578,109.61000061035156,109.80000305175781,108.51000213623047,108.51000213623047,762,-2.1699981689453125,1.2900009155273438,2012,0.0018669277182874477,0.0078788031897037,0.012469965337912114,-0.0074264010347493414
2012-11-15,155.64999389648438,157.9499969482422,155.5,157.6999969482422,110.9800033569336,110.9800033569336,110.41000366210938,110.76000213623047,735,-2.0500030517578125,0.5699996948242188,2012,0.00012843933075079583,0.007802623309754313,0.012498884581272796,0.012469965337912114
2012-11-19,155.9600067138672,158.10000610351562,155.64999389648438,155.64999389648438,110.83999633789062,110.83999633789062,110.83999633789062,110.83999633789062,782,0.3100128173828125,0.0,2012,0.0019917303536098885,0.007649266500603927,-0.001261551764354163,0.012498884581272796
2012-11-20,155.6300048828125,157.75,155.24000549316406,157.5500030517578,109.83000183105469,111.63999938964844,109.02999877929688,111.25,420,-1.9199981689453125,2.6100006103515625,2012,-0.0021159388102626187,0.007622535335373065,-0.009112184592256933,-0.001261551764354163
2012-11-21,157.89999389648438,157.89999389648438,155.3800048828125,155.3800048828125,110.86000061035156,111.33999633789062,109.62000274658203,111.0199966430664,480,2.519989013671875,1.7199935913085938,2012,0.014585805708745792,0.008057047441320837,0.009378118566193416,-0.009112184592256933
2012-11-23,154.91000366210938,157.89999389648438,155.19000244140625,157.39999389648438,111.37999725341797,111.52999877929688,110.51000213623047,110.52999877929688,483,-2.489990234375,1.0199966430664062,2012,-0.018935974350544726,0.008817933017004316,0.004690570451050924,0.009378118566193416
2012-11-26,154.25,157.25,155.3000030517578,155.3000030517578,110.91999816894531,111.29000091552734,110.30000305175781,111.04000091552734,506,-1.0500030517578125,0.9899978637695312,2012,-0.004260561916640149,0.008663519856068258,-0.004129997268953467,0.004690570451050924
2012-11-27,154.85000610351562,157.35000610351562,155.22999572753906,155.22999572753906,109.87000274658203,111.08999633789062,109.30999755859375,111.01000213623047,426,-0.3799896240234375,1.779998779296875,2012,0.003889828872062351,0.008605667063686847,-0.009466240891601974,-0.004129997268953467
2012-11-28,155.41000366210938,157.3000030517578,155.27999877929688,155.27999877929688,109.51000213623047,109.73999786376953,108.5,109.19000244140625,665,0.1300048828125,1.2399978637695312,2012,0.003616387061808668,0.008628142225491199,-0.003276605091035778,-0.009466240891601974
2012-11-29,154.5399932861328,154.94000244140625,154.94000244140625,154.94000244140625,110.76000213623047,111.29000091552734,110.27999877929688,110.83000183105469,619,-0.4000091552734375,1.0100021362304688,2012,-0.005598161993922379,0.008514585274577564,0.011414482472980048,-0.003276605091035778
2012-11-30,155.0800018310547,157.5,155.1199951171875,155.1199951171875,111.2300033569336,111.25,110.47000122070312,110.47000122070312,464,-0.0399932861328125,0.779998779296875,2012,0.003494296417640097,0.008472019865183294,0.004243420112298724,0.011414482472980048
2012-12-03,155.14999389648438,157.0,154.8699951171875,154.8699951171875,110.91999816894531,112.31999969482422,110.5999984741211,111.41999816894531,749,0.279998779296875,1.720001220703125,2012,0.00045132876324016635,0.008069400955529483,-0.0027870644487304475,0.004243420112298724
2012-12-04,154.58999633789062,157.0,154.82000732421875,154.82000732421875,109.83999633789062,110.33000183105469,109.25,110.30000305175781,484,-0.230010986328125,1.0800018310546875,2012,-0.003609394654358611,0.008081317110481176,-0.00973676387381206,-0.0027870644487304475
2012-12-05,154.64999389648438,157.0,155.0,155.0,108.80999755859375,110.33000183105469,108.73999786376953,110.0999984741211,302,-0.350006103515625,1.5900039672851562,2012,0.00038810763966012907,0.00807996359235079,-0.009377265237048849,-0.00973676387381206
2012-12-06,156.75,157.25,154.8000030517578,154.8000030517578,107.02999877929688,108.87000274658203,106.69999694824219,108.86000061035156,945,1.9499969482421875,2.1700057983398438,2012,0.013579089469096806,0.008445743269227052,-0.01635877970071964,-0.009377265237048849
2012-12-07,155.97999572753906,157.14999389648438,154.6699981689453,154.6699981689453,107.0199966430664,107.87000274658203,106.80999755859375,107.08999633789062,1434,1.30999755859375,1.0600051879882812,2012,-0.004912307958283457,0.008497347032343058,-9.345170834851313e-05,-0.01635877970071964
2012-12-10,154.7100067138672,157.0,154.67999267578125,154.67999267578125,107.33000183105469,108.45999908447266,107.25,107.9000015258789,1972,0.0300140380859375,1.2099990844726562,2012,-0.008141999284897117,0.008616887193492639,0.0028967033985454194,-9.345170834851313e-05
2012-12-11,157.0,157.35000610351562,155.05999755859375,155.05999755859375,108.01000213623047,108.33999633789062,107.43000030517578,108.31999969482422,1065,1.94000244140625,0.9099960327148438,2012,0.014801843363423162,0.008801677579849964,0.006335603219742358,0.0028967033985454194
2012-12-12,154.86000061035156,157.25,155.16000366210938,155.16000366210938,109.5,110.47000122070312,108.8499984741211,108.9000015258789,1756,-0.3000030517578125,1.6200027465820312,2012,-0.013630569360818079,0.00872921699823662,0.013794998928805091,0.006335603219742358
2012-12-13,154.69000244140625,157.75,155.3300018310547,155.3300018310547,107.91000366210938,109.16999816894531,107.80999755859375,108.98999786376953,833,-0.6399993896484375,1.3600006103515625,2012,-0.0010977538956172816,0.008627945661283835,-0.01452051450128422,0.013794998928805091
2012-12-14,155.22999572753906,157.60000610351562,155.42999267578125,155.42999267578125,109.1500015258789,109.1500015258789,109.1500015258789,109.1500015258789,306,-0.1999969482421875,0.0,2012,0.0034908092159178228,0.008530417983667072,0.011491037176240448,-0.01452051450128422
2012-12-19,155.0,155.75999450683594,155.75999450683594,155.75999450683594,110.36000061035156,110.43000030517578,109.30999755859375,109.9800033569336,703,-0.7599945068359375,1.1200027465820312,2012,-0.0014816448745045285,0.008462016695358943,0.011085653390355388,0.011491037176240448
2012-12-20,156.4600067138672,157.0,155.22999572753906,155.22999572753906,110.19999694824219,110.52999877929688,109.75,110.2699966430664,473,1.230010986328125,0.779998779296875,2012,0.00941939815398185,0.008477483936257229,-0.0014498338276953682,0.011085653390355388
2012-12-21,155.36000061035156,156.89999389648438,154.85000610351562,154.85000610351562,108.97000122070312,109.83999633789062,108.76000213623047,109.58999633789062,571,0.5099945068359375,1.0799942016601562,2012,-0.0070305896479175845,0.008114272400584509,-0.011161486039938384,-0.0014498338276953682
2012-12-24,155.08999633789062,156.89999389648438,154.75,154.75,108.80000305175781,109.0,108.18000030517578,108.45999908447266,287,0.339996337890625,0.8199996948242188,2012,-0.001737926566685033,0.008121532052795663,-0.0015600455817285086,-0.011161486039938384
2012-12-26,155.1999969482422,156.89999389648438,156.89999389648438,156.89999389648438,111.06999969482422,111.45999908447266,109.93000030517578,109.93000030517578,413,-1.6999969482421875,1.529998779296875,2012,0.0007092695399379956,0.008121911795362168,0.020863939148848543,-0.0015600455817285086
2012-12-27,154.6999969482422,154.75,154.75,154.75,110.80000305175781,111.1500015258789,110.12000274658203,110.83000183105469,682,-0.0500030517578125,1.029998779296875,2012,-0.0032216495478846197,0.008084470821863674,-0.0024308692158840906,0.020863939148848543
2012-12-28,155.0399932861328,156.6999969482422,154.02999877929688,154.02999877929688,110.62000274658203,110.76000213623047,109.83000183105469,110.43000030517578,1101,1.0099945068359375,0.9300003051757812,2012,0.0021977785688280793,0.008071885670203985,-0.0016245514460112576,-0.0024308692158840906
2012-12-31,153.58999633789062,153.92999267578125,153.92999267578125,153.92999267578125,111.11000061035156,111.22000122070312,109.4800033569336,109.6500015258789,716,-0.339996337890625,1.7399978637695312,2012,-0.009352405901915661,0.00776719052063749,0.004429559316609932,-0.0016245514460112576
2013-01-02,153.6199951171875,155.8000030517578,154.0800018310547,154.30999755859375,112.47000122070312,112.9000015258789,111.76000213623047,111.94000244140625,1343,-0.69000244140625,1.1399993896484375,2013,0.00019531727333910176,0.007480286227719152,0.012240127827205294,0.004429559316609932
2013-01-03,155.0800018310547,157.75,153.99000549316406,153.99000549316406,112.13999938964844,112.38999938964844,111.69999694824219,111.91999816894531,752,1.089996337890625,0.69000244140625,2013,0.009504014843597863,0.007685268195403438,-0.002934132012741064,0.012240127827205294
2013-01-04,157.6999969482422,157.6999969482422,154.0399932861328,154.0399932861328,111.30999755859375,111.73999786376953,110.72000122070312,110.72000122070312,1279,3.660003662109375,1.0199966430664062,2013,0.01689447437614655,0.008287658481373956,-0.007401478826218888,-0.002934132012741064
2013-01-07,156.5,156.75,154.77000427246094,155.1199951171875,111.4000015258789,111.66999816894531,110.58000183105469,110.80000305175781,1860,1.3800048828125,1.089996337890625,2013,-0.00760936570364068,0.008411301630948605,0.0008085883501864899,-0.007401478826218888
2013-01-08,153.7899932861328,154.27999877929688,154.13999938964844,154.13999938964844,111.94000244140625,112.44000244140625,111.4800033569336,112.38999938964844,1385,-0.350006103515625,0.9599990844726562,2013,-0.017316336829822254,0.008990354646219294,0.004847404920384157,0.0008085883501864899
2013-01-09,154.66000366210938,157.64999389648438,154.07000732421875,154.07000732421875,111.76000213623047,111.94999694824219,111.12999725341797,111.88999938964844,1368,0.589996337890625,0.8199996948242188,2013,0.005657132544104382,0.008618719610406722,-0.0016080069791851725,0.004847404920384157
2013-01-10,153.9499969482422,157.64999389648438,153.66000366210938,157.64999389648438,111.88999938964844,112.98999786376953,111.66000366210938,112.97000122070312,1495,-3.6999969482421875,1.3299942016601562,2013,-0.004590758418824059,0.007940776128938046,0.0011631822739186504,-0.0016080069791851725
2013-01-11,151.77000427246094,157.64999389648438,154.17999267578125,154.17999267578125,110.63999938964844,110.73999786376953,109.69999694824219,110.69000244140625,1141,-2.4099884033203125,1.0400009155273438,2013,-0.014160394407244814,0.008313304336527093,-0.011171686538731351,0.0011631822739186504
2013-01-14,153.2100067138672,156.0500030517578,154.50999450683594,154.50999450683594,111.87999725341797,112.0199966430664,110.41000366210938,111.1500015258789,1019,-1.29998779296875,1.6099929809570312,2013,0.0094880569339717,0.00847662365767999,0.011207500638196422,-0.011171686538731351
2013-01-15,156.5,154.88999938964844,154.30999755859375,154.30999755859375,110.30000305175781,111.91000366210938,110.30000305175781,111.73999786376953,1227,2.19000244140625,1.6100006103515625,2013,0.02147374937641744,0.00934508698960472,-0.014122222385126948,0.011207500638196422
2013-01-16,155.1300048828125,156.5,154.92999267578125,154.94000244140625,110.61000061035156,110.61000061035156,110.44000244140625,110.5199966430664,33,0.19000244140625,0.1699981689453125,2013,-0.008753962410143812,0.009430847682896247,0.002810494560442356,-0.014122222385126948
2013-01-17,155.36000061035156,154.72999572753906,154.72999572753906,154.72999572753906,110.61000061035156,110.61000061035156,110.61000061035156,110.61000061035156,0,0.6300048828125,0.0,2013,0.001482599885900937,0.009413531174358988,0.0,0.002810494560442356
2013-01-18,154.52000427246094,154.8699951171875,154.8699951171875,154.8699951171875,110.61000061035156,110.61000061035156,110.61000061035156,110.61000061035156,5410,-0.3499908447265625,0.0,2013,-0.005406773523368935,0.009466662500585797,0.0,0.0
2013-01-22,154.8000030517578,157.0,154.72000122070312,154.72000122070312,112.41999816894531,112.6500015258789,111.56999969482422,112.19999694824219,7873,0.0800018310546875,1.0800018310546875,2013,0.0018120552132729895,0.009448939547130438,0.016363778578845523,0.0
2013-01-23,157.0,157.25,154.8699951171875,154.8699951171875,112.80000305175781,113.1500015258789,112.20999908447266,112.38999938964844,5558,2.1300048828125,0.94000244140625,2013,0.01421186631053617,0.009794802324102792,0.003380224951093025,0.016363778578845523
2013-01-24,155.25,157.14999389648438,155.14999389648438,155.14999389648438,113.27999877929688,113.62000274658203,112.43000030517578,112.43000030517578,5086,0.100006103515625,1.19000244140625,2013,-0.011146496815286677,0.009700398719377243,0.004255281157384605,0.003380224951093025
2013-01-25,154.6300048828125,157.14999389648438,154.82000732421875,154.82000732421875,113.27999877929688,113.81999969482422,112.83999633789062,113.62999725341797,3821,-0.19000244140625,0.9800033569335938,2013,-0.003993527324879231,0.00968669397232855,0.0,0.004255281157384605
2013-01-28,154.57000732421875,157.0,154.99000549316406,154.99000549316406,113.4800033569336,113.80000305175781,112.63999938964844,112.97000122070312,4057,-0.4199981689453125,1.160003662109375,2013,-0.00038800722174991975,0.009571463495959425,0.001765577152118336,0.0
2013-01-29,154.8800048828125,156.75,154.5800018310547,154.69000244140625,114.36000061035156,114.47000122070312,113.19000244140625,113.30000305175781,3241,0.19000244140625,1.279998779296875,2013,0.002005547932358631,0.009166284628351886,0.007754645993885534,0.001765577152118336
2013-01-30,154.02999877929688,155.02999877929688,155.02999877929688,155.02999877929688,114.9000015258789,115.22000122070312,114.26000213623047,114.93000030517578,2414,-1.0,0.9599990844726562,2013,-0.005488159069718335,0.00887739871716931,0.0047219387254748835,0.007754645993885534
2013-01-31,154.77000427246094,157.1999969482422,154.8699951171875,154.8699951171875,115.55000305175781,115.7300033569336,114.30999755859375,114.79000091552734,3222,-0.0999908447265625,1.4200057983398438,2013,0.00480429461162557,0.00892076017681764,0.0056571063293895385,0.0047219387254748835
2013-02-01,154.55999755859375,157.30999755859375,154.88999938964844,154.88999938964844,116.76000213623047,117.06999969482422,115.77999877929688,115.87000274658203,4956,-0.3300018310546875,1.2900009155273438,2013,-0.0013568954453053728,0.008900271518454007,0.010471649091438495,0.0056571063293895385
2013-02-04,154.88999938964844,157.3000030517578,155.0399932861328,155.10000610351562,115.5999984741211,116.30999755859375,115.33999633789062,115.95999908447266,2301,-0.2100067138671875,0.970001220703125,2013,0.0021351050483136014,0.008905488668004922,-0.009934940398133363,0.010471649091438495
2013-02-05,157.14999389648438,155.4499969482422,154.77999877929688,154.77999877929688,116.5199966430664,117.16999816894531,116.44000244140625,116.58000183105469,5214,2.3699951171875,0.7299957275390625,2013,0.014590964657121619,0.009140763195006958,0.007958461774125958,-0.009934940398133363
2013-02-06,154.58999633789062,155.13999938964844,155.0399932861328,155.0399932861328,116.7300033569336,117.02999877929688,115.7300033569336,116.18000030517578,3179,-0.4499969482421875,1.2999954223632812,2013,-0.016290153725873058,0.009540471652959947,0.0018023233772526126,0.007958461774125958
2013-02-07,155.1199951171875,157.10000610351562,154.92999267578125,154.92999267578125,117.23999786376953,117.79000091552734,116.75,117.69000244140625,6168,0.19000244140625,1.0400009155273438,2013,0.003428415756854264,0.009556905193191915,0.0043690096133766065,0.0018023233772526126
2013-02-08,156.9600067138672,157.25,154.8800048828125,154.8800048828125,118.9000015258789,119.1500015258789,118.0999984741211,118.22000122070312,3395,2.0800018310546875,1.0500030517578125,2013,0.011861859557754872,0.009797301414672345,0.014159021599763788,0.0043690096133766065
2013-02-11,155.47999572753906,157.25,154.99000549316406,154.99000549316406,118.12999725341797,118.52999877929688,117.55000305175781,118.02999877929688,2152,0.489990234375,0.9799957275390625,2013,-0.00942922351568276,0.009941407217250918,-0.0064760661276639375,0.014159021599763788
2013-02-12,154.8800048828125,157.25,155.11000061035156,155.11000061035156,118.66000366210938,118.81999969482422,117.95999908447266,118.81999969482422,1556,-0.2299957275390625,0.8600006103515625,2013,-0.0038589584590545956,0.00996124043766741,0.004486636934007748,-0.0064760661276639375
2013-02-13,154.9199981689453,157.35000610351562,154.88999938964844,154.88999938964844,118.72000122070312,118.91999816894531,118.36000061035156,118.72000122070312,225,0.029998779296875,0.55999755859375,2013,0.00025822110583662017,0.009802928008389474,0.000505625794219533,0.004486636934007748
2013-02-14,155.4499969482422,157.25,155.02000427246094,155.02000427246094,118.58000183105469,118.58000183105469,118.58000183105469,118.58000183105469,0,0.42999267578125,0.0,2013,0.0034211127392274054,0.009819034733873647,-0.0011792401297922028,0.000505625794219533
2013-02-15,154.61000061035156,155.10000610351562,155.10000610351562,155.10000610351562,118.58000183105469,118.58000183105469,118.58000183105469,118.58000183105469,5321,-0.4900054931640625,0.0,2013,-0.005403643321847729,0.009721313092078274,0.0,-0.0011792401297922028
2013-02-19,155.07000732421875,157.25,155.16000366210938,155.16000366210938,117.5199966430664,117.56999969482422,116.55999755859375,117.30999755859375,3321,-0.089996337890625,1.0100021362304688,2013,0.002975271405803115,0.00920276885013403,-0.00893915644813792,0.0
2013-02-20,154.55999755859375,157.0,154.99000549316406,154.99000549316406,115.5999984741211,117.5,115.02999877929688,117.48999786376953,4641,-0.4300079345703125,2.470001220703125,2013,-0.0032889001195355316,0.009121439791317142,-0.016337629542117482,-0.00893915644813792
2013-02-21,156.0800018310547,157.25,155.02999877929688,157.11000061035156,113.52999877929688,114.37000274658203,113.33000183105469,114.37000274658203,4022,-1.029998779296875,1.0400009155273438,2013,0.009834396328097128,0.008720761795670403,-0.01790657199089518,-0.016337629542117482
2013-02-22,154.8800048828125,154.92999267578125,154.92999267578125,154.92999267578125,114.0999984741211,114.55999755859375,113.63999938964844,114.19000244140625,2836,-0.04998779296875,0.9199981689453125,2013,-0.0076883452983368405,0.008790281390218938,0.005020696740535513,-0.01790657199089518
2013-02-25,154.72000122070312,157.10000610351562,155.05999755859375,157.10000610351562,114.44000244140625,115.81999969482422,113.47000122070312,115.51000213623047,4213,-2.3800048828125,2.3499984741210938,2013,-0.001033081463488017,0.00874893172087452,0.0029798770537430297,0.005020696740535513
2013-02-26,157.5,157.5,155.10000610351562,155.10000610351562,112.70999908447266,114.29000091552734,112.41000366210938,113.1500015258789,3942,2.399993896484375,1.8799972534179688,2013,0.017967934057415702,0.008895239976573356,-0.015117120936967487,0.0029798770537430297
2013-02-27,155.25,158.10000610351562,155.91000366210938,155.91000366210938,111.87000274658203,113.12999725341797,111.66000366210938,113.08000183105469,4940,-0.660003662109375,1.4699935913085938,2013,-0.014285714285714235,0.009192268503991685,-0.007452722426703917,-0.015117120936967487
2013-02-28,155.6300048828125,158.5,156.16000366210938,156.16000366210938,111.37999725341797,112.55999755859375,110.87000274658203,112.08000183105469,5369,-0.529998779296875,1.6899948120117188,2013,0.0024476965076489776,0.008307805960337245,-0.004380133021665067,-0.007452722426703917
2013-03-01,156.86000061035156,158.39999389648438,155.80999755859375,155.80999755859375,110.4000015258789,110.73999786376953,109.83999633789062,110.55999755859375,5687,1.0500030517578125,0.9000015258789062,2013,0.007903332833955945,0.008269660877133348,-0.008798668986400915,-0.004380133021665067
2013-03-04,155.7100067138672,157.1999969482422,155.35000610351562,155.35000610351562,110.08999633789062,110.87999725341797,109.58000183105469,110.4000015258789,3618,0.3600006103515625,1.2999954223632812,2013,-0.007331339360000522,0.008385727113782816,-0.0028080179683296347,-0.008798668986400915
2013-03-05,155.0399932861328,157.0,155.08999633789062,155.08999633789062,111.61000061035156,111.80999755859375,110.41999816894531,110.55999755859375,5330,-0.0500030517578125,1.3899993896484375,2013,-0.004302956771208621,0.008363082324662631,0.013806924543767973,-0.0028080179683296347
2013-03-06,157.25,155.64999389648438,155.5800018310547,155.64999389648438,111.05999755859375,111.66999816894531,110.45999908447266,111.41999816894531,4002,1.600006103515625,1.2099990844726562,2013,0.014254429886284337,0.008748223352030498,-0.004927901162530834,0.013806924543767973
2013-03-07,158.0,158.0,155.88999938964844,155.88999938964844,111.1500015258789,111.4000015258789,110.41999816894531,110.79000091552734,4272,2.1100006103515625,0.9800033569335938,2013,0.004769475357710551,0.008403190455637565,0.0008104085112883297,-0.004927901162530834
2013-03-08,154.91000366210938,158.0,155.6199951171875,155.6199951171875,110.8499984741211,110.94000244140625,109.1500015258789,109.7699966430664,4486,-0.709991455078125,1.7900009155273438,2013,-0.019556938847409056,0.00892072387531719,-0.0026990827497915815,0.0008104085112883297
2013-03-11,156.8699951171875,158.25,155.0,156.72000122070312,110.22000122070312,110.4800033569336,109.54000091552734,110.16999816894531,2427,0.149993896484375,0.94000244140625,2013,0.012652452448153495,0.009179910202610043,-0.005683331187100071,-0.0026990827497915815
2013-03-12,154.58999633789062,158.25,156.1300048828125,156.1300048828125,109.6500015258789,111.18000030517578,109.31999969482422,109.83999633789062,2388,-1.540008544921875,1.8600006103515625,2013,-0.014534320458119643,0.009582665738358077,-0.005171472405292921,-0.005683331187100071
2013-03-13,155.88999938964844,158.75,156.5399932861328,156.5399932861328,108.5199966430664,109.66999816894531,108.31999969482422,109.66000366210938,950,-0.649993896484375,1.3499984741210938,2013,0.008409360777241748,0.009698384251104248,-0.01030556194334209,-0.005171472405292921
2013-03-14,158.60000610351562,159.25,157.07000732421875,157.07000732421875,109.41999816894531,109.94000244140625,108.97000122070312,108.97000122070312,269,1.529998779296875,0.970001220703125,2013,0.01738409599382651,0.01012057687953596,0.008293416455209757,-0.01030556194334209
2013-03-15,155.97000122070312,157.1199951171875,152.0,157.1199951171875,109.37999725341797,109.37999725341797,109.37999725341797,109.37999725341797,2567,-1.149993896484375,0.0,2013,-0.016582627878941825,0.010587627524225585,-0.0003655722554992691,0.008293416455209757
2013-03-19,156.5399932861328,158.5500030517578,156.36000061035156,156.36000061035156,107.44999694824219,109.27999877929688,107.27999877929688,109.01000213623047,3327,0.17999267578125,2.0,2013,0.0036544980507060565,0.010599919949588426,-0.017644910894486943,-0.0003655722554992691
2013-03-20,157.3699951171875,158.5,156.57000732421875,156.57000732421875,108.72000122070312,108.88999938964844,107.75,108.16999816894531,2745,0.79998779296875,1.1399993896484375,2013,0.0053021711169845,0.010632705462208788,0.011819491005408578,-0.017644910894486943
2013-03-21,156.2899932861328,158.5,156.3699951171875,156.3699951171875,107.47000122070312,108.55999755859375,107.0999984741211,108.37000274658203,3484,-0.0800018310546875,1.4599990844726562,2013,-0.00686281924486587,0.010376548161167351,-0.011497424447802218,0.011819491005408578
2013-03-22,156.6999969482422,158.5,156.16000366210938,156.16000366210938,107.66000366210938,107.94999694824219,107.01000213623047,107.55000305175781,2605,0.5399932861328125,0.9399948120117188,2013,0.0026233519721172716,0.009925666475092219,0.0017679579347547048,-0.011497424447802218
2013-03-25,155.6699981689453,158.25,155.88999938964844,155.88999938964844,108.16999816894531,109.02999877929688,107.29000091552734,108.37999725341797,3055,-0.220001220703125,1.7399978637695312,2013,-0.0065730618976149735,0.009991648003655148,0.004737084241948963,0.0017679579347547048
2013-03-26,157.50999450683594,158.25,156.0,156.0,109.36000061035156,109.52999877929688,107.95999908447266,108.33999633789062,3355,1.5099945068359375,1.5699996948242188,2013,0.011819851991606845,0.009989955236708077,0.011001224568273127,0.004737084241948963
2013-03-27,155.9499969482422,158.1999969482422,155.97999572753906,156.02000427246094,109.69000244140625,109.94000244140625,109.05000305175781,109.55000305175781,3926,-0.07000732421875,0.8899993896484375,2013,-0.009904117916314514,0.010006045278100643,0.003017573420015518,0.011001224568273127
2013-03-28,158.0,156.11000061035156,156.11000061035156,156.11000061035156,110.0199966430664,110.02999877929688,109.0199966430664,109.87999725341797,2175,1.8899993896484375,1.0100021362304688,2013,0.013145258684667871,0.010249823007328813,0.0030084255111255676,0.003017573420015518
2013-04-01,156.0,158.4499969482422,158.25,158.25,111.08000183105469,111.30000305175781,109.63999938964844,109.68000030517578,1788,-2.25,1.660003662109375,2013,-0.012658227848101222,0.01053696656179558,0.00963465933767682,0.0030084255111255676
2013-04-02,158.39999389648438,158.39999389648438,156.02000427246094,156.02000427246094,110.69000244140625,111.77999877929688,110.0199966430664,111.41000366210938,4299,2.3799896240234375,1.7600021362304688,2013,0.015384576259515281,0.01088052134080307,-0.0035109775226831452,0.00963465933767682
2013-04-03,156.19000244140625,158.10000610351562,155.77999877929688,155.77999877929688,107.11000061035156,110.12000274658203,106.83000183105469,109.94000244140625,5172,0.410003662109375,3.2900009155273438,2013,-0.013951966794407689,0.011153944866526055,-0.03234259420086072,-0.0035109775226831452
2013-04-04,155.44000244140625,158.0,155.52999877929688,155.52999877929688,106.33999633789062,108.02999877929688,105.30999755859375,107.18000030517578,7158,-0.089996337890625,2.720001220703125,2013,-0.004801843833003083,0.0111823467990181,-0.007188911101420725,-0.03234259420086072
2013-04-05,154.0,157.60000610351562,155.10000610351562,155.10000610351562,104.12000274658203,105.88999938964844,103.62999725341797,105.69000244140625,8817,-1.100006103515625,2.2600021362304688,2013,-0.009264040264983064,0.011298136423062434,-0.020876374532256547,-0.007188911101420725
2013-04-08,155.10000610351562,157.39999389648438,155.2100067138672,155.2100067138672,104.66000366210938,105.55000305175781,103.44000244140625,105.37000274658203,3754,-0.1100006103515625,2.1100006103515625,2013,0.00714289677607538,0.011227327709773935,0.005186332129107241,-0.020876374532256547
2013-04-09,155.3000030517578,157.5,155.0500030517578,155.0500030517578,106.2300033569336,106.5,104.29000091552734,105.33999633789062,4934,0.25,2.2099990844726562,2013,0.0012894709243835845,0.011138740277552869,0.015000952034101678,0.005186332129107241
2013-04-10,154.80999755859375,157.5500030517578,155.36000061035156,155.36000061035156,105.79000091552734,106.12000274658203,105.16999816894531,105.80999755859375,3159,-0.5500030517578125,0.9500045776367188,2013,-0.003155218825081074,0.011153243368347434,-0.004141978984297245,0.015000952034101678
2013-04-11,157.5500030517578,157.5500030517578,155.19000244140625,155.19000244140625,104.2699966430664,105.91999816894531,103.7300033569336,105.7300033569336,2429,2.3600006103515625,2.1899948120117188,2013,0.01769915080663309,0.011138476210653066,-0.014368127982857803,-0.004141978984297245
2013-04-12,155.55999755859375,157.5,155.50999450683594,155.50999450683594,103.11000061035156,103.23999786376953,101.30000305175781,102.94999694824219,3004,0.0500030517578125,1.9399948120117188,2013,-0.012630945443462216,0.011068810268426306,-0.01112492634564577,-0.014368127982857803
2013-04-15,154.94000244140625,158.17999267578125,155.60000610351562,155.8699951171875,100.38999938964844,101.41999816894531,100.3499984741211,101.41999816894531,1126,-0.92999267578125,1.0699996948242188,2013,-0.0039855690853554115,0.011084580530842584,-0.02637960629039171,-0.01112492634564577
2013-04-16,156.25999450683594,158.10000610351562,155.5500030517578,155.92999267578125,100.36000061035156,100.36000061035156,100.36000061035156,100.36000061035156,0,0.3300018310546875,0.0,2013,0.008519375530078976,0.011100456019695023,-0.0002988223874814677,-0.02637960629039171
2013-04-17,155.05999755859375,158.0500030517578,155.77000427246094,155.77000427246094,100.36000061035156,100.36000061035156,100.36000061035156,100.36000061035156,4442,-0.7100067138671875,0.0,2013,-0.007679489251419924,0.01110849021638045,0.0,-0.0002988223874814677
2013-04-18,157.05999755859375,158.5,156.19000244140625,156.22000122070312,99.12999725341797,99.7699966430664,97.55000305175781,98.80999755859375,6283,0.839996337890625,2.2199935913085938,2013,0.01289823314516858,0.01132481159614593,-0.01225591221057376,0.0
2013-04-19,156.82000732421875,158.5,156.17999267578125,156.17999267578125,99.6500015258789,100.11000061035156,99.05000305175781,100.11000061035156,4312,0.6400146484375,1.05999755859375,2013,-0.0015280162874411474,0.011026163941551646,0.005245680287184751,-0.01225591221057376
2013-04-22,156.85000610351562,158.5,156.0800018310547,156.13999938964844,100.38999938964844,101.01000213623047,99.23999786376953,100.66000366210938,3890,0.7100067138671875,1.7700042724609375,2013,0.00019129433679254682,0.010989030439652025,0.0074259694173446356,0.005245680287184751
2013-04-23,155.8800048828125,156.36000061035156,156.36000061035156,156.36000061035156,100.30999755859375,100.56999969482422,99.02999877929688,99.52999877929688,4381,-0.4799957275390625,1.5400009155273438,2013,-0.006184260012479403,0.010433311846457616,-0.0007969103649874132,0.0074259694173446356
2013-04-24,158.60000610351562,158.60000610351562,156.38999938964844,156.38999938964844,101.7300033569336,101.9800033569336,100.48999786376953,100.93000030517578,4467,2.2100067138671875,1.4900054931640625,2013,0.017449327274193793,0.010663978587824332,0.014156174189022153,-0.0007969103649874132
2013-04-25,156.42999267578125,156.75,156.7100067138672,156.7100067138672,103.41000366210938,103.4800033569336,101.6500015258789,102.0,5471,-0.2800140380859375,1.8300018310546875,2013,-0.013682303557529751,0.010623836044868978,0.016514305020528308,0.014156174189022153
2013-04-26,157.44000244140625,158.6999969482422,156.92999267578125,157.35000610351562,103.16000366210938,103.45999908447266,102.30000305175781,102.69999694824219,4974,0.089996337890625,1.1599960327148438,2013,0.006456624770918129,0.010579270190455984,-0.0024175610786831836,0.016514305020528308
2013-04-29,156.57000732421875,158.6999969482422,156.5,156.5,103.80999755859375,103.93000030517578,102.95999908447266,103.18000030517578,4138,0.07000732421875,0.970001220703125,2013,-0.005525883534658105,0.010127002226077781,0.006300832429333436,-0.0024175610786831836
2013-04-30,156.3800048828125,157.75,155.8300018310547,155.8300018310547,102.37000274658203,103.88999938964844,101.5,103.68000030517578,6356,0.5500030517578125,2.3899993896484375,2013,-0.0012135302581470775,0.009656906055420708,-0.013871446352736294,0.006300832429333436
2013-05-01,154.74000549316406,157.75,155.72000122070312,155.72000122070312,99.94999694824219,101.16999816894531,98.76000213623047,100.80000305175781,8670,-0.9799957275390625,2.4099960327148438,2013,-0.010487270357085743,0.009822787956273105,-0.023639794211304244,-0.013871446352736294
2013-05-02,157.8000030517578,157.8000030517578,155.89999389648438,155.89999389648438,102.8499984741211,102.95999908447266,100.22000122070312,100.83999633789062,7583,1.9000091552734375,2.7399978637695312,2013,0.019775090151001207,0.010445088686200827,0.029014523405945125,-0.023639794211304244
2013-05-03,157.1300048828125,158.0500030517578,155.91000366210938,155.91000366210938,104.19000244140625,104.9000015258789,103.37000274658203,103.44000244140625,7412,1.220001220703125,1.529998779296875,2013,-0.00424586917609604,0.010395367104716707,0.013028721314199299,0.029014523405945125
2013-05-06,158.0,158.0,155.4600067138672,155.4600067138672,105.45999908447266,105.52999877929688,103.91000366210938,104.68000030517578,3668,2.5399932861328125,1.6199951171875,2013,0.005536785401593747,0.010432033748235635,0.012189237098642058,0.013028721314199299
2013-05-07,157.6999969482422,158.0,155.42999267578125,155.42999267578125,104.4000015258789,105.93000030517578,104.02999877929688,105.08000183105469,7856,2.2700042724609375,1.9000015258789062,2013,-0.0018987534921380833,0.010360067787579736,-0.010051181185244507,0.012189237098642058
2013-05-08,157.89999389648438,155.5800018310547,155.5800018310547,155.5800018310547,104.33999633789062,104.79000091552734,103.52999877929688,103.73999786376953,7772,2.3199920654296875,1.2600021362304688,2013,0.0012682114908844078,0.010138684453874489,-0.0005747623286519454,-0.010051181185244507
2013-05-09,155.25,157.64999389648438,155.24000549316406,155.24000549316406,104.47000122070312,104.5199966430664,103.45999908447266,103.80999755859375,5308,0.0099945068359375,1.05999755859375,2013,-0.016782735901951007,0.010446582903042673,0.0012459736187022674,-0.0005747623286519454
2013-05-10,157.25,157.5,155.00999450683594,155.16000366210938,103.91000366210938,104.05000305175781,101.56999969482422,103.87999725341797,5241,2.089996337890625,2.4800033569335938,2013,0.012882447665056418,0.010435198908857544,-0.005360367110657016,0.0012459736187022674
2013-05-13,155.27000427246094,157.5,155.10000610351562,155.3800048828125,102.81999969482422,103.5999984741211,102.2699966430664,102.72000122070312,5649,-0.1100006103515625,1.3300018310546875,2013,-0.012591387774493201,0.01043243327591169,-0.010489884793283166,-0.005360367110657016
2013-05-14,155.1699981689453,157.75,154.9499969482422,154.9499969482422,102.5999984741211,102.91000366210938,101.97000122070312,102.08000183105469,3504,0.220001220703125,0.94000244140625,2013,-0.0006440787065358222,0.010013905374379961,-0.002139673423031563,-0.010489884793283166
2013-05-15,155.39999389648438,157.1999969482422,155.0399932861328,155.0399932861328,103.68000030517578,103.79000091552734,101.25,102.2300033569336,2940,0.3600006103515625,2.5400009155273438,2013,0.001482217762796223,0.009697792576980549,0.010526333792559406,-0.002139673423031563
2013-05-16,154.82000732421875,157.75,155.3800048828125,155.3800048828125,103.80000305175781,104.04000091552734,103.55999755859375,103.83999633789062,512,-0.55999755859375,0.48000335693359375,2013,-0.0037322174713337875,0.00968195337001503,0.0011574338949538188,0.010526333792559406
2013-05-17,155.1300048828125,158.25,155.83999633789062,155.83999633789062,103.72000122070312,103.72000122070312,103.72000122070312,103.72000122070312,0,-0.709991455078125,0.0,2013,0.002002309416925474,0.009531084175157146,-0.000770730527000052,0.0011574338949538188
2013-05-20,156.11000061035156,158.0,156.1199951171875,156.1199951171875,103.72000122070312,103.72000122070312,103.72000122070312,103.72000122070312,3976,-0.0099945068359375,0.0,2013,0.006317254539373929,0.009511778910022221,0.0,-0.000770730527000052
2013-05-21,155.8000030517578,158.0,155.6699981689453,155.6699981689453,103.91000366210938,104.5999984741211,103.51000213623047,104.3499984741211,3839,0.1300048828125,1.089996337890625,2013,-0.0019857636114389843,0.009518349488180157,0.0018318785110882363,0.0
2013-05-22,155.16000366210938,158.27999877929688,156.02000427246094,156.02000427246094,102.5999984741211,103.77999877929688,102.23999786376953,103.2699966430664,4718,-0.8600006103515625,1.5400009155273438,2013,-0.0041078265539945535,0.00953133903231128,-0.01260711328861186,0.0018318785110882363
2013-05-23,156.91000366210938,158.0,156.07000732421875,156.07000732421875,102.44000244140625,102.66000366210938,100.66000366210938,102.0199966430664,4740,0.839996337890625,2.0,2013,0.011278679805982517,0.009188917602991802,-0.0015594155467283377,-0.01260711328861186
2013-05-24,155.52999877929688,158.10000610351562,155.19000244140625,155.19000244140625,102.63999938964844,102.7699966430664,101.66999816894531,102.25,2671,0.339996337890625,1.0999984741210938,2013,-0.008794881464563642,0.009033838669837329,0.001952332521239164,-0.0015594155467283377
2013-05-28,156.0399932861328,158.25,155.89999389648438,155.89999389648438,104.2300033569336,104.68000030517578,103.98999786376953,104.06999969482422,4450,0.1399993896484375,0.69000244140625,2013,0.0032790748462594443,0.009019761618061556,0.015491075377437324,0.001952332521239164
2013-05-29,156.86000061035156,158.1999969482422,155.6999969482422,155.6999969482422,102.43000030517578,104.37999725341797,102.19000244140625,103.9000015258789,3856,1.160003662109375,2.1899948120117188,2013,0.005255109968603344,0.008936179957532408,-0.017269528866786454,0.015491075377437324
2013-05-30,155.8699951171875,158.1300048828125,156.13999938964844,156.13999938964844,102.19000244140625,102.8499984741211,101.0999984741211,101.8499984741211,4542,-0.2700042724609375,1.75,2013,-0.006311395443783563,0.0088981707729737,-0.0023430426931024817,-0.017269528866786454
2013-05-31,155.39999389648438,158.11000061035156,156.5,156.5,100.38999938964844,101.80000305175781,100.05000305175781,101.79000091552734,5185,-1.100006103515625,1.75,2013,-0.0030153412165681015,0.008584621269747801,-0.017614277412214552,-0.0023430426931024817
2013-06-03,156.41000366210938,158.0500030517578,155.88999938964844,155.88999938964844,102.05999755859375,102.37999725341797,101.0199966430664,101.05999755859375,4609,0.5200042724609375,1.3600006103515625,2013,0.006499419596488476,0.008670302409268093,0.016635104881946194,-0.017614277412214552
2013-06-04,155.19000244140625,158.25,155.94000244140625,155.94000244140625,103.23999786376953,103.55000305175781,101.5,101.69000244140625,6820,-0.75,2.0500030517578125,2013,-0.007800020408788466,0.008784606962095577,0.011561829643375487,0.016635104881946194
2013-06-05,156.08999633789062,158.5,156.3300018310547,156.3300018310547,103.04000091552734,104.05999755859375,102.8499984741211,103.36000061035156,4854,-0.2400054931640625,1.2099990844726562,2013,0.0057993033206129585,0.00878108584999568,-0.001937204110620927,0.011561829643375487
2013-06-06,156.00999450683594,158.5,156.3800048828125,156.3800048828125,103.61000061035156,103.94000244140625,102.9000015258789,103.0,4502,-0.3700103759765625,1.0400009155273438,2013,-0.0005125365682083771,0.008145434164953384,0.005531829287263923,-0.001937204110620927
2013-06-07,154.8300018310547,158.5,156.97000122070312,156.97000122070312,104.55999755859375,105.0,102.9000015258789,104.12999725341797,7588,-2.1399993896484375,2.0999984741210938,2013,-0.007563571036018124,0.007876572505853123,0.009168969623066126,0.005531829287263923
2013-06-10,154.8300018310547,159.0,156.8800048828125,156.97000122070312,103.94999694824219,104.38999938964844,103.72000122070312,104.16999816894531,4235,-2.1399993896484375,0.6699981689453125,2013,0.0,0.007772755386301524,-0.005833976899336957,0.009168969623066126
2013-06-11,154.8300018310547,159.0,156.4499969482422,156.97000122070312,102.95999908447266,103.0,101.81999969482422,102.7699966430664,4916,-2.1399993896484375,1.1800003051757812,2013,0.0,0.007715495187907075,-0.00952378925285069,-0.005833976899336957
2013-06-12,154.8300018310547,159.3000030517578,156.4499969482422,156.97000122070312,103.48999786376953,104.05000305175781,102.91000366210938,103.30000305175781,3238,-2.1399993896484375,1.1399993896484375,2013,0.0,0.007713958625539507,0.005147618337312254,-0.00952378925285069
2013-06-13,157.10000610351562,158.4499969482422,157.05999755859375,157.05999755859375,104.25,104.25,103.08999633789062,103.08999633789062,34,0.040008544921875,1.160003662109375,2013,0.014661268782634851,0.007932453856711975,0.007343725499259435,0.005147618337312254
2013-06-14,157.97000122070312,159.6999969482422,158.02000427246094,158.02000427246094,104.29000091552734,104.29000091552734,104.29000091552734,104.29000091552734,4848,-0.0500030517578125,0.0,2013,0.005537842669555593,0.0071266435013330924,0.0003837018276005022,0.007343725499259435
2013-06-18,159.67999267578125,160.0,158.02999877929688,158.02999877929688,106.0199966430664,106.22000122070312,105.26000213623047,105.27999877929688,4524,1.649993896484375,0.9599990844726562,2013,0.010824785983821528,0.007340577014713597,0.016588318269747937,0.0003837018276005022
2013-06-19,157.77999877929688,160.0,158.27000427246094,158.27000427246094,106.12000274658203,106.52999877929688,105.45999908447266,106.33999633789062,4520,-0.4900054931640625,1.0699996948242188,2013,-0.01189875991754441,0.007618161061503776,0.0009432758600464997,0.016588318269747937
2013-06-20,159.4499969482422,160.5500030517578,158.58999633789062,158.58999633789062,102.1500015258789,104.44000244140625,101.75,104.22000122070312,9237,0.8600006103515625,2.69000244140625,2013,0.010584346443564874,0.00784931944792957,-0.03741048923814694,0.0009432758600464997
2013-06-21,158.3800048828125,160.5500030517578,158.17999267578125,158.17999267578125,100.91000366210938,102.69999694824219,100.08000183105469,102.62999725341797,7294,0.20001220703125,2.6199951171875,2013,-0.006710517942355332,0.00795329042352099,-0.012138990163944263,-0.03741048923814694
2013-06-24,160.8000030517578,161.0399932861328,159.11000061035156,161.0399932861328,101.16000366210938,101.62000274658203,99.72000122070312,100.79000091552734,8744,-0.239990234375,1.9000015258789062,2013,0.01527969500149906,0.007753714699345447,0.0024774550681527785,-0.012138990163944263
2013-06-25,158.89999389648438,160.25,157.61000061035156,157.61000061035156,101.26000213623047,101.91000366210938,100.94000244140625,101.8499984741211,5444,1.2899932861328125,0.970001220703125,2013,-0.01181597710953941,0.0077817435478407145,0.0009885178974005093,0.0024774550681527785
2013-06-26,160.0,161.0,158.5,158.5,101.66000366210938,101.87000274658203,100.2699966430664,101.22000122070312,6116,1.5,1.600006103515625,2013,0.006922631502630727,0.007469649569432421,0.003950242123644809,0.0009885178974005093
2013-06-27,158.6999969482422,161.0,158.6699981689453,158.6699981689453,102.81999969482422,103.33999633789062,101.83000183105469,102.06999969482422,8070,0.029998779296875,1.5099945068359375,2013,-0.008125019073486284,0.007650076046825828,0.011410544864530525,0.003950242123644809
2013-06-28,159.2899932861328,162.25,159.3300018310547,159.3300018310547,102.16000366210938,103.30000305175781,101.87999725341797,102.91000366210938,8321,-0.040008544921875,1.4200057983398438,2013,0.0037176833600258696,0.007668034801711218,-0.006418946067630382,0.011410544864530525
2013-07-01,160.22999572753906,162.1999969482422,159.49000549316406,160.19000244140625,103.0,103.69000244140625,102.5199966430664,102.72000122070312,7087,0.0399932861328125,1.1700057983398438,2013,0.0059012020906907825,0.007671113558359494,0.008222360099642056,-0.006418946067630382
2013-07-02,161.60000610351562,161.60000610351562,157.97000122070312,159.19000244140625,104.0,104.11000061035156,102.9800033569336,102.9800033569336,5326,2.410003662109375,1.1299972534179688,2013,0.008550274059210272,0.007787762458494774,0.009708737864077666,0.008222360099642056
2013-07-03,158.57000732421875,160.25,157.99000549316406,157.99000549316406,105.76000213623047,106.0199966430664,104.80000305175781,104.80000305175781,6544,0.5800018310546875,1.2199935913085938,2013,-0.018749991737970317,0.008548716077833408,0.016923097463754422,0.009708737864077666
2013-07-05,159.9499969482422,160.0,159.8300018310547,159.8300018310547,107.72000122070312,107.8499984741211,106.18000030517578,106.3499984741211,7411,0.1199951171875,1.6699981689453125,2013,0.008702715269488959,0.008661094321232595,0.01853251744405182,0.016923097463754422
2013-07-08,160.44000244140625,160.52000427246094,159.24000549316406,160.52000427246094,107.43000030517578,107.66000366210938,106.80000305175781,107.08999633789062,4529,-0.0800018310546875,0.8600006103515625,2013,0.003063491731873036,0.008616593072070447,-0.002692173340521742,0.01853251744405182
2013-07-09,159.05999755859375,161.4499969482422,159.0500030517578,159.0500030517578,107.80999755859375,108.16999816894531,106.8499984741211,107.18000030517578,5029,0.0099945068359375,1.3199996948242188,2013,-0.008601376600679611,0.00857528281622188,0.003537161429195912,-0.002692173340521742
2013-07-10,160.05999755859375,161.75,158.7100067138672,158.7100067138672,108.51000213623047,108.62000274658203,107.87000274658203,108.13999938964844,4574,1.3499908447265625,0.75,2013,0.0062869358440145184,0.008453448271809832,0.006492946790544796,0.003537161429195912
2013-07-11,156.72000122070312,160.8000030517578,159.13999938964844,159.13999938964844,107.7300033569336,108.54000091552734,107.30999755859375,108.19000244140625,4952,-2.4199981689453125,1.2300033569335938,2013,-0.02086715224813085,0.009332039807840361,-0.007188266186905157,0.006492946790544796
2013-07-12,158.75,161.35000610351562,158.67999267578125,158.67999267578125,108.80999755859375,109.05999755859375,107.7699966430664,107.80000305175781,4515,0.07000732421875,1.2900009155273438,2013,0.012953029373947711,0.009578765946031707,0.010025008521367118,-0.007188266186905157
2013-07-15,158.7100067138672,161.35000610351562,159.3699951171875,159.3699951171875,109.08999633789062,109.08999633789062,108.48999786376953,108.48999786376953,4334,-0.6599884033203125,0.5999984741210938,2013,-0.00025192621186020947,0.009494931199702822,0.0025732817349444215,0.010025008521367118
2013-07-16,158.97999572753906,161.1999969482422,158.72000122070312,159.0,109.4000015258789,109.4000015258789,109.1500015258789,109.1500015258789,18,-0.0200042724609375,0.25,2013,0.0017011467598173624,0.009471238897539215,0.0028417379997711656,0.0025732817349444215
2013-07-17,158.1999969482422,161.0500030517578,159.0,159.0,109.36000061035156,109.36000061035156,109.36000061035156,109.36000061035156,3702,-0.8000030517578125,0.0,2013,-0.004906269972692945,0.009463607325353488,-0.0003656390765029993,0.0028417379997711656
2013-07-19,161.10000610351562,161.10000610351562,158.8300018310547,158.8300018310547,108.06999969482422,109.16999816894531,107.04000091552734,108.95999908447266,6176,2.2700042724609375,2.1299972534179688,2013,0.018331284520961333,0.00987433964497758,-0.011795911744035159,-0.0003656390765029993
2013-07-22,158.60000610351562,161.10000610351562,158.5399932861328,158.60000610351562,108.1500015258789,108.66000366210938,107.58000183105469,108.37000274658203,8730,0.0,1.0800018310546875,2013,-0.015518311019762532,0.010296928196751138,0.0007402778873009108,-0.011795911744035159
2013-07-23,161.0,161.5,159.10000610351562,159.10000610351562,108.41999816894531,108.5999984741211,107.79000091552734,108.0199966430664,9570,1.899993896484375,0.80999755859375,2013,0.015132369508976895,0.01063029687835646,0.002496501518789218,0.0007402778873009108
2013-07-24,158.52999877929688,161.5,157.8699951171875,157.8699951171875,107.19000244140625,107.88999938964844,106.2699966430664,107.80000305175781,5810,0.660003662109375,1.6200027465820312,2013,-0.015341622488839302,0.01093936196869206,-0.011344731122596263,0.002496501518789218
2013-07-25,158.27000427246094,159.8000030517578,158.6199951171875,158.6199951171875,107.6500015258789,107.8499984741211,106.66999816894531,106.66999816894531,4913,-0.3499908447265625,1.1800003051757812,2013,-0.0016400334879071998,0.010947827345642683,0.004291436458583098,-0.011344731122596263
2013-07-26,157.6699981689453,161.0500030517578,158.35000610351562,158.35000610351562,107.16999816894531,107.27999877929688,106.52999877929688,107.0999984741211,3172,-0.6800079345703125,0.75,2013,-0.0037910285418499834,0.01097910467517632,-0.004458925686296467,0.004291436458583098
2013-07-29,158.3300018310547,160.60000610351562,158.38999938964844,158.38999938964844,107.44999694824219,107.87000274658203,106.83999633789062,107.5999984741211,5249,-0.05999755859375,1.0300064086914062,2013,0.004185981288603591,0.010996954548203175,0.002612660110859366,-0.004458925686296467
2013-07-30,160.64999389648438,160.64999389648438,158.49000549316406,158.49000549316406,106.91000366210938,107.37999725341797,106.55999755859375,107.23999786376953,7855,2.1599884033203125,0.8199996948242188,2013,0.014652889778307587,0.010996590565092296,-0.005025530958301716,0.002612660110859366
2013-07-31,160.5500030517578,160.5500030517578,158.24000549316406,158.24000549316406,107.69999694824219,107.9000015258789,105.73999786376953,106.08999633789062,6517,2.30999755859375,2.160003662109375,2013,-0.0006224142454122061,0.010962603475816693,0.007389329894979646,-0.005025530958301716
2013-08-01,157.67999267578125,160.5,157.58999633789062,157.58999633789062,109.54000091552734,109.62999725341797,108.52999877929688,109.19999694824219,5495,0.089996337890625,1.0999984741210938,2013,-0.017876115362335687,0.011286929510397852,0.01708453128526477,0.007389329894979646
2013-08-02,159.5,159.5,157.77999877929688,157.77999877929688,108.94999694824219,109.3499984741211,108.38999938964844,109.33999633789062,3957,1.720001220703125,0.9599990844726562,2013,0.011542411268124608,0.011271844477753895,-0.005386196479404304,0.01708453128526477
2013-08-05,156.8699951171875,160.5,157.82000732421875,157.82000732421875,108.69999694824219,108.87999725341797,107.55999755859375,108.13999938964844,4489,-0.95001220703125,1.3199996948242188,2013,-0.016489058826410607,0.011511482905588118,-0.002294630628753125,-0.005386196479404304
2013-08-06,157.9499969482422,160.5,157.32000732421875,157.32000732421875,108.18000030517578,109.0199966430664,107.47000122070312,108.76000213623047,3859,0.6299896240234375,1.5499954223632812,2013,0.006884693470206926,0.011525318372802176,-0.004783777899405095,-0.002294630628753125
2013-08-07,156.86000061035156,159.5,157.52999877929688,157.52999877929688,107.44000244140625,107.93000030517578,107.08999633789062,107.69000244140625,4690,-0.6699981689453125,0.8400039672851562,2013,-0.006900894960117032,0.011216897527359316,-0.006840431333721586,-0.004783777899405095
2013-08-08,157.0800018310547,157.83999633789062,157.83999633789062,157.83999633789062,106.68000030517578,107.01000213623047,105.8499984741211,106.94999694824219,8136,-0.7599945068359375,1.160003662109375,2013,0.0014025323208408658,0.011025848901853744,-0.007073735284443439,-0.006840431333721586
2013-08-09,159.8000030517578,160.00999450683594,157.82000732421875,157.82000732421875,108.22000122070312,108.26000213623047,106.62000274658203,107.37000274658203,5252,1.9799957275390625,1.6399993896484375,2013,0.01731602488538675,0.011417753536588266,0.01443570407875816,-0.007073735284443439
2013-08-12,159.9499969482422,158.1300048828125,158.0800018310547,158.0800018310547,108.97000122070312,109.12000274658203,107.55000305175781,108.0199966430664,6891,1.8699951171875,1.5699996948242188,2013,0.000938635129035692,0.01131420491243326,0.006930327033266792,0.01443570407875816
2013-08-13,160.1999969482422,160.1999969482422,158.47000122070312,158.47000122070312,109.81999969482422,110.04000091552734,109.0199966430664,109.58999633789062,5136,1.7299957275390625,1.0200042724609375,2013,0.001562988463706505,0.011298744433680945,0.007800297922357036,0.006930327033266792
2013-08-14,160.39999389648438,158.5500030517578,158.5500030517578,158.5500030517578,110.19999694824219,110.31999969482422,109.05000305175781,109.05000305175781,5913,1.8499908447265625,1.2699966430664062,2013,0.0012484204247944497,0.011250352561662432,0.0034601826122193646,0.007800297922357036
2013-08-15,160.8000030517578,161.10000610351562,158.88999938964844,158.88999938964844,111.11000061035156,111.29000091552734,110.55999755859375,110.9800033569336,121,1.910003662109375,0.7300033569335938,2013,0.002493822758694142,0.011147293768823894,0.008257746708802305,0.0034601826122193646
2013-08-16,161.0500030517578,161.25,159.25,159.25,111.16999816894531,111.16999816894531,111.16999816894531,111.16999816894531,8502,1.8000030517578125,0.0,2013,0.0015547263386526122,0.010578097221346772,0.0005399834242116874,0.008257746708802305
2013-08-20,159.72000122070312,161.39999389648438,159.22999572753906,159.22999572753906,110.1500015258789,110.70999908447266,108.80000305175781,109.41000366210938,7184,0.4900054931640625,1.9099960327148438,2013,-0.008258316087254358,0.010581785144458162,-0.009175107132018745,0.0005399834242116874
2013-08-21,158.72999572753906,161.39999389648438,159.1199951171875,159.1199951171875,109.80999755859375,110.27999877929688,109.55999755859375,109.68000030517578,6371,-0.3899993896484375,0.720001220703125,2013,-0.0061983814525273795,0.010624535771224486,-0.0030867359289620255,-0.009175107132018745
2013-08-22,159.61000061035156,161.75,159.3699951171875,159.3699951171875,109.9000015258789,110.02999877929688,109.41000366210938,109.94000244140625,4848,0.2400054931640625,0.6199951171875,2013,0.005544036454981249,0.010557205314909671,0.0008196336334234111,-0.0030867359289620255
2013-08-23,158.74000549316406,161.6999969482422,159.14999389648438,159.14999389648438,111.04000091552734,111.2300033569336,109.93000030517578,110.12999725341797,7755,-0.4099884033203125,1.3000030517578125,2013,-0.005450755678595431,0.01054014218613504,0.010373060726300398,0.0008196336334234111
2013-08-26,158.85000610351562,161.60000610351562,159.36000061035156,159.36000061035156,110.7300033569336,111.16000366210938,110.5,110.9000015258789,2251,-0.5099945068359375,0.660003662109375,2013,0.0006929608576604629,0.009792456672922402,-0.0027917647337699636,0.010373060726300398
2013-08-27,159.3000030517578,161.60000610351562,159.5800018310547,159.5800018310547,114.36000061035156,114.41999816894531,111.86000061035156,111.94999694824219,11690,-0.279998779296875,2.55999755859375,2013,0.002832841869385483,0.009519040782671784,0.03278241798401127,-0.0027917647337699636
2013-08-28,159.00999450683594,161.89999389648438,159.74000549316406,159.75999450683594,116.61000061035156,116.68000030517578,114.91999816894531,115.2699966430664,12397,-0.75,1.7600021362304688,2013,-0.0018205181378914137,0.009525681940954782,0.01967471133255949,0.03278241798401127
2013-08-29,159.8000030517578,163.25,160.47999572753906,160.47999572753906,115.16000366210938,117.0199966430664,114.2300033569336,116.05000305175781,7936,-0.67999267578125,2.7899932861328125,2013,0.0049682949010347865,0.00956314089454642,-0.012434584861098719,0.01967471133255949
2013-08-30,163.10000610351562,163.10000610351562,161.05999755859375,161.05999755859375,114.01000213623047,115.38999938964844,113.66000366210938,115.11000061035156,0,2.040008544921875,1.7299957275390625,2013,0.020650832219877735,0.010207745181166955,-0.009986119219422052,-0.012434584861098719
2013-09-03,160.7899932861328,160.5800018310547,160.5800018310547,160.5800018310547,115.68000030517578,115.91999816894531,114.55000305175781,115.06999969482422,12654,0.209991455078125,1.3699951171875,2013,-0.014163168184780472,0.010035264736222484,0.014647821574021558,-0.009986119219422052
2013-09-04,160.63999938964844,160.77999877929688,160.77999877929688,160.77999877929688,114.91000366210938,115.5,114.41000366210938,115.16999816894531,7325,-0.1399993896484375,1.089996337890625,2013,-0.0009328559160858285,0.009602269747912628,-0.006656264185987859,0.014647821574021558
2013-09-05,160.52999877929688,161.0800018310547,161.0800018310547,161.0800018310547,115.26000213623047,115.3499984741211,114.30999755859375,115.30000305175781,6811,-0.5500030517578125,1.0400009155273438,2013,-0.0006847647582762795,0.009195076091870301,0.0030458486029663057,-0.006656264185987859
2013-09-06,162.2100067138672,161.27999877929688,161.27999877929688,161.27999877929688,116.12000274658203,116.51000213623047,115.33999633789062,115.3499984741211,5463,0.9300079345703125,1.1700057983398438,2013,0.01046538308942524,0.00891881619535266,0.007461396793443598,0.0030458486029663057
2013-09-09,160.52000427246094,161.52000427246094,161.52000427246094,161.52000427246094,113.72000122070312,115.2699966430664,113.12000274658203,115.19999694824219,11349,-1.0,2.149993896484375,2013,-0.010418607801350732,0.009142948472853669,-0.020668286850773043,0.007461396793443598
2013-09-10,160.77000427246094,161.2100067138672,160.97999572753906,161.2100067138672,111.25,113.47000122070312,110.6500015258789,113.38999938964844,9149,-0.44000244140625,2.8199996948242188,2013,0.00155743828398891,0.009108248499461976,-0.021720024570782814,-0.020668286850773043
2013-09-11,160.94000244140625,161.22999572753906,161.22999572753906,161.22999572753906,111.5,112.05999755859375,111.12000274658203,111.83000183105469,5381,-0.2899932861328125,0.9399948120117188,2013,0.0010573997911775823,0.009084712422411741,0.0022471910112360494,-0.021720024570782814
2013-09-12,160.5500030517578,161.02000427246094,161.00999450683594,161.02000427246094,112.62999725341797,112.87000274658203,112.13999938964844,112.44999694824219,2554,-0.470001220703125,0.7300033569335938,2013,-0.002423259498771424,0.008699688489972233,0.010134504514959453,0.0022471910112360494
2013-09-13,160.99000549316406,160.77000427246094,160.77000427246094,160.77000427246094,112.77999877929688,112.77999877929688,111.79000091552734,112.2699966430664,6998,0.220001220703125,0.9899978637695312,2013,0.0027405944132208315,0.008712838195949995,0.0013318079511392966,0.010134504514959453
2013-09-18,159.72000122070312,160.05999755859375,160.05999755859375,160.05999755859375,110.5999984741211,111.02999877929688,107.87000274658203,108.2300033569336,7296,-0.339996337890625,3.1599960327148438,2013,-0.007888715007931757,0.008175424306245863,-0.0193296712960771,0.0013318079511392966
2013-09-19,158.14999389648438,158.6699981689453,158.6699981689453,158.6699981689453,108.76000213623047,110.95999908447266,108.55000305175781,110.94999694824219,6103,-0.5200042724609375,2.4099960327148438,2013,-0.009829747759952046,0.008107378495061232,-0.016636495147160035,-0.0193296712960771
2013-09-20,158.88999938964844,158.82000732421875,158.8000030517578,158.8000030517578,109.22000122070312,109.66000366210938,108.70999908447266,109.20999908447266,5219,0.089996337890625,0.9500045776367188,2013,0.004679137032711056,0.007547271387241248,0.004229487637343654,-0.016636495147160035
2013-09-23,158.97000122070312,162.89999389648438,157.69000244140625,162.89999389648438,108.16000366210938,109.26000213623047,107.77999877929688,109.2300033569336,5869,-3.92999267578125,1.4800033569335938,2013,0.00050350450854042,0.007449067287673584,-0.009705159739485714,0.004229487637343654
2013-09-24,157.9600067138672,162.89999389648438,158.02999877929688,158.02999877929688,108.63999938964844,108.88999938964844,107.44999694824219,107.87999725341797,6581,-0.0699920654296875,1.44000244140625,2013,-0.006353365409073164,0.00743161501175805,0.004437830170924917,-0.009705159739485714
2013-09-25,158.1699981689453,160.0,157.1300048828125,157.1300048828125,108.31999969482422,109.94000244140625,107.88999938964844,109.83000183105469,9360,1.0399932861328125,2.0500030517578125,2013,0.0013293963418126165,0.0074312391321430015,-0.0029455053076400395,0.004437830170924917
2013-09-26,156.97000122070312,160.0,159.0399932861328,159.0399932861328,109.20999908447266,109.23999786376953,108.4000015258789,108.86000061035156,5886,-2.0699920654296875,0.839996337890625,2013,-0.007586754518138394,0.006826230564681663,0.008216390252546946,-0.0029455053076400395
2013-09-27,159.24000549316406,161.0,157.67999267578125,157.67999267578125,108.62999725341797,109.6500015258789,108.13999938964844,108.66000366210938,6955,1.5600128173828125,1.5100021362304688,2013,0.014461389149569293,0.007355449596372905,-0.005310885778930019,0.008216390252546946
2013-09-30,157.52000427246094,159.60000610351562,157.94000244140625,157.94000244140625,108.37000274658203,108.66000366210938,107.2300033569336,107.69999694824219,6565,-0.4199981689453125,1.4300003051757812,2013,-0.01080131349767477,0.007600100335051419,-0.0023933951340292525,-0.005310885778930019
2013-10-01,161.60000610351562,161.3000030517578,159.33999633789062,159.33999633789062,107.94000244140625,108.36000061035156,106.80999755859375,108.3499984741211,10793,2.260009765625,1.5500030517578125,2013,0.025901483750581544,0.009002872897163524,-0.003967890507314276,-0.0023933951340292525
2013-10-02,159.5800018310547,161.6999969482422,159.85000610351562,159.85000610351562,109.19000244140625,109.47000122070312,107.69000244140625,107.94000244140625,9315,-0.2700042724609375,1.779998779296875,2013,-0.012500025966378892,0.009287842852816282,0.011580507427527031,-0.003967890507314276
2013-10-03,159.16000366210938,161.60000610351562,159.27000427246094,159.27000427246094,109.0,109.83999633789062,108.62000274658203,109.43000030517578,7082,-0.1100006103515625,1.2199935913085938,2013,-0.0026318972560857024,0.009291827952822847,-0.0017401084088097818,0.011580507427527031
2013-10-04,158.9600067138672,161.25,159.52999877929688,159.5500030517578,109.45999908447266,109.73999786376953,108.72000122070312,109.29000091552734,6171,-0.589996337890625,1.0199966430664062,2013,-0.0012565779318953751,0.009173569922866628,0.004220175086905087,-0.0017401084088097818
2013-10-07,159.8300018310547,161.1999969482422,158.02999877929688,159.7899932861328,109.68000030517578,110.0999984741211,108.1500015258789,108.30999755859375,7563,0.040008544921875,1.9499969482421875,2013,0.005473044039017383,0.009154304859871547,0.002009877786800951,0.004220175086905087
2013-10-09,157.5399932861328,159.60000610351562,157.9499969482422,157.9499969482422,109.05999755859375,110.04000091552734,108.2300033569336,110.01000213623047,4948,-0.410003662109375,1.80999755859375,2013,-0.014327776504329148,0.009472964605406772,-0.005652833195267326,0.002009877786800951
2013-10-10,157.89999389648438,160.5,158.5,158.5,111.80000305175781,111.9800033569336,109.69999694824219,109.94999694824219,8794,-0.600006103515625,2.2800064086914062,2013,0.002285137905888579,0.009435724660098555,0.02512383600313184,-0.005652833195267326
2013-10-11,158.5500030517578,160.3000030517578,158.1999969482422,158.1999969482422,111.27999877929688,111.69999694824219,110.54000091552734,111.44000244140625,4319,0.350006103515625,1.1599960327148438,2013,0.004116587589607867,0.00946672418243042,-0.004651200878949879,0.02512383600313184
2013-10-14,158.3300018310547,158.25,157.9600067138672,158.25,111.04000091552734,111.19999694824219,109.87000274658203,110.41999816894531,3341,0.0800018310546875,1.3299942016601562,2013,-0.0013875825699688482,0.00945421973872737,-0.0021567026096533937,-0.004651200878949879
2013-10-15,158.0500030517578,160.10000610351562,157.8800048828125,157.99000549316406,109.95999908447266,110.58000183105469,109.58999633789062,110.12000274658203,2247,0.05999755859375,0.9900054931640625,2013,-0.0017684505530142225,0.009453909276392577,-0.009726241193714458,-0.0021567026096533937
2013-10-16,157.41000366210938,160.0,157.85000610351562,157.85000610351562,110.86000061035156,110.86000061035156,109.75,109.80999755859375,38,-0.44000244140625,1.1100006103515625,2013,-0.004049347531102865,0.009428594684816131,0.008184808415535816,-0.009726241193714458
2013-10-17,158.1199951171875,160.0500030517578,157.0399932861328,157.0399932861328,110.97000122070312,110.97000122070312,110.97000122070312,110.97000122070312,6658,1.0800018310546875,0.0,2013,0.004510459555049362,0.008607187179545906,0.0009922479681214735,0.008184808415535816
2013-10-21,157.6999969482422,159.75,157.32000732421875,157.32000732421875,109.63999938964844,110.12999725341797,109.2300033569336,109.66999816894531,5329,0.3799896240234375,0.899993896484375,2013,-0.0026561989749243065,0.008249196220433358,-0.011985237599569931,0.0009922479681214735
2013-10-22,157.3800048828125,159.6999969482422,157.22000122070312,157.22000122070312,109.97000122070312,110.9000015258789,109.62000274658203,110.12999725341797,5789,0.160003662109375,1.279998779296875,2013,-0.002029119033748028,0.008253085138238239,0.0030098671369187535,-0.011985237599569931
2013-10-23,156.0399932861328,159.25,157.07000732421875,157.0800018310547,107.80000305175781,110.9000015258789,107.33000183105469,110.12999725341797,10576,-1.040008544921875,3.5699996948242188,2013,-0.008514497109575525,0.008377078908549364,-0.019732637490748606,0.0030098671369187535
2013-10-24,156.72000122070312,158.75,156.44000244140625,156.44000244140625,106.98999786376953,108.2300033569336,106.87999725341797,107.69999694824219,7917,0.279998779296875,1.350006103515625,2013,0.004357907996851651,0.00816252792948847,-0.007513962570106614,-0.019732637490748606
2013-10-25,158.8000030517578,158.8000030517578,156.63999938964844,156.63999938964844,106.93000030517578,107.31999969482422,106.27999877929688,107.02999877929688,6723,2.160003662109375,1.0400009155273438,2013,0.013272089170835999,0.008374636444817497,-0.0005607772669566913,-0.007513962570106614
2013-10-28,156.66000366210938,158.5,156.3699951171875,156.3699951171875,109.61000061035156,109.69000244140625,107.1500015258789,107.16999816894531,8120,0.290008544921875,2.5400009155273438,2013,-0.013476066426465705,0.008701497857987808,0.025063128191593842,-0.0005607772669566913
2013-10-29,156.5399932861328,156.8300018310547,156.49000549316406,156.49000549316406,109.01000213623047,109.4000015258789,108.43000030517578,109.2699966430664,5454,0.04998779296875,0.970001220703125,2013,-0.0007660562566780271,0.008694250819887537,-0.0054739391550047145,0.025063128191593842
2013-10-30,156.92999267578125,159.0500030517578,156.52999877929688,156.52999877929688,109.86000061035156,110.12000274658203,108.66000366210938,108.66000366210938,7259,0.399993896484375,1.4599990844726562,2013,0.0024913722139721095,0.008710596163495118,0.007797435624841587,-0.0054739391550047145
2013-10-31,156.86000061035156,156.85000610351562,156.67999267578125,156.85000610351562,108.83999633789062,109.80000305175781,108.55999755859375,109.80000305175781,7077,0.0099945068359375,1.2400054931640625,2013,-0.00044600821191831397,0.00868629403489425,-0.009284582803514296,0.007797435624841587
2013-11-01,157.38999938964844,156.4600067138672,156.4600067138672,156.4600067138672,105.91000366210938,109.38999938964844,105.79000091552734,109.18000030517578,9208,0.92999267578125,3.5999984741210938,2013,0.0033788013338940104,0.008613836204948553,-0.026920183520451224,-0.009284582803514296
2013-11-04,156.75,158.75,156.33999633789062,156.33999633789062,106.2300033569336,106.54000091552734,105.13999938964844,105.97000122070312,7029,0.410003662109375,1.4000015258789062,2013,-0.004066328179238354,0.008460423623107914,0.0030214303064810544,-0.026920183520451224
2013-11-05,156.27000427246094,158.5,156.24000549316406,156.24000549316406,105.33000183105469,106.48999786376953,105.19999694824219,106.41000366210938,5619,0.029998779296875,1.2900009155273438,2013,-0.0030621737004087324,0.0084224951857646,-0.008472197095343192,0.0030214303064810544
2013-11-06,156.4499969482422,158.25,156.49000549316406,156.57000732421875,105.23999786376953,106.36000061035156,104.87999725341797,105.87999725341797,8063,-0.1200103759765625,1.4800033569335938,2013,0.0011518056623804895,0.008426042597384364,-0.0008544950699755915,-0.008472197095343192
2013-11-07,158.25,158.5,156.22999572753906,156.22999572753906,103.45999908447266,105.12999725341797,103.23999786376953,104.94000244140625,10778,2.0200042724609375,1.8899993896484375,2013,0.011505292980947157,0.008626587384421385,-0.01691370976271811,-0.0008544950699755915
2013-11-08,157.30999755859375,158.60000610351562,156.27000427246094,156.27000427246094,105.12000274658203,105.37999725341797,103.0,103.38999938964844,8183,1.0399932861328125,2.3799972534179688,2013,-0.005939983831951046,0.008692617786725802,0.01604488378889335,-0.01691370976271811
2013-11-11,156.8800048828125,156.67999267578125,156.67999267578125,156.67999267578125,106.4000015258789,106.48999786376953,105.30999755859375,105.6500015258789,4925,0.20001220703125,1.1800003051757812,2013,-0.0027334097161948456,0.0085939533575928,0.012176548191143333,0.01604488378889335
2013-11-12,156.57000732421875,158.75,156.77000427246094,156.77000427246094,105.80999755859375,107.3499984741211,105.52999877929688,106.19000244140625,7598,-0.1999969482421875,1.8199996948242188,2013,-0.001976017012654485,0.008153973736737758,-0.005545149988946729,0.012176548191143333
2013-11-13,156.2100067138672,157.1699981689453,157.08999633789062,157.1699981689453,107.12000274658203,107.41000366210938,106.0199966430664,106.0199966430664,4449,-0.959991455078125,1.3900070190429688,2013,-0.002299294842632804,0.007929381871636625,0.012380731672003265,-0.005545149988946729
2013-11-14,156.3000030517578,159.25,157.00999450683594,157.00999450683594,108.54000091552734,108.87000274658203,107.13999938964844,107.13999938964844,237,-0.709991455078125,1.7300033569335938,2013,0.0005761240254951172,0.006211439901586512,0.0132561438810328,0.012380731672003265
2013-11-15,156.8699951171875,159.0500030517578,156.52000427246094,159.0500030517578,108.55000305175781,108.55000305175781,108.55000305175781,108.55000305175781,4900,-2.1800079345703125,0.0,2013,0.003646782177227026,0.005879563530809859,9.215161365494495e-05,0.0132561438810328
2013-11-19,158.89999389648438,158.89999389648438,158.89999389648438,158.89999389648438,106.91999816894531,108.61000061035156,106.81999969482422,108.13999938964844,5874,0.0,1.7900009155273438,2013,0.012940644116042677,0.006357766036923735,-0.015016166162936884,9.215161365494495e-05
2013-11-20,158.89999389648438,158.89999389648438,158.6999969482422,158.89999389648438,108.05999755859375,108.37000274658203,106.54000091552734,107.31999969482422,5560,0.0,1.8300018310546875,2013,0.0,0.006353578200754569,0.010662171802950482,-0.015016166162936884
2013-11-21,158.75,158.75,156.64999389648438,157.7100067138672,110.08000183105469,110.2699966430664,107.69000244140625,107.8499984741211,8039,1.0399932861328125,2.5799942016601562,2013,-0.0009439515559835909,0.006270686681037591,0.018693358486942646,0.010662171802950482
2013-11-22,158.75,158.75,158.75,158.75,111.05000305175781,111.37000274658203,109.6500015258789,109.98999786376953,8917,0.0,1.720001220703125,2013,0.0,0.005675497253815992,0.00881178419847628,0.018693358486942646
2013-11-25,155.9600067138672,158.60000610351562,156.4600067138672,156.4600067138672,111.0,111.66000366210938,108.08999633789062,109.9000015258789,9286,-0.5,3.57000732421875,2013,-0.017574760857529514,0.006526811667924906,-0.0004502751047608111,0.00881178419847628
2013-11-26,158.5,158.39999389648438,156.24000549316406,158.39999389648438,110.87999725341797,111.4800033569336,110.44000244140625,110.80999755859375,6731,0.100006103515625,1.0400009155273438,2013,0.01628618348800681,0.007163753461217738,-0.0010811058250633776,-0.0004502751047608111
2013-11-27,158.5,158.75,158.5,158.5,111.30999755859375,111.6500015258789,110.52999877929688,110.91999816894531,6312,0.0,1.1200027465820312,2013,0.0,0.007158868068560382,0.003878069226435965,-0.0010811058250633776
2013-11-29,156.41000366210938,156.22000122070312,156.2100067138672,156.22000122070312,109.69000244140625,111.5,109.62000274658203,111.4000015258789,3145,0.19000244140625,1.8799972534179688,2013,-0.013186096769026046,0.007552151602814004,-0.014553904884731739,0.003878069226435965
2013-12-02,156.4199981689453,156.5,156.1699981689453,156.5,111.44999694824219,112.31999969482422,109.31999969482422,109.75,7293,-0.0800018310546875,3.0,2013,6.38994092572176e-05,0.00751937890276586,0.016045167906492575,-0.014553904884731739
2013-12-03,158.3000030517578,158.25,155.9199981689453,156.24000549316406,112.62000274658203,112.91000366210938,111.05999755859375,111.44999694824219,6822,2.05999755859375,1.850006103515625,2013,0.012018954768059587,0.007800684983967988,0.010498033471308288,0.016045167906492575
2013-12-04,158.0500030517578,158.5,155.77999877929688,155.77999877929688,111.87999725341797,112.94000244140625,111.47000122070312,112.94000244140625,10654,2.2700042724609375,1.470001220703125,2013,-0.0015792798179432577,0.00779019046299486,-0.006570817573404164,0.010498033471308288
2013-12-05,158.5,158.5,156.22999572753906,156.3800048828125,110.9800033569336,112.19999694824219,110.79000091552734,111.66000366210938,6867,2.1199951171875,1.4099960327148438,2013,0.0028471808892962525,0.00779503539626741,-0.008044278857513798,-0.006570817573404164
2013-12-06,158.60000610351562,158.60000610351562,155.30999755859375,155.30999755859375,111.61000061035156,112.05000305175781,111.04000091552734,111.2699966430664,3762,3.290008544921875,1.0100021362304688,2013,0.0006309533344834861,0.007616603941463965,0.005676673584084968,-0.008044278857513798
2013-12-09,155.77000427246094,158.0,155.74000549316406,155.74000549316406,109.38999938964844,111.69999694824219,109.0999984741211,111.66999816894531,4871,0.029998779296875,2.5999984741210938,2013,-0.017843642636480084,0.008285172011990896,-0.019890701626761098,0.005676673584084968
2013-12-10,158.39999389648438,158.39999389648438,155.92999267578125,156.2100067138672,109.37999725341797,110.44999694824219,108.55999755859375,109.47000122070312,5592,2.1899871826171875,1.8899993896484375,2013,0.016883800166194174,0.008510402579352828,-9.143556345436732e-05,-0.019890701626761098
2013-12-11,158.0500030517578,158.0500030517578,155.8000030517578,155.8000030517578,109.69999694824219,109.86000061035156,108.62999725341797,109.43000030517578,6192,2.25,1.2300033569335938,2013,-0.0022095382462911095,0.008137891841535494,0.0029255778283010514,-9.143556345436732e-05
2013-12-12,158.3000030517578,158.3000030517578,156.13999938964844,156.13999938964844,108.66999816894531,109.91999816894531,108.44999694824219,109.76000213623047,5074,2.160003662109375,1.470001220703125,2013,0.0015817778878379762,0.008138311874329002,-0.009389232524617541,0.0029255778283010514
2013-12-13,158.39999389648438,157.0399932861328,156.5500030517578,157.0399932861328,108.83000183105469,108.93000030517578,108.05000305175781,108.66999816894531,2888,1.3600006103515625,0.8799972534179688,2013,0.0006316540922230995,0.008128947350292967,0.001472381198172279,-0.009389232524617541
2013-12-16,156.35000610351562,156.64999389648438,156.16000366210938,156.38999938964844,110.47000122070312,110.69999694824219,109.3499984741211,109.3499984741211,29,-0.0399932861328125,1.3499984741210938,2013,-0.012941842626006839,0.008483183951530072,0.015069368391579463,0.001472381198172279
2013-12-17,156.64999389648438,158.35000610351562,156.99000549316406,156.99000549316406,110.41000366210938,110.41000366210938,110.41000366210938,110.41000366210938,7394,-0.3400115966796875,0.0,2013,0.001918693835996077,0.008466865539796977,-0.0005431117763263771,0.015069368391579463
2013-12-19,159.6999969482422,159.6999969482422,158.33999633789062,158.33999633789062,110.29000091552734,110.5199966430664,109.12000274658203,109.12999725341797,6496,1.3600006103515625,1.399993896484375,2013,0.019470176639606374,0.00915158996981067,-0.0010868829146069015,-0.0005431117763263771
2013-12-20,158.5,159.14999389648438,157.02000427246094,159.14999389648438,111.7699966430664,111.8499984741211,109.87999725341797,109.95999908447266,6214,-0.649993896484375,1.970001220703125,2013,-0.007514069950991242,0.009249632874959902,0.013419128799106783,-0.0010868829146069015
2013-12-23,156.7899932861328,159.75,156.5800018310547,156.72000122070312,111.55999755859375,112.0,111.27999877929688,112.0,3285,0.0699920654296875,0.720001220703125,2013,-0.010788685891906513,0.009475377533069164,-0.0018788502351242409,0.013419128799106783
2013-12-24,159.6999969482422,159.6999969482422,157.58999633789062,157.58999633789062,111.9000015258789,112.05999755859375,111.44000244140625,111.58999633789062,2113,2.1100006103515625,0.6199951171875,2013,0.018559881285272972,0.009847993729456191,0.0030477229717271737,-0.0018788502351242409
2013-12-26,160.0500030517578,160.0500030517578,157.66000366210938,157.66000366210938,111.9800033569336,112.05999755859375,111.47000122070312,112.0199966430664,1241,2.3899993896484375,0.589996337890625,2013,0.002191647527889806,0.009780550584796256,0.0007149403928845555,0.0030477229717271737
2013-12-27,159.6999969482422,159.6999969482422,157.5800018310547,157.5800018310547,112.18000030517578,112.80000305175781,111.55000305175781,111.91999816894531,5381,2.1199951171875,1.25,2013,-0.0021868547131638216,0.009774592216590126,0.0017860059139729323,0.0007149403928845555
2013-12-30,159.39999389648438,160.1999969482422,158.6999969482422,159.27999877929688,111.20999908447266,112.55000305175781,110.9000015258789,112.36000061035156,3396,0.1199951171875,1.6500015258789062,2013,-0.001878541374393694,0.009773708747734634,-0.008646828472671841,0.0017860059139729323
2013-12-31,161.0500030517578,161.0500030517578,157.7899932861328,158.3000030517578,110.80000305175781,111.44999694824219,110.41999816894531,111.20999908447266,2383,2.75,1.029998779296875,2013,0.01035137527260499,0.009914265155773273,-0.003686683176783556,-0.008646828472671841
2014-01-02,158.08999633789062,158.75,156.61000061035156,157.91000366210938,107.77999877929688,111.31999969482422,107.69000244140625,110.80000305175781,5131,0.17999267578125,3.6299972534179688,2014,-0.018379426623890915,0.010531332067707653,-0.027256355498927243,-0.003686683176783556
2014-01-03,158.64999389648438,158.64999389648438,156.44000244140625,156.6699981689453,106.88999938964844,108.62000274658203,106.77999877929688,107.91999816894531,5641,1.9799957275390625,1.8400039672851562,2014,0.003542270678511761,0.010530249613641428,-0.008257556130343846,-0.027256355498927243
2014-01-06,157.08999633789062,159.25,156.97999572753906,157.05999755859375,106.7300033569336,107.94999694824219,106.58000183105469,107.04000091552734,7015,0.029998779296875,1.3699951171875,2014,-0.009832950637310489,0.010417510239436498,-0.0014968288299039845,-0.008257556130343846
2014-01-07,159.10000610351562,159.10000610351562,156.9600067138672,156.9600067138672,107.3499984741211,107.70999908447266,106.91000366210938,107.18000030517578,4075,2.1399993896484375,0.7999954223632812,2014,0.012795275399342332,0.010689830289221514,0.0058090049441306135,-0.0014968288299039845
2014-01-08,159.6999969482422,159.6999969482422,157.35000610351562,157.97000122070312,107.1500015258789,107.91999816894531,107.01000213623047,107.44999694824219,5124,1.7299957275390625,0.9099960327148438,2014,0.003771155384721947,0.010708641622403288,-0.001863036339869173,0.0058090049441306135
2014-01-09,159.5,159.5,156.8000030517578,157.49000549316406,106.38999938964844,108.16000366210938,106.12000274658203,107.51000213623047,3715,2.0099945068359375,2.0400009155273438,2014,-0.0012523290674013587,0.01071210748675229,-0.007092880311783456,-0.001863036339869173
2014-01-10,158.6999969482422,158.6999969482422,157.24000549316406,157.24000549316406,107.25,107.45999908447266,106.05000305175781,106.69999694824219,4589,1.459991455078125,1.4099960327148438,2014,-0.005015693114469033,0.010227441587029042,0.008083472274512005,-0.007092880311783456
2014-01-13,156.3800048828125,159.60000610351562,156.38999938964844,156.4199981689453,106.75,107.7699966430664,106.5199966430664,107.63999938964844,3669,-0.0399932861328125,1.25,2014,-0.014618727851559599,0.010152391950606045,-0.004662004662004615,0.008083472274512005
2014-01-14,159.5,159.5,157.38999938964844,157.42999267578125,106.38999938964844,107.12999725341797,106.06999969482422,106.62999725341797,3983,2.07000732421875,1.05999755859375,2014,0.019951368587854734,0.01081150278970874,-0.003372371057157486,-0.004662004662004615
2014-01-15,159.5,159.5,157.52999877929688,157.91000366210938,107.12999725341797,107.5199966430664,105.83000183105469,106.26000213623047,3169,1.589996337890625,1.6899948120117188,2014,0.0,0.010509573901554575,0.006955520894960543,-0.003372371057157486
2014-01-16,159.1999969482422,159.1999969482422,157.47999572753906,157.8000030517578,107.08999633789062,107.25,106.73999786376953,106.91999816894531,115,1.399993896484375,0.5100021362304688,2014,-0.0018808968762245026,0.010519661950070763,-0.0003733866942301489,0.006955520894960543
2014-01-17,159.1999969482422,158.0500030517578,157.6300048828125,157.6300048828125,107.05999755859375,107.05999755859375,107.05999755859375,107.05999755859375,7458,1.5699920654296875,0.0,2014,0.0,0.010297920999345164,-0.00028012681223954505,-0.0003733866942301489
2014-01-22,159.1999969482422,159.3000030517578,157.27000427246094,159.3000030517578,108.2699966430664,108.31999969482422,106.98999786376953,106.98999786376953,5573,-0.100006103515625,1.3300018310546875,2014,0.0,0.010292334468685214,0.011302065309785059,-0.00028012681223954505
2014-01-23,159.5,157.64999389648438,157.38999938964844,157.38999938964844,107.58000183105469,108.25,107.38999938964844,108.05000305175781,6494,2.1100006103515625,0.8600006103515625,2014,0.0018844413160092888,0.010285594011883496,-0.006372908778102482,0.011302065309785059
2014-01-24,159.89999389648438,159.89999389648438,157.0399932861328,157.0399932861328,107.87999725341797,108.0199966430664,106.25,107.68000030517578,7550,2.8600006103515625,1.7699966430664062,2014,0.0025077987240400557,0.010293628417601506,0.0027885798220601554,-0.006372908778102482
2014-01-27,158.9600067138672,161.02999877929688,158.89999389648438,158.89999389648438,106.69000244140625,107.80000305175781,106.45999908447266,107.70999908447266,5447,0.0600128173828125,1.3400039672851562,2014,-0.005878594237006096,0.009784680330817431,-0.011030727125588724,0.0027885798220601554
2014-01-28,162.10000610351562,162.10000610351562,160.91000366210938,160.97999572753906,107.41000366210938,107.77999877929688,106.8499984741211,106.91999816894531,5708,1.1200103759765625,0.9300003051757812,2014,0.01975339240706342,0.00996056730058429,0.006748535047588433,-0.011030727125588724
2014-01-29,162.0,160.6699981689453,159.97000122070312,160.6699981689453,107.8499984741211,108.01000213623047,106.94999694824219,107.38999938964844,5192,1.3300018310546875,1.0600051879882812,2014,-0.0006169407757564693,0.009948112657770795,0.004096404403782117,0.006748535047588433
2014-01-30,162.6999969482422,161.02000427246094,160.02999877929688,160.02999877929688,107.94999694824219,108.4000015258789,107.66000366210938,107.97000122070312,5144,2.6699981689453125,0.7399978637695312,2014,0.004320968816309723,0.009967414565237141,0.0009271995877226935,0.004096404403782117
2014-01-31,162.1999969482422,162.1999969482422,160.10000610351562,161.58999633789062,106.4000015258789,107.93000030517578,106.30000305175781,107.87999725341797,6123,0.6100006103515625,1.6299972534179688,2014,-0.0030731408074891053,0.009994564176514582,-0.014358457305991834,0.0009271995877226935
2014-02-03,160.83999633789062,162.3000030517578,160.61000061035156,160.86000061035156,106.04000091552734,106.70999908447266,105.3499984741211,106.06999969482422,6629,-0.0200042724609375,1.3600006103515625,2014,-0.008384714154991868,0.009810838877469266,-0.003383464334481223,-0.014358457305991834
2014-02-04,162.10000610351562,162.10000610351562,160.41000366210938,160.41000366210938,105.77999877929688,106.22000122070312,105.54000091552734,106.04000091552734,3583,1.69000244140625,0.6800003051757812,2014,0.007833933065864995,0.00988926304002825,-0.002451925065877658,-0.003383464334481223
2014-02-05,162.60000610351562,160.97000122070312,160.6300048828125,160.97000122070312,106.25,106.43000030517578,105.58999633789062,105.9800033569336,4243,1.6300048828125,0.8400039672851562,2014,0.003084515614889538,0.009278318623069196,0.0044431955580162,-0.002451925065877658
2014-02-06,163.1999969482422,163.25,160.75999450683594,160.77000427246094,107.19000244140625,107.44999694824219,106.2300033569336,106.30000305175781,4889,2.42999267578125,1.2199935913085938,2014,0.003689980456363484,0.00916350174429081,0.008847081801470535,0.0044431955580162
2014-02-07,163.10000610351562,163.10000610351562,159.8800048828125,159.8800048828125,109.56999969482422,109.72000122070312,106.83999633789062,107.31999969482422,6885,3.220001220703125,2.8800048828125,2014,-0.0006126890110069727,0.008895937645532218,0.02220353763606786,0.008847081801470535
2014-02-10,160.3800048828125,163.0500030517578,160.47000122070312,160.55999755859375,108.62999725341797,109.68000030517578,108.5199966430664,109.6500015258789,5009,-0.17999267578125,1.160003662109375,2014,-0.01667689220671642,0.00887206352067669,-0.008579012905214567,0.02220353763606786
2014-02-11,162.0,162.61000061035156,161.27000427246094,161.27000427246094,108.68000030517578,109.2300033569336,108.4800033569336,108.68000030517578,4010,0.7299957275390625,0.75,2014,0.010100979348212524,0.009049654386800946,0.00046030611269531896,-0.008579012905214567
2014-02-12,162.61000061035156,164.0,162.39999389648438,162.75,108.79000091552734,109.48999786376953,108.55000305175781,108.83000183105469,3784,-0.1399993896484375,0.9399948120117188,2014,0.0037654358663676835,0.009055249852118875,0.0010121513621887956,0.00046030611269531896
2014-02-13,164.5,164.5,162.27000427246094,162.27000427246094,108.7300033569336,108.7300033569336,108.19000244140625,108.2300033569336,467,2.2299957275390625,0.5400009155273438,2014,0.011622897623481787,0.009258895847860618,-0.0005514988334298643,0.0010121513621887956
2014-02-14,163.16000366210938,164.3000030517578,160.69000244140625,163.1300048828125,108.7300033569336,108.7300033569336,108.7300033569336,108.7300033569336,5560,0.029998779296875,0.0,2014,-0.008145874394471897,0.009236874903748261,0.0,-0.0005514988334298643
2014-02-19,162.75,162.75,160.39999389648438,160.39999389648438,110.47000122070312,110.83000183105469,110.02999877929688,110.30999755859375,4749,2.350006103515625,0.8000030517578125,2014,-0.0025128931901623464,0.00854867716624893,0.01600292292880323,0.0
2014-02-20,163.5,165.74000549316406,161.72999572753906,161.72999572753906,110.30000305175781,110.44999694824219,109.58999633789062,110.06999969482422,5272,1.7700042724609375,0.8600006103515625,2014,0.004608294930875667,0.008561796970459643,-0.001538862741620517,0.01600292292880323
2014-02-21,165.0,165.5500030517578,162.3000030517578,165.5500030517578,109.8499984741211,110.37999725341797,109.37000274658203,110.23999786376953,4938,-0.5500030517578125,1.0099945068359375,2014,0.00917431192660545,0.008431765004637886,-0.0040798238004178256,-0.001538862741620517
2014-02-24,161.91000366210938,164.4499969482422,161.9199981689453,161.9199981689453,110.63999938964844,110.76000213623047,109.52999877929688,109.9000015258789,4272,-0.0099945068359375,1.2300033569335938,2014,-0.018727250532670436,0.00894639078463357,0.007191633377340967,-0.0040798238004178256
2014-02-25,164.3000030517578,165.5,161.5,163.61000061035156,109.51000213623047,110.5199966430664,109.44999694824219,110.5,5613,0.69000244140625,1.0699996948242188,2014,0.014761283031258232,0.009297878839008346,-0.010213279642549367,0.007191633377340967
2014-02-26,165.5,165.5,161.57000732421875,161.57000732421875,109.5199966430664,109.97000122070312,109.22000122070312,109.29000091552734,5701,3.92999267578125,0.75,2014,0.007303694010670103,0.00935779521783675,9.126569848394439e-05,-0.010213279642549367
2014-02-27,164.6999969482422,163.6300048828125,163.6199951171875,163.6300048828125,108.95999908447266,109.41999816894531,108.63999938964844,109.30000305175781,5476,1.0699920654296875,0.779998779296875,2014,-0.004833855297630252,0.009353638745737932,-0.005113199194287987,9.126569848394439e-05
2014-02-28,165.0,165.0,162.72000122070312,162.72000122070312,109.06999969482422,109.36000061035156,108.4000015258789,108.83999633789062,5667,2.279998779296875,0.9599990844726562,2014,0.0018215121877147578,0.008858542682197216,0.0010095503971716546,-0.005113199194287987
2014-03-03,162.88999938964844,165.10000610351562,162.5800018310547,163.22000122070312,111.19999694824219,112.37999725341797,110.37000274658203,110.37000274658203,8433,-0.3300018310546875,2.0099945068359375,2014,-0.012787882486979152,0.008560496311602167,0.019528717881889257,0.0010095503971716546
2014-03-04,163.8000030517578,164.5,161.99000549316406,162.9499969482422,109.30000305175781,111.80000305175781,109.02999877929688,111.41999816894531,6049,0.850006103515625,2.7700042724609375,2014,0.005586614681804658,0.00860456798424011,-0.017086276516434795,0.019528717881889257
2014-03-05,164.39999389648438,164.39999389648438,161.50999450683594,162.22000122070312,107.76000213623047,109.2699966430664,107.54000091552734,109.16000366210938,6452,2.17999267578125,1.7299957275390625,2014,0.0036629477017591228,0.008601805539953771,-0.014089669465041976,-0.017086276516434795
2014-03-06,163.6999969482422,164.4499969482422,162.0500030517578,163.6999969482422,108.0999984741211,108.52999877929688,107.37999725341797,107.5999984741211,7905,0.0,1.1500015258789062,2014,-0.004257889137653792,0.008655672420581052,0.0031551255674697742,-0.014089669465041976
2014-03-07,164.39999389648438,164.39999389648438,160.8300018310547,160.8300018310547,109.0,109.08000183105469,107.83000183105469,108.30000305175781,6678,3.5699920654296875,1.25,2014,0.004276096281562669,0.008674407399976389,0.008325638654790302,0.0031551255674697742
2014-03-10,162.72000122070312,164.25,162.66000366210938,162.74000549316406,108.08000183105469,108.66999816894531,107.76000213623047,108.56999969482422,5500,-0.0200042724609375,0.9099960327148438,2014,-0.0102189339303691,0.008915188397761235,-0.008440350173810174,0.008325638654790302
2014-03-11,164.3000030517578,164.3000030517578,162.8000030517578,162.85000610351562,108.55000305175781,108.66999816894531,107.87000274658203,107.87000274658203,4841,1.4499969482421875,0.7999954223632812,2014,0.00970994235005973,0.009061187036004701,0.004348641864734715,-0.008440350173810174
2014-03-12,165.0,165.0,162.49000549316406,162.77000427246094,108.0199966430664,108.55000305175781,107.63999938964844,108.31999969482422,5810,2.2299957275390625,0.910003662109375,2014,0.00426048043359839,0.00898668169569263,-0.004882601508898077,0.004348641864734715
2014-03-13,164.5,164.5,162.16000366210938,162.16000366210938,107.38999938964844,108.47000122070312,106.98999786376953,108.2300033569336,2507,2.339996337890625,1.4800033569335938,2014,-0.00303030303030305,0.008309106773969066,-0.005832228041069865,-0.004882601508898077
2014-03-14,164.60000610351562,164.60000610351562,162.49000549316406,164.0,108.56999969482422,108.6500015258789,107.30000305175781,107.5999984741211,403,0.600006103515625,1.3499984741210938,2014,0.0006079398390008706,0.00830631863799211,0.010987990612555398,-0.005832228041069865
2014-03-17,162.13999938964844,162.74000549316406,162.22000122070312,162.25,108.54000091552734,108.54000091552734,108.54000091552734,108.54000091552734,6790,-0.1100006103515625,0.0,2014,-0.014945362227508752,0.008739363222712822,-0.00027630818256607625,0.010987990612555398
2014-03-18,164.6999969482422,164.6999969482422,162.1999969482422,162.1999969482422,106.79000091552734,106.83000183105469,105.86000061035156,106.38999938964844,7074,2.5,0.970001220703125,2014,0.01578880947471606,0.009183642294579193,-0.016123088126394625,-0.00027630818256607625
2014-03-19,164.1999969482422,164.1999969482422,162.35000610351562,162.6300048828125,105.8499984741211,106.80000305175781,105.72000122070312,106.58999633789062,8119,1.5699920654296875,1.0800018310546875,2014,-0.0030358227642052205,0.009055205489097785,-0.008802345101109332,-0.016123088126394625
2014-03-20,164.60000610351562,164.8000030517578,162.6300048828125,163.42999267578125,106.44999694824219,106.73999786376953,105.44999694824219,105.80000305175781,7396,1.170013427734375,1.2900009155273438,2014,0.002436109395297592,0.008962315791055962,0.00566838434360295,-0.008802345101109332
2014-03-21,164.60000610351562,165.0,162.5,162.5,106.91999816894531,107.76000213623047,106.08000183105469,106.23999786376953,4245,2.100006103515625,1.6800003051757812,2014,0.0,0.008949911809374603,0.004415230006362902,0.00566838434360295
2014-03-24,162.83999633789062,164.85000610351562,162.86000061035156,162.91000366210938,106.80999755859375,107.4800033569336,106.44999694824219,106.76000213623047,5090,-0.07000732421875,1.0300064086914062,2014,-0.01069264702528716,0.009153082459740731,-0.0010288123104692515,0.004415230006362902
2014-03-25,164.6999969482422,164.6999969482422,162.0,162.0,106.98999786376953,107.47000122070312,106.61000061035156,106.69999694824219,4372,2.6999969482421875,0.8600006103515625,2014,0.01142225897925031,0.00938753450038845,0.0016852383605479027,-0.0010288123104692515
2014-03-26,165.0,164.75,162.69000244140625,162.97000122070312,107.02999877929688,107.31999969482422,106.48999786376953,107.16999816894531,4838,2.029998779296875,0.8300018310546875,2014,0.0018215121877147578,0.008819690671222166,0.00037387528111065826,0.0016852383605479027
2014-03-27,164.6999969482422,164.6999969482422,162.6999969482422,162.7100067138672,107.83000183105469,107.97000122070312,106.77999877929688,107.0,4863,1.989990234375,1.19000244140625,2014,-0.0018182003136837377,0.008661919472527525,0.007474568446996566,0.00037387528111065826
2014-03-28,164.6999969482422,164.9499969482422,162.8699951171875,162.8699951171875,108.06999969482422,108.37000274658203,107.69999694824219,107.69999694824219,2793,1.8300018310546875,0.6700057983398438,2014,0.0,0.008641538491088977,0.0022257058304195887,0.007474568446996566
2014-03-31,162.63999938964844,164.85000610351562,162.63999938964844,162.66000366210938,107.76000213623047,108.33000183105469,107.05000305175781,107.86000061035156,4548,-0.0200042724609375,1.279998779296875,2014,-0.012507574965172075,0.008689749805222285,-0.0028684885673095906,0.0022257058304195887
2014-04-01,164.85000610351562,164.85000610351562,163.02000427246094,163.02000427246094,105.62000274658203,107.7699966430664,105.11000061035156,107.69000244140625,5824,1.8300018310546875,2.6599960327148438,2014,0.013588334494348597,0.008919693586015565,-0.019858939747820714,-0.0028684885673095906
2014-04-02,164.8000030517578,162.5500030517578,161.97999572753906,162.5500030517578,104.79000091552734,105.77999877929688,103.97000122070312,105.43000030517578,6454,2.25,1.80999755859375,2014,-0.0003033245368908588,0.008904073796050096,-0.007858377290958285,-0.019858939747820714
2014-04-03,162.2100067138672,164.8000030517578,161.49000549316406,161.49000549316406,106.1500015258789,106.30999755859375,104.48999786376953,104.6500015258789,5408,0.720001220703125,1.8199996948242188,2014,-0.015715996904910212,0.009339762997402338,0.012978343338768239,-0.007858377290958285
2014-04-04,163.4499969482422,163.4499969482422,161.77999877929688,161.92999267578125,106.72000122070312,107.02999877929688,106.12000274658203,106.19000244140625,4765,1.5200042724609375,0.9099960327148438,2014,0.007644351045261288,0.009290735989347794,0.005369756821767435,0.012978343338768239
2014-04-07,161.85000610351562,161.83999633789062,161.60000610351562,161.83999633789062,105.81999969482422,106.61000061035156,105.12999725341797,106.5,5167,0.010009765625,1.4800033569335938,2014,-0.009788870447230535,0.008809361550436448,-0.00843329755982336,0.005369756821767435
2014-04-08,163.6999969482422,163.75,161.3699951171875,161.4499969482422,107.66999816894531,107.83000183105469,105.77999877929688,106.0199966430664,6419,2.25,2.0500030517578125,2014,0.011430279734085058,0.008636518999022765,0.01748250311336541,-0.00843329755982336
2014-04-09,163.64999389648438,163.64999389648438,161.0500030517578,161.0500030517578,107.9800033569336,108.12999725341797,107.1500015258789,107.66999816894531,5342,2.5999908447265625,0.9799957275390625,2014,-0.0003054554226633588,0.008523005589414316,0.0028792160607438166,0.01748250311336541
2014-04-10,162.8000030517578,162.8000030517578,159.02999877929688,160.7100067138672,107.45999908447266,107.8499984741211,107.27999877929688,107.69000244140625,3604,2.089996337890625,0.5699996948242188,2014,-0.0051939558596270086,0.008529804330261556,-0.004815746029772194,0.0028792160607438166
2014-04-11,160.6999969482422,160.89999389648438,158.75,158.8300018310547,107.33000183105469,107.87000274658203,106.98999786376953,107.30000305175781,3022,1.8699951171875,0.8800048828125,2014,-0.012899300148342063,0.008819006046558709,-0.0012097269172297587,-0.004815746029772194
2014-04-14,159.27999877929688,161.17999267578125,158.89999389648438,159.25999450683594,109.06999969482422,109.12999725341797,107.29000091552734,107.5999984741211,4039,0.0200042724609375,1.839996337890625,2014,-0.008836329781653052,0.00866255797404499,0.016211663412700084,-0.0012097269172297587
2014-04-15,161.0500030517578,161.0500030517578,159.5800018310547,159.60000610351562,108.73999786376953,108.93000030517578,108.41999816894531,108.66000366210938,502,1.4499969482421875,0.5100021362304688,2014,0.011112533187004336,0.008857628211782164,-0.003025596699165911,0.016211663412700084
2014-04-16,161.5,161.5,159.47000122070312,159.47000122070312,108.80000305175781,108.80000305175781,108.80000305175781,108.80000305175781,8875,2.029998779296875,0.0,2014,0.002794144301242696,0.00884487028115196,0.0005518225967178214,-0.003025596699165911
2014-04-17,161.0,162.25,160.05999755859375,160.05999755859375,109.52999877929688,110.18000030517578,109.0999984741211,109.62999725341797,6094,0.94000244140625,1.0800018310546875,2014,-0.003095975232198178,0.008830630273691726,0.006709519366389971,0.0005518225967178214
2014-04-21,160.6199951171875,162.25,160.52000427246094,160.6199951171875,109.94999694824219,110.05000305175781,108.94000244140625,109.52999877929688,3084,0.0,1.1100006103515625,2014,-0.002360278775232927,0.008789459354111627,0.0038345491977189727,0.006709519366389971
2014-04-22,162.1999969482422,162.1999969482422,160.02999877929688,160.86000061035156,109.2699966430664,109.95999908447266,108.54000091552734,109.87999725341797,6487,1.339996337890625,1.4199981689453125,2014,0.009836893780889033,0.008806158678187887,-0.006184632324236272,0.0038345491977189727
2014-04-23,162.0,162.0,159.5399932861328,160.22000122070312,109.11000061035156,109.52999877929688,108.61000061035156,109.36000061035156,6163,1.779998779296875,0.9199981689453125,2014,-0.001233026831104156,0.00861161180363326,-0.0014642265729857273,-0.006184632324236272
2014-04-24,161.5,161.5,158.82000732421875,159.8300018310547,110.33000183105469,110.62999725341797,109.0999984741211,109.22000122070312,6422,1.6699981689453125,1.529998779296875,2014,-0.0030864197530864335,0.008577907528074727,0.011181387717702718,-0.0014642265729857273
2014-04-25,160.89999389648438,160.89999389648438,158.72000122070312,158.72000122070312,109.58000183105469,110.62000274658203,109.23999786376953,110.4000015258789,6164,2.17999267578125,1.3800048828125,2014,-0.00371520807130421,0.00858528999293885,-0.006797788340006106,0.011181387717702718
2014-04-28,160.6999969482422,160.9499969482422,158.7899932861328,158.7899932861328,108.12000274658203,110.16000366210938,107.87999725341797,109.83000183105469,7098,1.910003662109375,2.2800064086914062,2014,-0.0012429891599055054,0.008582204151074743,-0.013323590619423564,-0.006797788340006106
2014-04-29,160.9499969482422,160.9499969482422,158.5500030517578,159.00999450683594,108.9800033569336,109.3499984741211,108.0999984741211,108.0999984741211,9236,1.94000244140625,1.25,2014,0.0015556938689955668,0.008160345790949689,0.00795413048931648,-0.013323590619423564
2014-04-30,160.60000610351562,160.60000610351562,158.42999267578125,159.07000732421875,108.06999969482422,108.7300033569336,107.55000305175781,108.69999694824219,9600,1.529998779296875,1.1800003051757812,2014,-0.002174531539998137,0.007584392285367792,-0.008350189338211966,0.00795413048931648
2014-05-01,160.60000610351562,160.60000610351562,157.77999877929688,157.97000122070312,107.76000213623047,108.06999969482422,106.8499984741211,107.9800033569336,10420,2.6300048828125,1.220001220703125,2014,0.0,0.007573945132367963,-0.0028684885673095906,-0.008350189338211966
2014-05-02,160.5,160.5,157.75999450683594,157.97999572753906,108.58999633789062,108.93000030517578,107.68000030517578,107.68000030517578,11576,2.5200042724609375,1.25,2014,-0.0006227029870170542,0.007550671893840548,0.007702247449947963,-0.0028684885673095906
2014-05-05,159.60000610351562,159.60000610351562,156.74000549316406,157.61000061035156,107.72000122070312,108.87999725341797,107.05000305175781,108.69000244140625,6335,1.9900054931640625,1.8299942016601562,2014,-0.005607438607379334,0.007599104977080152,-0.00801174276201655,0.007702247449947963
2014-05-06,158.64999389648438,158.64999389648438,156.8300018310547,156.8300018310547,107.05999755859375,108.19999694824219,106.9800033569336,107.55999755859375,8554,1.8199920654296875,1.2199935913085938,2014,-0.005952457209901896,0.007438191563125323,-0.006127029842462828,-0.00801174276201655
2014-05-07,161.5,161.9499969482422,156.9199981689453,156.9199981689453,108.12999725341797,108.22000122070312,106.9800033569336,107.20999908447266,7544,4.5800018310546875,1.2399978637695312,2014,0.017964111018971662,0.007892167117304907,0.00999439304338301,-0.006127029842462828
2014-05-08,161.8000030517578,161.8000030517578,159.4499969482422,159.4499969482422,108.04000091552734,108.13999938964844,107.37999725341797,108.01000213623047,6115,2.350006103515625,0.7600021362304688,2014,0.0018576040356521606,0.007892555459848067,-0.0008322976063682708,0.00999439304338301
2014-05-09,160.8000030517578,161.1999969482422,159.0500030517578,160.64999389648438,107.88999938964844,109.01000213623047,107.63999938964844,108.1500015258789,6891,0.1500091552734375,1.3700027465820312,2014,-0.00618046959912677,0.00795527848040857,-0.0013883887875583145,-0.0008322976063682708
2014-05-12,161.0,161.0,159.25,159.44000244140625,108.41000366210938,108.7300033569336,108.08999633789062,108.30000305175781,7471,1.55999755859375,0.6400070190429688,2014,0.001243762092329126,0.007962656109619591,0.004819763420174983,-0.0013883887875583145
2014-05-13,161.0,161.0,159.8800048828125,159.8800048828125,109.23999786376953,109.3499984741211,108.04000091552734,108.51000213623047,7626,1.1199951171875,1.30999755859375,2014,0.0,0.007645670331012576,0.007656066540197459,0.004819763420174983
2014-05-14,162.39999389648438,162.39999389648438,159.88999938964844,159.88999938964844,110.19000244140625,110.33000183105469,109.33999633789062,109.44000244140625,4654,2.5099945068359375,0.9900054931640625,2014,0.008695614263878104,0.007386790707582222,0.008696490261940859,0.007656066540197459
2014-05-15,162.1999969482422,162.4499969482422,160.42999267578125,160.42999267578125,110.44000244140625,110.58999633789062,109.80000305175781,110.1500015258789,81,1.7700042724609375,0.7899932861328125,2014,-0.0012315083482680178,0.007388000742292087,0.002268808371548303,0.008696490261940859
2014-05-16,162.3000030517578,162.3000030517578,159.85000610351562,159.89999389648438,110.41999816894531,110.41999816894531,110.41999816894531,110.41999816894531,6131,2.4000091552734375,0.0,2014,0.0006165604525105728,0.006807298332792517,-0.00018113248839835006,0.002268808371548303
2014-05-19,159.80999755859375,162.50999450683594,159.63999938964844,159.75,109.37000274658203,110.30000305175781,109.31999969482422,109.80000305175781,7101,0.05999755859375,0.9800033569335938,2014,-0.015341992891830025,0.007204033594754737,-0.009509105594774248,-0.00018113248839835006
2014-05-20,162.5,163.0500030517578,160.22999572753906,160.22999572753906,109.69000244140625,110.0,109.0,109.20999908447266,10468,2.2700042724609375,1.0,2014,0.016832504114268287,0.00767340827220182,0.0029258451749853975,-0.009509105594774248
2014-05-21,163.0,163.0,161.0399932861328,161.0399932861328,110.55000305175781,110.7300033569336,109.70999908447266,109.75,7242,1.9600067138671875,1.0200042724609375,2014,0.003076923076922977,0.007396996473370106,0.007840282534508525,0.0029258451749853975
2014-05-22,162.3000030517578,162.3000030517578,159.58999633789062,161.19000244140625,110.36000061035156,111.02999877929688,110.20999908447266,110.45999908447266,6092,1.1100006103515625,0.8199996948242188,2014,-0.004294459805166739,0.0074362595657291065,-0.001718701367355857,0.007840282534508525
2014-05-23,162.00999450683594,162.3000030517578,159.86000061035156,159.86000061035156,110.54000091552734,110.69999694824219,110.2699966430664,110.37000274658203,5368,2.149993896484375,0.43000030517578125,2014,-0.0017868671563080474,0.007383974080573749,0.0016310284902163463,-0.001718701367355857
2014-05-27,160.0500030517578,162.64999389648438,160.44000244140625,160.44000244140625,110.0199966430664,110.75,109.72000122070312,110.16000366210938,10773,-0.3899993896484375,1.029998779296875,2014,-0.012097966307846653,0.007337514123266547,-0.004704218094392032,0.0016310284902163463
2014-05-28,160.57000732421875,162.60000610351562,160.25,160.25,109.80999755859375,110.36000061035156,109.44000244140625,110.19000244140625,8253,0.32000732421875,0.9199981689453125,2014,0.0032490113248717645,0.007171733733734699,-0.0019087356015283774,-0.004704218094392032
2014-05-29,162.5,162.60000610351562,160.4600067138672,160.55999755859375,109.97000122070312,110.44999694824219,109.7699966430664,109.98999786376953,7680,1.94000244140625,0.6800003051757812,2014,0.012019633728260759,0.007220665067310061,0.0014570955802453156,-0.0019087356015283774
2014-05-30,162.60000610351562,162.64999389648438,160.58999633789062,160.6199951171875,109.41000366210938,110.0999984741211,109.20999908447266,110.01000213623047,8969,1.980010986328125,0.8899993896484375,2014,0.0006154221754808287,0.007205904992464095,-0.005092275642244237,0.0014570955802453156
2014-06-02,162.5500030517578,162.5500030517578,159.75,160.3699951171875,108.83000183105469,109.9000015258789,108.62999725341797,109.62000274658203,7678,2.1800079345703125,1.2700042724609375,2014,-0.0003075218319855688,0.007179174147819952,-0.005301177329688267,-0.005092275642244237
2014-06-03,162.2100067138672,162.4600067138672,159.89999389648438,159.89999389648438,108.81999969482422,108.9800033569336,108.37000274658203,108.93000030517578,5592,2.3100128173828125,0.6100006103515625,2014,-0.0020916415349581108,0.0071758512193945655,-9.19060558870477e-05,-0.005301177329688267
2014-06-04,162.25,162.64999389648438,160.1300048828125,160.1300048828125,108.4000015258789,109.44999694824219,108.29000091552734,108.9000015258789,9443,2.1199951171875,1.1599960327148438,2014,0.00024655252128402694,0.0069488223406380415,-0.003859567819547549,-9.19060558870477e-05
2014-06-05,162.60000610351562,162.9499969482422,160.5,160.5,108.79000091552734,108.93000030517578,107.7699966430664,108.08999633789062,8994,2.100006103515625,1.160003662109375,2014,0.0021572024869991324,0.0069550786622628235,0.003597780296666686,-0.003859567819547549
2014-06-06,162.6999969482422,163.35000610351562,162.38999938964844,162.38999938964844,108.61000061035156,109.29000091552734,108.47000122070312,108.8499984741211,7125,0.30999755859375,0.8199996948242188,2014,0.0006149498214833571,0.006928529500516997,-0.0016545666298463102,0.003597780296666686
2014-06-09,162.2899932861328,163.10000610351562,160.50999450683594,160.50999450683594,109.98999786376953,110.16000366210938,108.5999984741211,108.5999984741211,11311,1.779998779296875,1.5600051879882812,2014,-0.0025199979704966236,0.006908230658193265,0.012705986977836758,-0.0016545666298463102
2014-06-10,162.60000610351562,163.10000610351562,160.72999572753906,160.8699951171875,109.5199966430664,110.30999755859375,109.11000061035156,109.95999908447266,9638,1.730010986328125,1.1999969482421875,2014,0.0019102398805095344,0.006907778996763801,-0.004273126919097314,0.012705986977836758
2014-06-11,162.60000610351562,161.22999572753906,160.80999755859375,160.80999755859375,109.94999694824219,110.25,109.5,109.5,6736,1.790008544921875,0.75,2014,0.0,0.006904758199463295,0.0039262264276467285,-0.004273126919097314
2014-06-12,162.8000030517578,161.35000610351562,161.16000366210938,161.19000244140625,113.0199966430664,113.22000122070312,110.13999938964844,110.16000366210938,6415,1.6100006103515625,3.0800018310546875,2014,0.0012299934854544947,0.006889574878590577,0.02792178062787376,0.0039262264276467285
2014-06-13,163.1999969482422,163.58999633789062,160.99000549316406,160.99000549316406,113.41000366210938,114.4000015258789,112.94999694824219,114.4000015258789,315,2.209991455078125,1.4500045776367188,2014,0.0024569649200634203,0.006898313074282867,0.0034507788942399475,0.02792178062787376
2014-06-16,163.5,163.5,160.83999633789062,161.3699951171875,113.22000122070312,113.22000122070312,113.22000122070312,113.22000122070312,10542,2.1300048828125,0.0,2014,0.0018382540279884285,0.006898415899655264,-0.0016753587450040186,0.0034507788942399475
2014-06-17,162.5500030517578,163.10000610351562,160.6199951171875,160.6199951171875,113.44999694824219,113.80000305175781,112.13999938964844,112.9000015258789,10642,1.9300079345703125,1.660003662109375,2014,-0.005810378888331469,0.006904850412319981,0.0020314054500911727,-0.0016753587450040186
2014-06-18,163.0,163.39999389648438,160.9199981689453,160.9199981689453,114.26000213623047,114.4800033569336,113.06999969482422,113.27999877929688,12588,2.0800018310546875,1.410003662109375,2014,0.0027683601340746655,0.006800802672976684,0.00713975504431108,0.0020314054500911727
2014-06-19,163.1999969482422,163.1999969482422,160.8300018310547,160.8300018310547,115.05999755859375,115.69000244140625,114.18000030517578,114.25,14027,2.3699951171875,1.5100021362304688,2014,0.001226975142590181,0.005993322135039869,0.007001535160216843,0.00713975504431108
2014-06-20,163.10000610351562,161.24000549316406,160.67999267578125,161.24000549316406,114.80999755859375,115.08000183105469,114.43000030517578,114.76000213623047,11644,1.8600006103515625,0.6500015258789062,2014,-0.0006126890110069727,0.005989096973704747,-0.002172779465536512,0.007001535160216843
2014-06-23,160.64999389648438,162.6999969482422,160.4199981689453,160.42999267578125,114.12000274658203,115.6500015258789,113.87000274658203,115.19999694824219,11582,0.220001220703125,1.779998779296875,2014,-0.015021533509178897,0.006512787751329524,-0.006009884388853637,-0.002172779465536512
2014-06-24,160.25,162.64999389648438,160.52999877929688,160.52999877929688,114.45999908447266,114.81999969482422,113.55999755859375,113.75,11656,-0.279998779296875,1.2600021362304688,2014,-0.0024898469447942606,0.006523655616980987,0.002979287852328927,-0.006009884388853637
2014-06-25,162.60000610351562,162.60000610351562,160.5399932861328,160.72000122070312,114.0,114.77999877929688,113.23999786376953,114.45999908447266,12861,1.8800048828125,1.5400009155273438,2014,0.014664624670924331,0.007061376006448754,-0.004018863254866667,0.002979287852328927
2014-06-26,162.5500030517578,162.6999969482422,160.25999450683594,160.25999450683594,113.20999908447266,114.23999786376953,113.0199966430664,114.23999786376953,9100,2.290008544921875,1.220001220703125,2014,-0.0003075218319855688,0.006883706726214408,-0.006929832592345142,-0.004018863254866667
2014-06-27,162.6999969482422,163.0,160.83999633789062,160.97000122070312,113.30000305175781,113.70999908447266,112.9000015258789,113.12999725341797,6922,1.7299957275390625,0.80999755859375,2014,0.0009227554209065847,0.00688107359438122,0.0007950178253954832,-0.006929832592345142
2014-06-30,163.00999450683594,163.00999450683594,160.39999389648438,160.4600067138672,112.36000061035156,113.0999984741211,112.16000366210938,113.0999984741211,10245,2.54998779296875,0.9399948120117188,2014,0.0019053322950728369,0.006888264334846534,-0.008296579135808502,0.0007950178253954832
2014-07-01,162.8000030517578,162.8000030517578,160.25,160.25,112.29000091552734,112.80000305175781,111.8499984741211,112.33000183105469,11049,2.5500030517578125,0.9500045776367188,2014,-0.0012882121474417918,0.006244893048240935,-0.0006229947885721954,-0.008296579135808502
2014-07-02,162.64999389648438,163.0500030517578,160.6699981689453,160.6699981689453,111.23999786376953,112.36000061035156,110.91999816894531,112.06999969482422,14223,1.9799957275390625,1.44000244140625,2014,-0.0009214321404266146,0.005447511689915026,-0.00935081523908532,-0.0006229947885721954
2014-07-03,163.0,163.0,160.30999755859375,160.77999877929688,111.0,111.16000366210938,110.52999877929688,110.93000030517578,11415,2.220001220703125,0.6300048828125,2014,0.002151897427911331,0.005432355983240319,-0.002157478140762281,-0.00935081523908532
2014-07-07,160.36000061035156,162.5,160.38999938964844,160.38999938964844,110.23999786376953,111.2699966430664,109.95999908447266,110.98999786376953,12446,-0.029998779296875,1.30999755859375,2014,-0.01619631527391674,0.0061456471042550045,-0.006846866092166337,-0.002157478140762281
2014-07-08,162.60000610351562,162.60000610351562,160.3800048828125,160.3800048828125,108.94000244140625,110.2300033569336,108.69999694824219,110.2300033569336,12267,2.220001220703125,1.5300064086914062,2014,0.013968604917923955,0.0066721410835768585,-0.011792411534421121,-0.006846866092166337
2014-07-09,162.35000610351562,162.39999389648438,160.05999755859375,160.05999755859375,108.27999877929688,108.98999786376953,108.13999938964844,108.87000274658203,10415,2.290008544921875,0.8499984741210938,2014,-0.0015375153174400635,0.006270560119353133,-0.006058414240116772,-0.011792411534421121
2014-07-10,159.88999938964844,162.10000610351562,160.0800018310547,160.0800018310547,108.66999816894531,108.87999725341797,107.7699966430664,108.0999984741211,13514,-0.19000244140625,1.1100006103515625,2014,-0.015152489198544727,0.006863798987871587,0.003601767584458182,-0.006058414240116772
2014-07-11,162.0,162.3000030517578,160.24000549316406,160.25999450683594,106.66000366210938,108.56999969482422,106.26000213623047,108.56999969482422,11904,1.7400054931640625,2.30999755859375,2014,0.013196576511389724,0.006938526870210166,-0.018496314904791533,0.003601767584458182
2014-07-14,162.1999969482422,162.1999969482422,160.11000061035156,160.24000549316406,106.9800033569336,107.44999694824219,106.22000122070312,106.8499984741211,5303,1.959991455078125,1.2299957275390625,2014,0.0012345490632232892,0.00694158488767897,0.0030001845475080557,-0.018496314904791533
2014-07-15,162.0500030517578,162.0500030517578,159.6999969482422,160.1999969482422,106.0199966430664,106.88999938964844,104.51000213623047,106.87999725341797,3894,1.850006103515625,2.3799972534179688,2014,-0.0009247466048488695,0.0069432620631663736,-0.008973702409263984,0.0030001845475080557
2014-07-16,161.8000030517578,161.8000030517578,159.72999572753906,160.22000122070312,105.8499984741211,106.44000244140625,105.55000305175781,106.43000030517578,276,1.5800018310546875,0.8899993896484375,2014,-0.0015427336951061577,0.00693849801170471,-0.001603453823127765,-0.008973702409263984
2014-07-17,161.6999969482422,161.6999969482422,159.61000061035156,159.82000732421875,105.95999908447266,105.95999908447266,105.95999908447266,105.95999908447266,11847,1.8799896240234375,0.0,2014,-0.0006180846825054598,0.0069389719722146095,0.0010392122053592967,-0.001603453823127765
2014-07-18,162.6999969482422,159.82000732421875,159.6999969482422,159.6999969482422,107.23999786376953,108.63999938964844,106.9800033569336,108.41000366210938,10183,3.0,1.6599960327148438,2014,0.006184292015293469,0.00702239239340453,0.012080018784035973,0.0010392122053592967
2014-07-21,159.72999572753906,161.94000244140625,159.72999572753906,159.72999572753906,107.68000030517578,107.8499984741211,106.81999969482422,107.12999725341797,9604,0.0,1.029998779296875,2014,-0.018254463899270656,0.007774314106539868,0.004102969509242271,0.012080018784035973
2014-07-22,161.89999389648438,161.89999389648438,159.8800048828125,159.8800048828125,107.33000183105469,108.37000274658203,107.05999755859375,107.68000030517578,8368,2.019989013671875,1.3100051879882812,2014,0.013585414305318233,0.008181469416742113,-0.0032503572913183953,0.004102969509242271
2014-07-23,160.22999572753906,162.10000610351562,159.77000427246094,162.10000610351562,108.02999877929688,108.19999694824219,107.02999877929688,107.0999984741211,12856,-1.8700103759765625,1.1699981689453125,2014,-0.010314998344058468,0.008382570346161801,0.006521913130533852,-0.0032503572913183953
2014-07-24,162.0,162.0,159.83999633789062,159.83999633789062,107.06999969482422,108.08999633789062,106.83000183105469,108.08999633789062,8726,2.160003662109375,1.2599945068359375,2014,0.011046647442159996,0.008641871802883056,-0.008886412064429527,0.006521913130533852
2014-07-25,162.0500030517578,161.8000030517578,159.7899932861328,159.7899932861328,108.38999938964844,108.44999694824219,106.73999786376953,107.13999938964844,12114,2.260009765625,1.7099990844726562,2014,0.00030866081331981654,0.008638666432737285,0.01232838048553786,-0.008886412064429527
2014-07-28,161.60000610351562,161.9499969482422,159.77000427246094,160.0500030517578,107.56999969482422,108.08000183105469,107.0199966430664,108.06999969482422,10450,1.5500030517578125,1.0600051879882812,2014,-0.0027769018189925943,0.008637725596734404,-0.007565270776286548,0.01232838048553786
2014-07-29,161.8000030517578,161.9499969482422,159.5500030517578,159.77999877929688,107.72000122070312,108.02999877929688,107.1500015258789,107.58000183105469,11704,2.0200042724609375,0.8799972534179688,2014,0.0012376048309927778,0.008633312000255671,0.0013944550181692605,-0.007565270776286548
2014-07-30,161.85000610351562,161.85000610351562,159.6300048828125,159.86000061035156,106.51000213623047,107.8499984741211,105.86000061035156,107.48999786376953,15571,1.9900054931640625,1.9899978637695312,2014,0.00030904234125261887,0.008570994738908171,-0.011232817218350566,0.0013944550181692605
2014-07-31,161.6999969482422,161.89999389648438,159.47000122070312,159.67999267578125,106.0199966430664,106.58000183105469,105.44000244140625,105.93000030517578,14434,2.0200042724609375,1.1399993896484375,2014,-0.0009268405907719712,0.008554765698682932,-0.004600558476539396,-0.011232817218350566
2014-08-01,161.8000030517578,161.8000030517578,159.25,159.4499969482422,104.83999633789062,106.11000061035156,104.4000015258789,105.70999908447266,14865,2.350006103515625,1.7099990844726562,2014,0.0006184669474522675,0.008551909419731715,-0.011129978707209776,-0.004600558476539396
2014-08-04,161.25,161.25,158.85000610351562,158.85000610351562,105.41000366210938,105.66000366210938,104.52999877929688,104.73999786376953,15245,2.399993896484375,1.1300048828125,2014,-0.003399277140816115,0.0085710769068764,0.005436926212603721,-0.011129978707209776
2014-08-05,161.0,161.0,160.75,161.0,104.61000061035156,105.62000274658203,104.08000183105469,105.58000183105469,13297,0.0,1.5400009155273438,2014,-0.0015503875968991832,0.008116459027603036,-0.007589441456829937,0.005436926212603721
2014-08-06,158.58999633789062,161.5800018310547,158.94000244140625,158.94000244140625,104.58999633789062,105.44000244140625,104.54000091552734,104.7699966430664,11339,-0.350006103515625,0.9000015258789062,2014,-0.014968966845399834,0.008561574569479933,-0.0001912271517466868,-0.007589441456829937
2014-08-07,161.5,162.35000610351562,158.49000549316406,158.49000549316406,105.44000244140625,105.88999938964844,104.18000030517578,104.6500015258789,14652,3.0099945068359375,1.7099990844726562,2014,0.01834922586106469,0.008806741929831668,0.008127030626997822,-0.0001912271517466868
2014-08-08,162.3000030517578,162.3000030517578,160.39999389648438,160.39999389648438,105.0199966430664,106.81999969482422,104.66999816894531,106.0,11237,1.9000091552734375,2.1500015258789062,2014,0.004953579267850339,0.008856536576160014,-0.003983362942098223,0.008127030626997822
2014-08-11,162.60000610351562,162.60000610351562,160.39999389648438,160.5500030517578,104.68000030517578,105.41000366210938,104.5,104.88999938964844,6646,2.0500030517578125,0.910003662109375,2014,0.0018484476039235531,0.008861521645557325,-0.0032374438084032953,-0.003983362942098223
2014-08-12,162.39999389648438,162.39999389648438,159.80999755859375,160.5399932861328,103.0199966430664,104.52999877929688,102.6500015258789,104.52999877929688,7832,1.8600006103515625,1.8799972534179688,2014,-0.0012300873279421642,0.008856977131989963,-0.015857887440484664,-0.0032374438084032953
2014-08-13,162.0,159.52000427246094,159.42999267578125,159.52000427246094,104.27999877929688,104.33999633789062,102.38999938964844,102.91000366210938,6252,2.4799957275390625,1.9499969482421875,2014,-0.0024630166965359246,0.008865064673040471,0.012230655962802928,-0.015857887440484664
2014-08-14,161.8000030517578,162.3000030517578,159.3699951171875,159.3699951171875,102.01000213623047,104.12999725341797,102.0,103.73999786376953,301,2.4300079345703125,2.1299972534179688,2014,-0.0012345490632234002,0.008866217498469775,-0.02176828413539522,0.012230655962802928
2014-08-15,162.1999969482422,162.1999969482422,160.0800018310547,160.16000366210938,101.94999694824219,101.94999694824219,101.94999694824219,101.94999694824219,12437,2.0399932861328125,0.0,2014,0.002472150117057925,0.008869260193328581,-0.0005882284749699762,-0.02176828413539522
2014-08-18,159.91000366210938,160.0,160.0,160.0,101.5999984741211,102.98999786376953,101.11000061035156,102.94000244140625,9002,-0.089996337890625,1.8799972534179688,2014,-0.014118331252888638,0.008746695179557633,-0.003433040555153477,-0.0005882284749699762
2014-08-19,160.0,160.4199981689453,159.86000061035156,160.4199981689453,101.55999755859375,102.05999755859375,101.06999969482422,101.61000061035156,13304,-0.4199981689453125,0.9899978637695312,2014,0.0005627936703747061,0.008338362669379488,-0.000393709804410447,-0.003433040555153477
2014-08-20,159.86000061035156,160.17999267578125,159.91000366210938,160.17999267578125,102.27999877929688,102.36000061035156,101.43000030517578,101.7300033569336,10201,-0.3199920654296875,0.9300003051757812,2014,-0.0008749961853027344,0.008336406859215441,0.007089417467617931,-0.000393709804410447
2014-08-21,159.91000366210938,160.14999389648438,159.80999755859375,160.14999389648438,102.62999725341797,102.77999877929688,101.25,102.25,8468,-0.239990234375,1.529998779296875,2014,0.00031279276596341,0.007862599267993492,0.003421964003698541,0.007089417467617931
2014-08-22,159.80999755859375,159.69000244140625,159.64999389648438,159.64999389648438,102.29000091552734,102.81999969482422,102.0,102.58000183105469,9353,0.160003662109375,0.8199996948242188,2014,-0.0006253899144854635,0.007459334386643966,-0.0033128358860917695,0.003421964003698541
2014-08-25,159.69000244140625,160.52000427246094,159.8800048828125,160.52000427246094,102.6500015258789,102.80000305175781,101.9000015258789,102.51000213623047,5087,-0.8300018310546875,0.9000015258789062,2014,-0.0007508611414845934,0.007452892219544174,0.0035194115468710763,-0.0033128358860917695
2014-08-26,159.97999572753906,160.0500030517578,159.63999938964844,160.0500030517578,102.5,103.37000274658203,102.37000274658203,102.70999908447266,8337,-0.07000732421875,1.0,2014,0.0018159764650214072,0.007464204770661154,-0.001461291024346334,0.0035194115468710763
2014-08-27,159.63999938964844,160.0,159.77000427246094,160.0,102.72000122070312,103.04000091552734,102.05999755859375,102.68000030517578,11601,-0.3600006103515625,0.9800033569335938,2014,-0.00212524282391946,0.007468032574299173,0.0021463533727135164,-0.001461291024346334
2014-08-28,159.6300048828125,159.66000366210938,159.6300048828125,159.6300048828125,102.45999908447266,103.20999908447266,102.26000213623047,102.63999938964844,9089,0.0,0.9499969482421875,2014,-6.260653266187965e-05,0.007468215462754476,-0.0025311734145313514,0.0021463533727135164
2014-08-29,159.69000244140625,160.16000366210938,159.69000244140625,159.69000244140625,103.19000244140625,103.30999755859375,102.63999938964844,102.83000183105469,9570,0.0,0.6699981689453125,2014,0.00037585389186567397,0.007366161357878472,0.007124764429597086,-0.0025311734145313514
2014-09-02,160.11000061035156,160.16000366210938,160.11000061035156,160.11000061035156,100.33999633789062,103.27999877929688,100.19000244140625,103.0999984741211,16273,0.0,3.089996337890625,2014,0.0026300843041155986,0.006585243391960065,-0.027619013820005756,0.007124764429597086
2014-09-03,159.91000366210938,160.16000366210938,159.9499969482422,159.9499969482422,102.7699966430664,103.12999725341797,100.47000122070312,100.5,11649,-0.0399932861328125,2.6599960327148438,2014,-0.0012491221502702876,0.006074906010332288,0.0242176638814382,-0.027619013820005756
2014-09-04,160.16000366210938,160.2100067138672,160.13999938964844,160.13999938964844,101.83000183105469,102.94999694824219,101.69000244140625,102.33999633789062,10584,0.0200042724609375,1.2599945068359375,2014,0.0015633793651099737,0.0057862502144451315,-0.009146587941191053,0.0242176638814382
2014-09-05,162.52000427246094,162.6300048828125,159.9499969482422,162.6300048828125,100.81999969482422,102.41000366210938,100.36000061035156,101.87000274658203,12409,-0.1100006103515625,2.0500030517578125,2014,0.01473526820922455,0.0060616783788315755,-0.009918512403703561,-0.009146587941191053
2014-09-08,159.9499969482422,162.1999969482422,159.8300018310547,159.94000244140625,100.19999694824219,100.98999786376953,99.37000274658203,100.94999694824219,12077,0.0099945068359375,1.6199951171875,2014,-0.01581348299690044,0.006723344682734334,-0.0061496007583687895,-0.009918512403703561
2014-09-09,162.0,162.14999389648438,160.22999572753906,160.50999450683594,99.16000366210938,100.5999984741211,99.04000091552734,100.12999725341797,10783,1.4900054931640625,1.55999755859375,2014,0.012816524481842784,0.007125040548241105,-0.010379174828418547,-0.0061496007583687895
2014-09-10,159.5800018310547,162.6999969482422,159.5800018310547,159.5800018310547,98.04000091552734,99.43000030517578,97.62000274658203,99.43000030517578,13104,0.0,1.80999755859375,2014,-0.014938260302131523,0.007630649169524523,-0.011294904247870718,-0.010379174828418547
2014-09-11,160.8800048828125,162.6999969482422,160.82000732421875,160.82000732421875,98.08000183105469,98.45999908447266,96.73999786376953,97.94000244140625,12548,0.05999755859375,1.720001220703125,2014,0.00814640328889138,0.0077894134025697104,0.0004080060705202726,-0.011294904247870718
2014-09-12,162.60000610351562,162.8000030517578,160.57000732421875,160.94000244140625,97.11000061035156,98.77999877929688,96.91000366210938,98.12999725341797,7632,1.660003662109375,1.8699951171875,2014,0.010691205671929271,0.008035462685332083,-0.009889898068863978,0.0004080060705202726
2014-09-15,160.10000610351562,163.10000610351562,160.19000244140625,160.19000244140625,96.6500015258789,97.12999725341797,95.98999786376953,96.8499984741211,567,-0.089996337890625,1.1399993896484375,2014,-0.015375153174400413,0.008523587516273192,-0.00473688684565432,-0.009889898068863978
2014-09-16,163.0,162.8000030517578,160.67999267578125,160.67999267578125,96.62999725341797,96.62999725341797,96.62999725341797,96.62999725341797,16751,2.32000732421875,0.0,2014,0.018113640136961262,0.009138117061686449,-0.00020697643192046922,-0.00473688684565432
2014-09-17,160.77999877929688,163.35000610351562,160.7899932861328,160.7899932861328,98.97000122070312,99.54000091552734,98.5199966430664,98.95999908447266,14769,-0.0099945068359375,1.0200042724609375,2014,-0.013619639390816674,0.009486008869208107,0.024216123706889414,-0.00020697643192046922
2014-09-18,162.92999267578125,163.60000610351562,161.5500030517578,162.75,97.69999694824219,99.13999938964844,97.44000244140625,98.58000183105469,15316,0.17999267578125,1.6999969482421875,2014,0.013372272128423512,0.009354397686163423,-0.01283221437603932,0.024216123706889414
2014-09-19,161.0399932861328,163.5,161.1300048828125,161.1300048828125,98.38999938964844,98.4800033569336,97.19000244140625,97.54000091552734,12442,-0.0900115966796875,1.2900009155273438,2014,-0.011600070426624254,0.009025001516861305,0.007062461238067197,-0.01283221437603932
2014-09-22,161.91000366210938,163.39999389648438,161.47000122070312,161.47000122070312,96.97000122070312,98.19999694824219,96.38999938964844,98.19999694824219,12582,0.44000244140625,1.80999755859375,2014,0.005402449157028588,0.009033960256341544,-0.014432342491656813,0.007062461238067197
2014-09-23,161.39999389648438,163.1999969482422,161.36000061035156,161.36000061035156,96.8499984741211,97.56999969482422,96.55999755859375,96.87999725341797,13561,0.0399932861328125,1.0100021362304688,2014,-0.003149958335430192,0.009044004142258671,-0.0012375244412847763,-0.014432342491656813
2014-09-24,161.97999572753906,162.60000610351562,161.75999450683594,161.9499969482422,96.94999694824219,97.2699966430664,95.62000274658203,96.83999633789062,15460,0.029998779296875,1.649993896484375,2014,0.003593567862379743,0.009068040780565867,0.0010325087836506874,-0.0012375244412847763
2014-09-25,162.57000732421875,162.58999633789062,161.22999572753906,162.58999633789062,97.0,97.55000305175781,96.23999786376953,96.87999725341797,14271,-0.019989013671875,1.3100051879882812,2014,0.003642496680096974,0.009080442508349558,0.0005157612514883336,0.0010325087836506874
2014-09-26,160.77000427246094,163.89999389648438,160.7899932861328,160.7899932861328,97.0,97.5,96.47000122070312,97.04000091552734,11382,-0.019989013671875,1.029998779296875,2014,-0.011072171806992714,0.009307227540014536,0.0,0.0005157612514883336
2014-09-29,162.35000610351562,163.85000610351562,161.8300018310547,162.39999389648438,97.19999694824219,97.33999633789062,96.27999877929688,97.0,14463,-0.04998779296875,1.05999755859375,2014,0.00982771530177362,0.00947463740802302,0.0020618242086822836,0.0
2014-09-30,161.7899932861328,163.8000030517578,161.64999389648438,161.80999755859375,94.66999816894531,97.79000091552734,94.26000213623047,97.05000305175781,19337,-0.0200042724609375,3.529998779296875,2014,-0.003449416669721206,0.00911702991094979,-0.026028794842905878,0.0020618242086822836
2014-10-01,160.99000549316406,163.8000030517578,160.99000549316406,160.99000549316406,94.16000366210938,96.22000122070312,93.81999969482422,94.55999755859375,19096,0.0,2.4000015258789062,2014,-0.004944606132432083,0.009169558061582945,-0.005387076335692131,-0.026028794842905878
2014-10-02,160.99000549316406,164.10000610351562,160.8800048828125,160.94000244140625,93.41999816894531,94.3499984741211,91.62000274658203,94.3499984741211,23807,0.0500030517578125,2.7299957275390625,2014,0.0,0.009167259799204715,-0.007859021499399543,-0.005387076335692131
2014-10-03,164.0500030517578,164.25,161.33999633789062,161.33999633789062,92.30999755859375,93.95999908447266,91.4800033569336,93.58999633789062,19794,2.7100067138671875,2.4799957275390625,2014,0.019007375949954053,0.009784496540848295,-0.011881830786853453,-0.007859021499399543
2014-10-06,163.58999633789062,164.35000610351562,162.0,163.57000732421875,92.79000091552734,93.19000244140625,91.25,91.94999694824219,14363,0.019989013671875,1.94000244140625,2014,-0.0028040640372438697,0.009804263310451583,0.005199906506647922,-0.011881830786853453
2014-10-07,160.6300048828125,164.47000122070312,160.8699951171875,160.8699951171875,92.11000061035156,92.93000030517578,91.41000366210938,92.9000015258789,14586,-0.239990234375,1.5199966430664062,2014,-0.018093963697904503,0.01039402299885918,-0.007328379119155626,0.005199906506647922
2014-10-08,161.17999267578125,164.5,161.27000427246094,161.27000427246094,91.37999725341797,91.81999969482422,90.58000183105469,91.81999969482422,17109,-0.0900115966796875,1.2399978637695312,2014,0.0034239418306063474,0.010406526400875079,-0.007925343090829928,-0.007328379119155626
2014-10-09,164.39999389648438,164.8300018310547,161.3699951171875,161.3699951171875,90.05000305175781,91.83000183105469,88.47000122070312,91.5199966430664,23039,3.029998779296875,3.3600006103515625,2014,0.01997767320402022,0.010994601961590713,-0.014554544119450674,-0.007925343090829928
2014-10-10,163.3800048828125,163.41000366210938,162.30999755859375,163.41000366210938,90.20999908447266,90.45999908447266,88.05000305175781,89.01000213623047,21001,-0.029998779296875,2.4099960327148438,2014,-0.006204312965571779,0.011072710023340048,0.0017767465551654649,-0.014554544119450674
2014-10-13,162.8000030517578,164.8300018310547,161.83999633789062,162.66000366210938,88.88999938964844,89.69000244140625,87.93000030517578,89.69000244140625,10067,0.1399993896484375,1.7600021362304688,2014,-0.0035500172219403714,0.011101466988749732,-0.014632520875963784,0.0017767465551654649
2014-10-14,161.1300048828125,164.0800018310547,161.44000244140625,161.44000244140625,85.04000091552734,88.69999694824219,84.54000091552734,88.11000061035156,16949,-0.30999755859375,4.159996032714844,2014,-0.0102579738184303,0.011272362094386012,-0.043311941731990156,-0.014632520875963784
2014-10-15,161.83999633789062,162.0,161.7100067138672,162.0,83.77999877929688,85.61000061035156,83.0,85.58000183105469,15846,-0.160003662109375,2.6100006103515625,2014,0.004406326776905889,0.011293298325615956,-0.014816581875182089,-0.043311941731990156
2014-10-16,159.49000549316406,164.4499969482422,159.3300018310547,159.5500030517578,84.47000122070312,84.80000305175781,82.69999694824219,82.81999969482422,233,-0.05999755859375,2.100006103515625,2014,-0.014520457846651458,0.011616342914072764,0.008235885073523797,-0.014816581875182089
2014-10-17,161.58999633789062,165.25,161.50999450683594,161.5800018310547,84.54000091552734,84.54000091552734,84.54000091552734,84.54000091552734,19641,0.0099945068359375,0.0,2014,0.013166911859041619,0.011550737913339297,0.0008286929538610099,0.008235885073523797
2014-10-20,165.1999969482422,165.1999969482422,162.7100067138672,162.9600067138672,85.4000015258789,86.68000030517578,84.41000366210938,86.22000122070312,20345,2.239990234375,2.2699966430664062,2014,0.022340495650503778,0.01186032599456471,0.010172706423446476,0.0008286929538610099
2014-10-21,165.14999389648438,165.14999389648438,162.47999572753906,162.47999572753906,86.22000122070312,86.47000122070312,85.11000061035156,85.11000061035156,19391,2.6699981689453125,1.3600006103515625,2014,-0.00030268191695836943,0.011655228064758036,0.009601869791252104,0.010172706423446476
2014-10-22,163.6199951171875,163.63999938964844,163.3800048828125,163.63999938964844,84.70999908447266,87.05000305175781,84.51000213623047,86.38999938964844,17458,-0.0200042724609375,2.5400009155273438,2014,-0.00926429812801488,0.011436568574341558,-0.017513362501181295,0.009601869791252104
2014-10-23,165.0,165.0,163.39999389648438,164.22000122070312,86.83000183105469,87.16000366210938,84.12999725341797,84.4000015258789,24796,0.779998779296875,3.0300064086914062,2014,0.008434206845099324,0.011442978453807632,0.02502659390266282,-0.017513362501181295
2014-10-24,165.0,164.5500030517578,162.19000244140625,163.60000610351562,86.12999725341797,86.68000030517578,85.36000061035156,86.6500015258789,19344,1.399993896484375,1.3199996948242188,2014,0.0,0.011293238190840686,-0.008061782366407422,0.02502659390266282
2014-10-27,161.9600067138672,162.24000549316406,161.6999969482422,161.6999969482422,85.83000183105469,86.25,84.54000091552734,86.16999816894531,15291,0.260009765625,1.7099990844726562,2014,-0.01842420173413828,0.011454075667693714,-0.0034830538944592426,-0.008061782366407422
2014-10-28,162.0,163.10000610351562,161.8699951171875,161.89999389648438,86.02999877929688,86.3499984741211,85.08999633789062,85.4800033569336,13937,0.100006103515625,1.2600021362304688,2014,0.00024693309752366055,0.010957626796982272,0.0023301519745491106,-0.0034830538944592426
2014-10-29,162.63999938964844,162.75999450683594,162.64999389648438,162.67999267578125,87.12000274658203,87.91999816894531,86.20999908447266,86.30000305175781,14546,-0.0399932861328125,1.7099990844726562,2014,0.003950613516348289,0.01067871284883496,0.012670045132529673,0.0023301519745491106
2014-10-30,164.00999450683594,164.16000366210938,163.4199981689453,164.16000366210938,86.23999786376953,87.12000274658203,85.73999786376953,87.0,12493,-0.1500091552734375,1.3800048828125,2014,0.008423482060555765,0.010508901629836798,-0.010101065829535072,0.012670045132529673
2014-10-31,163.4199981689453,163.1999969482422,163.0399932861328,163.0399932861328,85.86000061035156,86.22000122070312,84.58999633789062,86.04000091552734,11967,0.3800048828125,1.6300048828125,2014,-0.003597319417421474,0.01029653377752542,-0.004406276238761442,-0.010101065829535072
2014-11-03,163.91000366210938,164.60000610351562,164.22999572753906,164.60000610351562,84.77999877929688,86.38999938964844,84.06999969482422,85.86000061035156,14973,-0.69000244140625,2.3199996948242188,2014,0.0029984426548426146,0.010266700298795147,-0.012578637588834152,-0.004406276238761442
2014-11-04,165.64999389648438,163.8800048828125,163.22999572753906,163.22999572753906,82.81999969482422,84.38999938964844,82.0999984741211,84.29000091552734,18879,2.4199981689453125,2.2900009155273438,2014,0.010615521905312564,0.010406448780954456,-0.023118649595348706,-0.012578637588834152
2014-11-05,163.4199981689453,164.11000061035156,163.30999755859375,163.30999755859375,82.94999694824219,84.45999908447266,81.6500015258789,82.76000213623047,28238,0.1100006103515625,2.80999755859375,2014,-0.01346209362937012,0.010716563688994206,0.0015696360045518443,-0.023118649595348706
2014-11-06,163.99000549316406,167.69000244140625,163.57000732421875,164.02999877929688,82.86000061035156,83.22000122070312,82.02999877929688,83.02999877929688,17660,-0.0399932861328125,1.19000244140625,2014,0.0034879900294055854,0.010714964049624381,-0.0010849468499291026,0.0015696360045518443
2014-11-07,169.55999755859375,169.5500030517578,164.52000427246094,169.5500030517578,83.38999938964844,83.8499984741211,82.20999908447266,82.58999633789062,14848,0.0099945068359375,1.6399993896484375,2014,0.033965436178132746,0.01212270888188847,0.0063963163817628566,-0.0010849468499291026
2014-11-10,163.66000366210938,164.80999755859375,163.49000549316406,163.67999267578125,82.33999633789062,84.94999694824219,82.0,83.72000122070312,17349,-0.019989013671875,2.9499969482421875,2014,-0.03479590694406298,0.013739498260212653,-0.012591474510649237,0.0063963163817628566
2014-11-11,165.6300048828125,166.32000732421875,165.50999450683594,165.50999450683594,81.66999816894531,82.30999755859375,80.47000122070312,81.9800033569336,20813,0.1200103759765625,1.839996337890625,2014,0.012037157378844698,0.013881663977622112,-0.008136971080201505,-0.012591474510649237
2014-11-12,165.6199951171875,169.60000610351562,165.83999633789062,165.83999633789062,80.37999725341797,81.6500015258789,79.81999969482422,81.22000122070312,8560,-0.220001220703125,1.8300018310546875,2014,-6.043449453552174e-05,0.01383963055703691,-0.015795285226513744,-0.008136971080201505
2014-11-13,166.86000061035156,169.99000549316406,166.8300018310547,166.8300018310547,77.91999816894531,79.91000366210938,77.91999816894531,79.91000366210938,467,0.029998779296875,1.9900054931640625,2014,0.007487051864037753,0.01388768711871674,-0.030604617672689072,-0.015795285226513744
2014-11-14,169.8000030517578,171.1999969482422,168.75999450683594,169.92999267578125,77.73999786376953,77.73999786376953,77.73999786376953,77.73999786376953,15018,-0.1299896240234375,0.0,2014,0.017619575875896576,0.013828814100279634,-0.0023100655724542785,-0.030604617672689072
2014-11-17,167.6999969482422,172.25,167.63999938964844,167.63999938964844,79.30999755859375,79.44000244140625,77.94999694824219,79.20999908447266,12896,0.05999755859375,1.4900054931640625,2014,-0.012367526889122127,0.014033993989495747,0.020195520169365988,-0.0023100655724542785
2014-11-18,170.3699951171875,173.14999389648438,170.0500030517578,170.13999938964844,78.47000122070312,79.93000030517578,78.19000244140625,78.94999694824219,15851,0.2299957275390625,1.7399978637695312,2014,0.015921277385409605,0.013817022909028698,-0.010591304548585367,0.020195520169365988
2014-11-19,173.0,173.85000610351562,170.5500030517578,170.6199951171875,78.0999984741211,79.44000244140625,77.7300033569336,77.8499984741211,21619,2.3800048828125,1.7099990844726562,2014,0.015437019182887646,0.01403044819209074,-0.004715212703277127,-0.010591304548585367
2014-11-20,173.7100067138672,176.10000610351562,171.35000610351562,171.35000610351562,79.33000183105469,79.9000015258789,77.58000183105469,78.20999908447266,16540,2.3600006103515625,2.3199996948242188,2014,0.004104085051255479,0.013640823006375044,0.015749082982903895,-0.004715212703277127
2014-11-21,172.0500030517578,177.0500030517578,171.8300018310547,171.97999572753906,80.36000061035156,81.55999755859375,79.12000274658203,80.0999984741211,19896,0.07000732421875,2.4399948120117188,2014,-0.009556177525476217,0.013723206856182515,0.012983723125210789,0.015749082982903895
2014-11-24,177.0500030517578,177.0,175.00999450683594,175.00999450683594,79.68000030517578,80.79000091552734,79.41000366210938,80.41999816894531,11108,2.040008544921875,1.3799972534179688,2014,0.02906131886842145,0.01455017667488394,-0.008461925087245303,0.012983723125210789
2014-11-25,174.6699981689453,177.1999969482422,173.22000122070312,174.77999877929688,78.33000183105469,80.44000244140625,78.01000213623047,79.47000122070312,16700,-0.1100006103515625,2.4300003051757812,2014,-0.013442557705671154,0.01466070349576038,-0.016942751869359673,-0.008461925087245303
2014-11-26,172.67999267578125,174.33999633789062,172.5800018310547,172.5800018310547,77.75,78.86000061035156,77.33000183105469,78.11000061035156,13570,0.0999908447265625,1.529998779296875,2014,-0.01139294391724488,0.014882985881070978,-0.007404593610321308,-0.016942751869359673
2014-11-28,174.8000030517578,178.64999389648438,175.02999877929688,175.02999877929688,70.1500015258789,77.38999938964844,69.83000183105469,77.02999877929688,20894,-0.2299957275390625,7.55999755859375,2014,0.012277104852309373,0.01464271147397496,-0.09774917651602688,-0.007404593610321308
2014-12-01,175.6699981689453,183.89999389648438,175.7899932861328,175.91000366210938,72.54000091552734,73.01000213623047,67.58999633789062,70.19000244140625,25064,-0.2400054931640625,5.420005798339844,2014,0.004977088684202657,0.014525658585268018,0.03406984087900189,-0.09774917651602688
2014-12-02,183.75,181.24000549316406,180.6199951171875,180.6199951171875,70.54000091552734,73.01000213623047,70.41000366210938,72.66000366210938,16953,3.1300048828125,2.5999984741210938,2014,0.04599534305957009,0.016167139544406222,-0.027570994964957296,0.03406984087900189
2014-12-03,182.05999755859375,182.02000427246094,179.4499969482422,182.02000427246094,69.91999816894531,71.44999694824219,69.4800033569336,71.12000274658203,22352,0.0399932861328125,1.9699935913085938,2014,-0.009197292198129259,0.01632348179872004,-0.00878937820435377,-0.027570994964957296
2014-12-04,179.39999389648438,180.52000427246094,177.72999572753906,180.52000427246094,69.63999938964844,70.61000061035156,68.83000183105469,70.25,17516,-1.1200103759765625,1.779998779296875,2014,-0.014610588255408952,0.016494601032072027,-0.004004559305340938,-0.00878937820435377
2014-12-05,179.8000030517578,180.1999969482422,179.61000061035156,179.61000061035156,69.06999969482422,69.87999725341797,68.11000061035156,69.38999938964844,19073,0.19000244140625,1.7699966430664062,2014,0.002229705512165392,0.016465638451372562,-0.008184946867029197,-0.004004559305340938
2014-12-08,180.0,182.4499969482422,180.39999389648438,180.39999389648438,66.19000244140625,68.44000244140625,65.94000244140625,68.38999938964844,14787,-0.399993896484375,2.5,2014,0.0011123300603315123,0.01645990701084362,-0.041696789722641125,-0.008184946867029197
2014-12-09,182.3000030517578,183.4499969482422,180.3000030517578,180.3000030517578,66.83999633789062,67.0199966430664,65.3499984741211,66.05000305175781,14593,2.0,1.6699981689453125,2014,0.012777794731987813,0.016037585251422407,0.00982012195965365,-0.041696789722641125
2014-12-10,183.3000030517578,181.66000366210938,179.1300048828125,181.66000366210938,64.23999786376953,66.30999755859375,63.56999969482422,66.30999755859375,17189,1.6399993896484375,2.7399978637695312,2014,0.0054854634298393545,0.016022982733270765,-0.03889884225872098,0.00982012195965365
2014-12-11,179.75,180.35000610351562,177.22999572753906,177.38999938964844,63.68000030517578,65.0999984741211,63.13999938964844,64.7699966430664,17122,2.3600006103515625,1.9599990844726562,2014,-0.01936717399156518,0.01659338360010498,-0.008717272372600449,-0.03889884225872098
2014-12-12,180.39999389648438,179.89999389648438,178.77000427246094,178.77000427246094,61.849998474121094,63.54999923706055,61.36000061035156,63.150001525878906,16645,1.6299896240234375,2.1899986267089844,2014,0.0036160995631953075,0.016567110378757608,-0.028737465802209594,-0.008717272372600449
2014-12-15,179.7100067138672,178.72999572753906,176.39999389648438,178.72999572753906,61.060001373291016,63.22999954223633,60.349998474121094,60.72999954223633,13288,0.980010986328125,2.8800010681152344,2014,-0.0038247627824927743,0.016570432894260252,-0.012772790951007473,-0.028737465802209594
2014-12-16,179.85000610351562,179.89999389648438,176.27000427246094,176.27000427246094,59.86000061035156,60.959999084472656,58.59000015258789,60.75,732,3.5800018310546875,2.3699989318847656,2014,0.0007790294608989168,0.016576798592515665,-0.019652812576980372,-0.012772790951007473
2014-12-17,179.6999969482422,182.41000366210938,179.39999389648438,179.39999389648438,59.79999923706055,59.79999923706055,59.79999923706055,59.79999923706055,27234,0.3000030517578125,0.0,2014,-0.0008340792337093728,0.016532648100261553,-0.001002361722005074,-0.019652812576980372
2014-12-18,179.6999969482422,185.14999389648438,184.22999572753906,184.22999572753906,59.27000045776367,63.630001068115234,59.16999816894531,60.95000076293945,23123,-4.529998779296875,4.460002899169922,2014,0.0,0.0162550350918274,-0.00886285595415881,-0.001002361722005074
2014-12-19,179.8000030517578,182.10000610351562,178.75,178.75,61.380001068115234,62.63999938964844,59.11000061035156,59.880001068115234,15698,1.0500030517578125,3.529998779296875,2014,0.0005565170017471921,0.016262659112886282,0.03559980755956249,-0.00886285595415881
2014-12-22,179.75,185.64999389648438,182.19000244140625,182.63999938964844,60.11000061035156,62.939998626708984,59.869998931884766,61.880001068115234,20497,-2.8899993896484375,3.0699996948242188,2014,-0.0002781037314187884,0.01519553386725109,-0.020690785853104132,0.03559980755956249
2014-12-23,185.39999389648438,185.6999969482422,182.67999267578125,182.74000549316406,61.689998626708984,62.11000061035156,59.88999938964844,60.29999923706055,13242,2.6599884033203125,2.220001220703125,2014,0.03143251124608826,0.014449244807790045,0.026285110635738906,-0.020690785853104132
2014-12-24,185.64999389648438,183.19000244140625,179.5500030517578,183.19000244140625,60.2400016784668,61.68000030517578,59.400001525878906,61.68000030517578,6504,2.459991455078125,2.279998779296875,2014,0.0013484358588469192,0.014382639090386947,-0.02350457092755398,0.026285110635738906
2014-12-26,185.64999389648438,183.19000244140625,179.5500030517578,183.19000244140625,59.45000076293945,60.95000076293945,59.2400016784668,60.61000061035156,2778,2.459991455078125,1.7099990844726562,2014,0.0,0.014382068089098218,-0.013114224659952711,-0.02350457092755398
2014-12-29,181.8000030517578,182.39999389648438,179.50999450683594,179.75,57.880001068115234,60.40999984741211,57.380001068115234,59.849998474121094,11672,2.0500030517578125,3.029998779296875,2014,-0.020737899118236758,0.01504788778654486,-0.026408741373859512,-0.013114224659952711
2014-12-30,182.25,182.3000030517578,180.0399932861328,180.0399932861328,57.900001525878906,58.369998931884766,56.75,57.90999984741211,8111,2.2100067138671875,1.6199989318847656,2014,0.0024752306968558457,0.014791353909912661,0.0003455504041911528,-0.026408741373859512
2014-12-31,182.25,182.39999389648438,180.55999755859375,180.74000549316406,57.33000183105469,57.77000045776367,55.81999969482422,57.29999923706055,8412,1.5099945068359375,1.9500007629394531,2014,0.0,0.014533779611535737,-0.009844554055312926,0.0003455504041911528
2015-01-02,181.3800048828125,182.89999389648438,181.00999450683594,181.8699951171875,56.41999816894531,58.220001220703125,55.52000045776367,57.630001068115234,16707,-0.489990234375,2.700000762939453,2015,-0.004773635759602213,0.01438371061121018,-0.015873079243762356,-0.009844554055312926
2015-01-05,182.6999969482422,183.39999389648438,181.5,182.35000610351562,53.11000061035156,56.290000915527344,52.66999816894531,56.290000915527344,30065,0.3499908447265625,3.6200027465820312,2015,0.007277494927197203,0.014200528585048744,-0.058667097944282376,-0.015873079243762356
2015-01-06,183.1999969482422,181.9499969482422,180.97999572753906,180.97999572753906,51.099998474121094,53.52000045776367,50.529998779296875,53.22999954223633,35494,2.220001220703125,2.990001678466797,2015,0.002736726920371302,0.014195458049009783,-0.03784601982924296,-0.058667097944282376
2015-01-07,183.60000610351562,182.27999877929688,181.35000610351562,182.27999877929688,51.150001525878906,51.84000015258789,49.68000030517578,51.060001373291016,37082,1.32000732421875,2.1599998474121094,2015,0.0021834561241091954,0.014030445487893471,0.0009785333317209322,-0.03784601982924296
2015-01-08,183.5500030517578,181.27000427246094,176.1199951171875,181.27000427246094,50.959999084472656,51.88999938964844,49.81999969482422,51.0,29469,2.279998779296875,2.0699996948242188,2015,-0.0002723477674048125,0.01308894113768532,-0.0037146126244027577,0.0009785333317209322
2015-01-09,178.6999969482422,180.4199981689453,175.6699981689453,175.6699981689453,50.11000061035156,51.560001373291016,48.900001525878906,51.25,48123,3.029998779296875,2.6599998474121094,2015,-0.026423350710312987,0.013788435744611654,-0.016679719179588548,-0.0037146126244027577
2015-01-12,178.61000061035156,182.0,179.63999938964844,179.63999938964844,47.43000030517578,49.88999938964844,47.16999816894531,49.88999938964844,29297,-1.029998779296875,2.720001220703125,2015,-0.0005036168966287002,0.01359698611584439,-0.05348234429320986,-0.016679719179588548
2015-01-13,182.0,180.4499969482422,180.0399932861328,180.0399932861328,46.59000015258789,47.27000045776367,45.22999954223633,47.27000045776367,33516,1.9600067138671875,2.0400009155273438,2015,0.018979896859437018,0.013837969157130238,-0.017710313033589165,-0.05348234429320986
2015-01-14,183.39999389648438,182.89999389648438,180.6199951171875,180.83999633789062,48.689998626708984,49.06999969482422,45.63999938964844,46.849998474121094,17863,2.55999755859375,3.4300003051757812,2015,0.007692274156507528,0.013870754805449106,0.04507401732653671,-0.017710313033589165
2015-01-15,183.0500030517578,183.0,180.3300018310547,180.3300018310547,47.66999816894531,50.33000183105469,46.93000030517578,48.25,2088,2.720001220703125,3.4000015258789062,2015,-0.001908347090371798,0.011044671772434182,-0.02094887012800506,0.04507401732653671
2015-01-16,185.5500030517578,186.5,183.27000427246094,183.27000427246094,47.689998626708984,47.689998626708984,47.689998626708984,47.689998626708984,29134,2.279998779296875,0.0,2015,0.013657470408744654,0.011180654823502365,0.0004195606992218881,-0.02094887012800506
2015-01-20,184.1699981689453,189.1999969482422,184.3800048828125,184.3800048828125,47.9900016784668,50.31999969482422,47.79999923706055,50.20000076293945,33926,-0.2100067138671875,2.520000457763672,2015,-0.007437374616628634,0.010915639416060633,0.006290691138535642,0.0004195606992218881
2015-01-21,188.8000030517578,189.89999389648438,186.8800048828125,186.8800048828125,49.029998779296875,49.59000015258789,48.20000076293945,48.2599983215332,28618,1.9199981689453125,1.3899993896484375,2015,0.025139843236384518,0.011776941226738528,0.021671120326230975,0.006290691138535642
2015-01-22,189.85000610351562,190.39999389648438,187.4199981689453,187.4199981689453,48.52000045776367,50.439998626708984,47.52000045776367,48.77000045776367,33790,2.4300079345703125,2.9199981689453125,2015,0.0055614567520423375,0.011797329219570635,-0.010401760845006436,0.021671120326230975
2015-01-23,190.39999389648438,190.5,189.6999969482422,190.5,48.790000915527344,50.099998474121094,48.58000183105469,49.18000030517578,29460,-0.100006103515625,1.5199966430664062,2015,0.002896959574859581,0.011618135852622339,0.005564724963238676,-0.010401760845006436
2015-01-26,190.60000610351562,188.6300048828125,187.9600067138672,188.6300048828125,48.15999984741211,49.27000045776367,47.599998474121094,48.709999084472656,25814,1.970001220703125,1.6700019836425781,2015,0.0010504843143008813,0.011594067028006118,-0.01291250371579189,0.005564724963238676
2015-01-27,191.0,191.1999969482422,188.2899932861328,188.2899932861328,49.599998474121094,49.97999954223633,47.689998626708984,48.279998779296875,25318,2.7100067138671875,2.2900009155273438,2015,0.0020986037968284688,0.01091266329641777,0.029900303805469486,-0.01291250371579189
2015-01-28,191.10000610351562,192.1999969482422,187.1199951171875,188.4499969482422,48.470001220703125,49.709999084472656,48.31999969482422,48.939998626708984,29379,2.6500091552734375,1.3899993896484375,2015,0.000523592165003306,0.010912287832603392,-0.022782203390742994,0.029900303805469486
2015-01-29,192.1999969482422,192.25,186.5399932861328,188.30999755859375,49.130001068115234,49.27000045776367,48.400001525878906,48.61000061035156,26641,3.8899993896484375,0.8699989318847656,2015,0.005756100521162377,0.010876689568875308,0.01361666661419858,-0.022782203390742994
2015-01-30,189.75,187.75,186.97999572753906,186.97999572753906,52.9900016784668,53.060001373291016,48.79999923706055,49.119998931884766,35139,2.7700042724609375,4.260002136230469,2015,-0.012747122721869508,0.011216909112458803,0.07856707768029447,0.01361666661419858
2015-02-02,187.91000366210938,190.0,186.9499969482422,187.4199981689453,54.75,55.70000076293945,51.40999984741211,52.65999984741211,43658,0.4900054931640625,4.290000915527344,2015,-0.009696950397315551,0.011405130479230046,0.03321378119994289,0.07856707768029447
2015-02-03,189.6999969482422,189.8000030517578,186.66000366210938,186.66000366210938,57.90999984741211,58.9900016784668,54.849998474121094,55.04999923706055,55610,3.0399932861328125,4.140003204345703,2015,0.009525800921974747,0.01149267107029966,0.05771689219017562,0.03321378119994289
2015-02-04,189.64999389648438,190.33999633789062,185.02000427246094,185.02000427246094,54.15999984741211,58.04999923706055,53.5,57.0,42937,4.6299896240234375,4.549999237060547,2015,-0.00026359015583676815,0.011496878861333668,-0.06475565549785756,0.05771689219017562
2015-02-05,186.0,192.5,189.6199951171875,191.8699951171875,56.56999969482422,57.849998474121094,52.95000076293945,54.849998474121094,48325,-5.8699951171875,4.899997711181641,2015,-0.019245947872145064,0.012122116500019852,0.044497781650700396,-0.06475565549785756
2015-02-06,192.1999969482422,193.89999389648438,188.97000122070312,188.97000122070312,57.79999923706055,59.029998779296875,56.790000915527344,57.349998474121094,38508,3.2299957275390625,2.2399978637695312,2015,0.03333331692603325,0.012289340908851682,0.021742965332716135,0.044497781650700396
2015-02-09,193.85000610351562,195.25,192.9600067138672,193.27999877929688,58.34000015258789,59.560001373291016,57.349998474121094,58.560001373291016,35734,0.57000732421875,2.210002899169922,2015,0.008584855262603108,0.012361652717711016,0.00934257651652537,0.021742965332716135
2015-02-10,195.35000610351562,199.25,192.6999969482422,192.6999969482422,56.43000030517578,58.540000915527344,56.099998474121094,58.0099983215332,23490,2.6500091552734375,2.44000244140625,2015,0.0077379414638707456,0.012409576800324684,-0.03273911282853137,0.00934257651652537
2015-02-11,199.1999969482422,202.75,196.69000244140625,196.69000244140625,54.65999984741211,56.959999084472656,53.95000076293945,56.880001068115234,25029,2.5099945068359375,3.009998321533203,2015,0.01970816854075985,0.012072053760489527,-0.0313663024666212,-0.03273911282853137
2015-02-12,203.8000030517578,204.0,201.22999572753906,201.22999572753906,57.04999923706055,57.38999938964844,55.0,55.09000015258789,961,2.57000732421875,2.3899993896484375,2015,0.02309240047182759,0.012608900758948122,0.04372483344896305,-0.0313663024666212
2015-02-13,203.89999389648438,204.10000610351562,202.32000732421875,202.32000732421875,57.38999938964844,57.38999938964844,57.38999938964844,57.38999938964844,36448,1.579986572265625,0.0,2015,0.0004906322042652622,0.01260410744477999,0.005959687241626099,0.04372483344896305
2015-02-17,199.4199981689453,200.89999389648438,198.64999389648438,200.89999389648438,62.529998779296875,63.029998779296875,60.279998779296875,61.779998779296875,40754,-1.4799957275390625,2.75,2015,-0.02197153438765409,0.013376141765959896,0.08956263189254443,0.005959687241626099
2015-02-18,199.35000610351562,199.39999389648438,196.35000610351562,199.39999389648438,60.529998779296875,62.38999938964844,59.2599983215332,62.20000076293945,24334,-0.04998779296875,3.1300010681152344,2015,-0.000350978167046212,0.013369483479264341,-0.031984647993663184,0.08956263189254443
2015-02-19,198.39999389648438,196.38999938964844,195.88999938964844,195.88999938964844,60.209999084472656,60.970001220703125,57.79999923706055,59.2599983215332,39699,2.5099945068359375,3.170001983642578,2015,-0.004765548923725382,0.013444486454798095,-0.0052866297914691,-0.031984647993663184
2015-02-20,197.0,199.39999389648438,196.11000061035156,196.86000061035156,60.220001220703125,61.130001068115234,59.88999938964844,60.099998474121094,33712,0.1399993896484375,1.2400016784667969,2015,-0.007056421066297114,0.013563167789988697,0.00016612085006739719,-0.0052866297914691
2015-02-23,199.4499969482422,200.0,195.35000610351562,195.35000610351562,58.900001525878906,60.63999938964844,58.380001068115234,60.099998474121094,42658,4.0999908447265625,2.259998321533203,2015,0.012436532732193806,0.013673567973457906,-0.0219196225185464,0.00016612085006739719
2015-02-24,199.85000610351562,200.39999389648438,196.83999633789062,196.83999633789062,58.65999984741211,60.310001373291016,58.119998931884766,59.09000015258789,37567,3.010009765625,2.19000244140625,2015,0.0020055610999945017,0.012509474508219254,-0.004074731277576404,-0.0219196225185464
2015-02-25,200.3000030517578,198.38999938964844,197.9199981689453,197.9199981689453,61.630001068115234,62.130001068115234,58.40999984741211,58.70000076293945,34789,2.3800048828125,3.720001220703125,2015,0.0022516734275659367,0.012486800155669319,0.05063077443622177,-0.004074731277576404
2015-02-26,200.0,201.0,198.0800018310547,198.0800018310547,60.04999923706055,62.630001068115234,59.650001525878906,62.470001220703125,31062,1.9199981689453125,2.979999542236328,2015,-0.0014977685830603882,0.0121903704622126,-0.02563689442919892,0.05063077443622177
2015-02-27,201.0,201.80999755859375,201.2100067138672,201.80999755859375,62.58000183105469,62.810001373291016,60.70000076293945,60.79999923706055,30548,-0.80999755859375,2.1100006103515625,2015,0.004999999999999893,0.012166197879923984,0.04213160076832634,-0.02563689442919892
2015-03-02,200.0,202.25999450683594,199.35000610351562,202.25999450683594,59.540000915527344,62.400001525878906,59.36000061035156,62.25,36182,-2.2599945068359375,3.0400009155273438,2015,-0.00497512437810943,0.012222747809005159,-0.04857783359825307,0.04213160076832634
2015-03-03,202.0,200.39999389648438,197.83999633789062,200.1199951171875,61.02000045776367,61.810001373291016,59.869998931884766,60.0,35924,1.8800048828125,1.94000244140625,2015,0.010000000000000009,0.012130965415345906,0.024857230760477966,-0.04857783359825307
2015-03-04,200.35000610351562,199.60000610351562,197.02999877929688,197.4600067138672,60.54999923706055,60.90999984741211,59.4900016784668,60.709999084472656,29920,2.8899993896484375,1.4199981689453125,2015,-0.008168286616259235,0.012153169338623404,-0.007702412605330111,0.024857230760477966
2015-03-05,199.5500030517578,197.94000244140625,197.22999572753906,197.94000244140625,60.47999954223633,61.54999923706055,60.08000183105469,60.47999954223633,29245,1.6100006103515625,1.4699974060058594,2015,-0.003993027339088129,0.01145732628770111,-0.0011560643386659963,-0.007702412605330111
2015-03-06,199.39999389648438,199.4499969482422,196.61000061035156,197.75999450683594,59.72999954223633,61.20000076293945,59.18000030517578,61.029998779296875,22107,1.6399993896484375,2.020000457763672,2015,-0.0007517371735370482,0.01144593252842942,-0.012400793744653305,-0.0011560643386659963
2015-03-09,199.64999389648438,199.39999389648438,196.69000244140625,198.41000366210938,58.529998779296875,60.029998779296875,58.400001525878906,59.72999954223633,21968,1.239990234375,1.6299972534179688,2015,0.0012537613222285415,0.011443940010308367,-0.020090419757845646,-0.012400793744653305
2015-03-10,199.3000030517578,198.6999969482422,196.52999877929688,197.22999572753906,56.38999938964844,58.72999954223633,56.130001068115234,58.400001525878906,24701,2.07000732421875,2.5999984741210938,2015,-0.0017530220657459017,0.011460401266561265,-0.036562436943111565,-0.020090419757845646
2015-03-11,198.89999389648438,199.1999969482422,196.61000061035156,197.25,57.540000915527344,57.91999816894531,55.93000030517578,56.209999084472656,23434,1.649993896484375,1.9899978637695312,2015,-0.0020070704924654015,0.011478150089840001,0.020393714104029792,-0.036562436943111565
2015-03-12,199.1999969482422,197.75,196.75,197.61000061035156,57.08000183105469,58.790000915527344,56.52000045776367,57.939998626708984,16466,1.589996337890625,2.270000457763672,2015,0.0015083110154037183,0.011476920355047767,-0.00799442261302652,0.020393714104029792
2015-03-13,199.25,197.25,196.55999755859375,197.25,54.66999816894531,57.2599983215332,54.439998626708984,57.2599983215332,11914,2.0,2.8199996948242188,2015,0.0002510193399791749,0.011449641613488642,-0.04222150639102118,-0.00799442261302652
2015-03-16,199.3000030517578,199.0,196.6999969482422,197.97000122070312,53.439998626708984,54.619998931884766,52.58000183105469,54.27000045776367,510,1.3300018310546875,2.039997100830078,2015,0.00025095634508320863,0.011142964067905008,-0.02249862051275897,-0.04222150639102118
2015-03-17,199.0500030517578,199.0,196.13999938964844,196.13999938964844,53.43000030517578,53.43000030517578,53.43000030517578,53.43000030517578,25633,2.910003662109375,0.0,2015,-0.0012543903470743079,0.010950205538369572,-0.00018709434487529375,-0.02249862051275897
2015-03-18,198.99000549316406,199.0,196.13999938964844,197.05999755859375,55.90999984741211,56.849998474121094,52.70000076293945,53.33000183105469,23370,1.9300079345703125,4.149997711181641,2015,-0.0003014195311423773,0.010863311004319684,0.04641586240073603,-0.00018709434487529375
2015-03-19,198.8000030517578,199.0,190.9600067138672,190.9600067138672,54.43000030517578,56.540000915527344,53.91999816894531,56.0,19163,7.839996337890625,2.6200027465820312,2015,-0.0009548340929754762,0.010868245313441433,-0.026471106175558923,0.04641586240073603
2015-03-20,198.89999389648438,199.0,195.83999633789062,196.92999267578125,55.31999969482422,55.68000030517578,53.56999969482422,54.63999938964844,17597,1.970001220703125,2.1100006103515625,2015,0.000502972048247452,0.010133528392192297,0.016351265564181983,-0.026471106175558923
2015-03-23,198.85000610351562,199.0,194.58999633789062,194.58999633789062,55.91999816894531,56.189998626708984,54.15999984741211,55.34000015258789,20185,4.260009765625,2.029998779296875,2015,-0.00025132123932980477,0.008269028967398395,0.010845959461876609,0.016351265564181983
2015-03-24,198.89999389648438,199.0,195.5399932861328,195.5399932861328,55.11000061035156,56.790000915527344,54.869998931884766,55.959999084472656,16166,3.3600006103515625,1.9200019836425781,2015,0.00025138441757310837,0.008150384124147007,-0.0144849353561598,0.010845959461876609
2015-03-25,199.0,199.0,199.0,199.0,56.47999954223633,57.15999984741211,54.72999954223633,55.22999954223633,25158,0.0,2.4300003051757812,2015,0.0005027959104295654,0.008047144290386953,0.02485935250792637,-0.0144849353561598
2015-03-26,199.0,199.0,196.25999450683594,196.4499969482422,59.189998626708984,59.7400016784668,56.380001068115234,56.380001068115234,32679,2.5500030517578125,3.3600006103515625,2015,0.0,0.007197078432702806,0.04798157058138952,0.02485935250792637
2015-03-27,199.0500030517578,199.0,196.19000244140625,198.14999389648438,56.40999984741211,59.0099983215332,55.95000076293945,59.0,23801,0.9000091552734375,3.05999755859375,2015,0.0002512716168734386,0.005727026950605892,-0.04696737360697323,0.04798157058138952
2015-03-30,199.0,199.0,195.97999572753906,196.24000549316406,56.290000915527344,56.650001525878906,55.189998626708984,56.08000183105469,21505,2.7599945068359375,1.4600028991699219,2015,-0.0002512084953086857,0.005722996914687821,-0.0021272634676362534,-0.04696737360697323
2015-03-31,199.0,199.0,196.1999969482422,196.33999633789062,55.11000061035156,56.369998931884766,54.709999084472656,56.369998931884766,21606,2.660003662109375,1.6599998474121094,2015,0.0,0.004093327391504906,-0.020962875927939106,-0.0021272634676362534
2015-04-01,196.25,199.10000610351562,196.22999572753906,196.22999572753906,57.099998474121094,57.689998626708984,54.689998626708984,55.11000061035156,27858,0.0200042724609375,3.0,2015,-0.013819095477386911,0.004803113423771253,0.0361095598209038,-0.020962875927939106
2015-04-02,199.10000610351562,199.10000610351562,196.0399932861328,196.0399932861328,54.95000076293945,57.2400016784668,54.0,56.70000076293945,28427,3.0600128173828125,3.240001678466797,2015,0.014522324094347061,0.005459983455329517,-0.03765320085176649,0.0361095598209038
2015-04-06,199.0,199.10000610351562,193.2100067138672,193.25999450683594,58.119998931884766,58.25,54.790000915527344,54.88999938964844,14071,5.7400054931640625,3.4599990844726562,2015,-0.0005022908108984758,0.005290951591960356,0.05768877388411786,-0.03765320085176649
2015-04-07,199.10000610351562,199.0500030517578,194.1199951171875,194.1199951171875,59.099998474121094,59.27000045776367,57.040000915527344,57.70000076293945,23259,4.980010986328125,2.229999542236328,2015,0.0005025432337468771,0.004774316673024311,0.016861657953312514,0.05768877388411786
2015-04-08,199.0500030517578,199.0,196.32000732421875,196.94000244140625,55.54999923706055,58.709999084472656,55.470001220703125,58.220001220703125,24755,2.1100006103515625,3.2399978637695312,2015,-0.0002511454054492379,0.004758605241027493,-0.060067670536658846,0.016861657953312514
2015-04-09,199.0500030517578,199.0,196.14999389648438,197.85000610351562,56.56999969482422,58.040000915527344,56.0099983215332,56.06999969482422,20538,1.1999969482421875,2.0300025939941406,2015,0.0,0.004737573716222805,0.01836184467637536,-0.060067670536658846
2015-04-10,199.10000610351562,198.9499969482422,196.02999877929688,198.02999877929688,57.869998931884766,58.130001068115234,56.290000915527344,56.7400016784668,16883,1.07000732421875,1.8400001525878906,2015,0.0002512084953085747,0.004731782889260778,0.02298036492970823,0.01836184467637536
2015-04-13,198.89999389648438,199.0,195.52000427246094,195.52000427246094,57.93000030517578,59.529998779296875,57.459999084472656,57.95000076293945,14746,3.3799896240234375,2.0699996948242188,2015,-0.0010045816217969517,0.004632848279539206,0.0010368303853200977,0.02298036492970823
2015-04-14,199.0,198.89999389648438,195.3000030517578,195.3000030517578,58.43000030517578,59.13999938964844,57.79999923706055,58.2400016784668,15993,3.6999969482421875,1.3400001525878906,2015,0.0005027959104295654,0.004551078827055041,0.00863110646238563,0.0010368303853200977
2015-04-15,199.0,199.0,195.5800018310547,195.5800018310547,60.31999969482422,60.31999969482422,58.84000015258789,58.84000015258789,823,3.4199981689453125,1.4799995422363281,2015,0.0,0.004128047511975918,0.03234638678379431,0.00863110646238563
2015-04-16,198.5500030517578,198.9499969482422,193.9600067138672,193.9600067138672,60.400001525878906,60.400001525878906,60.400001525878906,60.400001525878906,26829,4.589996337890625,0.0,2015,-0.0022612911971968686,0.003882789488114173,0.0013262903093407274,0.03234638678379431
2015-04-17,195.25999450683594,198.89999389648438,196.35000610351562,196.35000610351562,63.45000076293945,64.48999786376953,62.93000030517578,63.93000030517578,18872,-1.0900115966796875,1.55999755859375,2015,-0.016570176249578017,0.004853638379386362,0.050496674834581645,0.0013262903093407274
2015-04-20,196.47000122070312,198.89999389648438,196.07000732421875,196.07000732421875,63.45000076293945,64.33999633789062,62.099998474121094,63.900001525878906,18561,0.399993896484375,2.2399978637695312,2015,0.006196900276081996,0.005014835008256748,0.0,0.050496674834581645
2015-04-21,198.89999389648438,198.9499969482422,195.85000610351562,195.85000610351562,62.08000183105469,63.470001220703125,61.65999984741211,63.36000061035156,16815,3.04998779296875,1.8100013732910156,2015,0.012368263147978231,0.00553137643462625,-0.021591787476935242,0.0
2015-04-22,198.89999389648438,199.0,195.16000366210938,195.16000366210938,62.72999954223633,63.310001373291016,61.40999984741211,61.91999816894531,19144,3.739990234375,1.9000015258789062,2015,0.0,0.005522680531017545,0.010470323647066682,-0.021591787476935242
2015-04-23,198.75,199.0,196.19000244140625,196.19000244140625,64.8499984741211,65.58999633789062,62.209999084472656,62.81999969482422,32671,2.55999755859375,3.3799972534179688,2015,-0.0007541171497593702,0.005512114723724703,0.033795615293402914,0.010470323647066682
2015-04-24,198.8000030517578,199.0,194.94000244140625,194.94000244140625,65.27999877929688,65.7699966430664,64.5,64.87000274658203,20163,3.8600006103515625,1.2699966430664062,2015,0.00025158768180033597,0.005504945325477231,0.006630691060808269,0.033795615293402914
2015-04-27,195.3000030517578,198.89999389648438,196.3699951171875,196.3699951171875,64.83000183105469,65.56999969482422,64.41000366210938,65.48999786376953,17993,-1.0699920654296875,1.1599960327148438,2015,-0.017605633532554732,0.0063686357125669986,-0.006893335733102135,0.006630691060808269
2015-04-28,198.85000610351562,198.9499969482422,195.69000244140625,195.69000244140625,64.63999938964844,65.4800033569336,63.90999984741211,64.58999633789062,18757,3.160003662109375,1.5700035095214844,2015,0.01817717868041724,0.00723753995807713,-0.002930779516270743,-0.006893335733102135
2015-04-29,198.8000030517578,198.89999389648438,195.69000244140625,195.69000244140625,65.83999633789062,66.70999908447266,64.16000366210938,64.48999786376953,23625,3.1100006103515625,2.5499954223632812,2015,-0.00025146115274332637,0.007234100461164032,0.018564309399333956,-0.002930779516270743
2015-04-30,198.85000610351562,198.89999389648438,194.17999267578125,194.17999267578125,66.77999877929688,66.94000244140625,65.44000244140625,65.54000091552734,26652,4.670013427734375,1.5,2015,0.0002515244013592266,0.007234054112089393,0.014277073111944816,0.018564309399333956
2015-05-01,198.89999389648438,198.10000610351562,194.88999938964844,195.07000732421875,66.45999908447266,66.87999725341797,65.52999877929688,66.6500015258789,19131,3.829986572265625,1.3499984741210938,2015,0.00025138441757310837,0.007231905230646516,-0.004791849366182155,0.014277073111944816
2015-05-04,198.25,199.39999389648438,195.4499969482422,195.4499969482422,66.44999694824219,67.08999633789062,65.95999908447266,66.43000030517578,15798,2.8000030517578125,1.1299972534179688,2015,-0.0032679432701373523,0.0072563476041708225,-0.000150498591156345,-0.004791849366182155
2015-05-05,198.9499969482422,198.9499969482422,196.0800018310547,196.0800018310547,67.5199966430664,68.38999938964844,66.23999786376953,66.41000366210938,33003,2.8699951171875,2.1500015258789062,2015,0.0035308799406919,0.007286129037521208,0.01610232872783479,-0.000150498591156345
2015-05-06,198.9499969482422,199.0,195.30999755859375,195.30999755859375,67.7699966430664,69.5999984741211,67.37000274658203,67.66999816894531,34300,3.6399993896484375,2.2299957275390625,2015,0.0,0.007286025001595272,0.003702606819155907,0.01610232872783479
2015-05-07,198.89999389648438,199.0,194.4600067138672,194.4600067138672,65.54000091552734,68.45999908447266,65.18000030517578,67.30000305175781,23841,4.4399871826171875,3.279998779296875,2015,-0.0002513347701674773,0.007285652941555228,-0.03290535396193228,0.003702606819155907
2015-05-08,198.9499969482422,198.89999389648438,196.25,198.10000610351562,65.38999938964844,66.0999984741211,64.25,65.6500015258789,37090,0.8499908447265625,1.8499984741210938,2015,0.0002513979552147827,0.007285786905983204,-0.002288701919187286,-0.03290535396193228
2015-05-11,198.89999389648438,200.0,196.25,196.6199951171875,64.91000366210938,65.69000244140625,64.29000091552734,65.30999755859375,20593,2.279998779296875,1.4000015258789062,2015,-0.0002513347701674773,0.00728580820589456,-0.0073405066832750165,-0.002288701919187286
2015-05-12,200.0,199.0,196.49000549316406,196.52000427246094,66.86000061035156,67.2699966430664,64.68000030517578,64.69999694824219,24717,3.4799957275390625,2.589996337890625,2015,0.00553044815118553,0.007355057427408783,0.030041547345967645,-0.0073405066832750165
2015-05-13,199.0500030517578,198.89999389648438,196.35000610351562,197.02000427246094,66.80999755859375,68.1500015258789,66.38999938964844,67.19999694824219,13803,2.029998779296875,1.7600021362304688,2015,-0.004749984741210911,0.007410280689084086,-0.0007478769264335217,0.030041547345967645
2015-05-14,198.89999389648438,199.0,194.24000549316406,194.24000549316406,66.58999633789062,67.20999908447266,66.05000305175781,66.2300033569336,447,4.6599884033203125,1.1599960327148438,2015,-0.0007536254859259461,0.006936790946477043,-0.0032929386131196337,-0.0007478769264335217
2015-05-15,195.66000366210938,199.0,195.91000366210938,195.91000366210938,66.56999969482422,66.56999969482422,66.56999969482422,66.56999969482422,14466,-0.25,0.0,2015,-0.016289544161882774,0.007064358220557595,-0.00030029500174377777,-0.0032929386131196337
2015-05-18,198.9499969482422,199.0,194.83999633789062,194.9499969482422,66.2699966430664,67.88999938964844,65.93000030517578,66.87000274658203,14256,4.0,1.9599990844726562,2015,0.016814848331569987,0.007743780861214805,-0.004506580338487498,-0.00030029500174377777
2015-05-19,198.9499969482422,198.02000427246094,196.39999389648438,198.02000427246094,64.0199966430664,66.2699966430664,63.959999084472656,66.23999786376953,23142,0.92999267578125,2.30999755859375,2015,0.0,0.007743245959957733,-0.03395201620604593,-0.004506580338487498
2015-05-20,199.39999389648438,199.0,196.1199951171875,197.55999755859375,65.02999877929688,65.16999816894531,64.18000030517578,64.48999786376953,15742,1.839996337890625,0.9899978637695312,2015,0.0022618595383001594,0.00775397747817034,0.015776354095448974,-0.03395201620604593
2015-05-21,198.9499969482422,198.9499969482422,196.11000061035156,196.11000061035156,66.54000091552734,66.86000061035156,64.9800033569336,64.98999786376953,22573,2.839996337890625,1.8799972534179688,2015,-0.002256755075307537,0.007765794995140914,0.023220085569357174,0.015776354095448974
2015-05-22,198.9499969482422,199.0,196.42999267578125,197.33999633789062,65.37000274658203,66.58999633789062,65.08999633789062,66.56999969482422,15935,1.6100006103515625,1.5,2015,0.0,0.0077656640684534844,-0.01758338071606924,0.023220085569357174
2015-05-26,195.25,196.13999938964844,195.4199981689453,195.4199981689453,63.720001220703125,66.22000122070312,63.279998779296875,65.58000183105469,19097,-0.1699981689453125,2.94000244140625,2015,-0.01859762254334063,0.008476230612437567,-0.025240958490936882,-0.01758338071606924
2015-05-27,199.0,196.72000122070312,196.13999938964844,196.72000122070312,62.060001373291016,64.66000366210938,61.970001220703125,63.880001068115234,21550,2.279998779296875,2.69000244140625,2015,0.019206145966709443,0.009214486651009265,-0.026051472310279267,-0.025240958490936882
2015-05-28,199.0,198.9499969482422,195.99000549316406,195.99000549316406,62.58000183105469,62.95000076293945,61.27000045776367,62.380001068115234,21318,3.0099945068359375,1.6800003051757812,2015,0.0,0.009214486651009265,0.008378995266788092,-0.026051472310279267
2015-05-29,199.0,196.22000122070312,195.80999755859375,195.80999755859375,65.55999755859375,65.83000183105469,62.689998626708984,63.09000015258789,24899,3.19000244140625,3.140003204345703,2015,0.0,0.009204246791493304,0.047618977953757025,0.008378995266788092
2015-06-01,199.0,198.9499969482422,196.3000030517578,196.32000732421875,64.87999725341797,65.73999786376953,64.25,65.4000015258789,20587,2.67999267578125,1.4899978637695312,2015,0.0,0.008648789025599315,-0.010372183198573692,0.047618977953757025
2015-06-02,198.9499969482422,198.9499969482422,196.02000427246094,196.25,65.48999786376953,65.8499984741211,64.58000183105469,64.80999755859375,23176,2.6999969482421875,1.2699966430664062,2015,-0.0002512716168734386,0.008586567835200627,0.00940198267840442,-0.010372183198573692
2015-06-03,198.9499969482422,199.0,194.0399932861328,194.0399932861328,63.79999923706055,65.38999938964844,63.459999084472656,65.38999938964844,23281,4.910003662109375,1.9300003051757812,2015,0.0,0.008286462523598692,-0.025805446355708694,0.00940198267840442
2015-06-04,199.0,198.89999389648438,193.85000610351562,193.85000610351562,62.029998779296875,64.08000183105469,61.79999923706055,63.81999969482422,20041,5.149993896484375,2.2800025939941406,2015,0.0002513347701675883,0.008286546115029986,-0.027742954215201676,-0.025805446355708694
2015-06-05,198.89999389648438,199.0,196.19000244140625,198.75999450683594,63.310001373291016,63.41999816894531,60.939998626708984,62.099998474121094,24912,0.1399993896484375,2.479999542236328,2015,-0.0005025432337468771,0.008285831640264887,0.02063521875195251,-0.027742954215201676
2015-06-08,198.89999389648438,198.57000732421875,196.02999877929688,198.36000061035156,62.689998626708984,63.31999969482422,62.470001220703125,62.900001525878906,18851,0.5399932861328125,0.8499984741210938,2015,0.0,0.008285756600872846,-0.009793124832304878,0.02063521875195251
2015-06-09,198.85000610351562,198.89999389648438,193.64999389648438,193.64999389648438,64.87999725341797,65.19999694824219,62.79999923706055,62.880001068115234,23651,5.20001220703125,2.3999977111816406,2015,-0.00025132123932980477,0.0075869484405219675,0.0349337801034173,-0.009793124832304878
2015-06-10,198.89999389648438,198.89999389648438,195.80999755859375,195.80999755859375,65.69999694824219,66.3499984741211,64.91999816894531,65.13999938964844,27640,3.089996337890625,1.4300003051757812,2015,0.00025138441757310837,0.006824811464540446,0.012638713463894558,0.0349337801034173
2015-06-11,198.8000030517578,198.89999389648438,195.88999938964844,196.02999877929688,65.11000061035156,66.04000091552734,64.51000213623047,65.56999969482422,12496,2.7700042724609375,1.529998779296875,2015,-0.0005027191945445875,0.006825324048369481,-0.008980157767060737,0.012638713463894558
2015-06-12,198.8000030517578,198.89999389648438,196.4499969482422,196.6699981689453,63.869998931884766,64.91999816894531,63.709999084472656,64.91000366210938,11735,2.1300048828125,1.2099990844726562,2015,0.0,0.006825187508685084,-0.01904471919586581,-0.008980157767060737
2015-06-15,198.89999389648438,198.89999389648438,195.77999877929688,195.77999877929688,62.61000061035156,63.720001220703125,62.279998779296875,63.439998626708984,837,3.1199951171875,1.44000244140625,2015,0.000502972048247452,0.006825643640175513,-0.019727545680358505,-0.01904471919586581
2015-06-16,198.8000030517578,199.0,195.58999633789062,195.58999633789062,62.630001068115234,62.630001068115234,62.630001068115234,62.630001068115234,22148,3.2100067138671875,0.0,2015,-0.0005027191945445875,0.0067982929605959926,0.00031944509772707796,-0.019727545680358505
2015-06-17,198.89999389648438,199.0,196.1199951171875,196.1199951171875,63.869998931884766,65.45999908447266,62.58000183105469,63.66999816894531,30479,2.779998779296875,2.8799972534179688,2015,0.000502972048247452,0.006768236128645095,0.019798784011211046,0.00031944509772707796
2015-06-18,198.8000030517578,198.89999389648438,196.1699981689453,196.1699981689453,64.26000213623047,64.94999694824219,63.45000076293945,63.790000915527344,18570,2.6300048828125,1.4999961853027344,2015,-0.0005027191945445875,0.006768893656275616,0.006106203395456866,0.019798784011211046
2015-06-19,198.89999389648438,198.89999389648438,196.14999389648438,196.74000549316406,63.02000045776367,64.54000091552734,62.349998474121094,64.06999969482422,19112,2.1599884033203125,2.19000244140625,2015,0.000502972048247452,0.0067693403559930835,-0.019296633010344566,0.006106203395456866
2015-06-22,195.30999755859375,196.24000549316406,195.10000610351562,195.10000610351562,63.34000015258789,63.72999954223633,62.099998474121094,62.810001373291016,22360,0.209991455078125,1.6300010681152344,2015,-0.018049253132501386,0.007529834825054508,0.005077748214849409,-0.019296633010344566
2015-06-23,198.89999389648438,199.0,196.22999572753906,196.32000732421875,64.44999694824219,64.94999694824219,62.7599983215332,63.33000183105469,25137,2.579986572265625,2.1899986267089844,2015,0.01838101675677728,0.00828872871520511,0.017524420476480618,0.005077748214849409
2015-06-24,198.89999389648438,198.9499969482422,196.36000061035156,196.36000061035156,63.4900016784668,65.05999755859375,63.02000045776367,64.68000030517578,25722,2.5399932861328125,2.039997100830078,2015,0.0,0.00822349342279864,-0.014895194960929725,0.017524420476480618
2015-06-25,198.89999389648438,199.0,196.27000427246094,196.27000427246094,63.20000076293945,63.93000030517578,62.72999954223633,63.560001373291016,19341,2.6299896240234375,1.2000007629394531,2015,0.0,0.008177494321769925,-0.004567662747844925,-0.014895194960929725
2015-06-26,198.9499969482422,198.9499969482422,196.22999572753906,196.22999572753906,63.2599983215332,63.619998931884766,62.47999954223633,63.279998779296875,19797,2.720001220703125,1.1399993896484375,2015,0.0002513979552147827,0.008176328607954229,0.0009493284473016672,-0.004567662747844925
2015-06-29,198.89999389648438,200.2899932861328,196.35000610351562,200.2899932861328,62.0099983215332,62.959999084472656,61.36000061035156,62.650001525878906,28570,-1.3899993896484375,1.5999984741210938,2015,-0.0002513347701674773,0.007573895755819362,-0.01975972230739864,0.0009493284473016672
2015-06-30,198.89999389648438,198.9499969482422,194.69000244140625,194.69000244140625,63.59000015258789,63.81999969482422,61.720001220703125,61.97999954223633,28326,4.209991455078125,2.0999984741210938,2015,0.0,0.0069250569896160035,0.025479791546874297,-0.01975972230739864
2015-07-01,198.89999389648438,199.0,196.24000549316406,196.24000549316406,62.0099983215332,63.349998474121094,61.84000015258789,63.06999969482422,34865,2.6599884033203125,1.5099983215332031,2015,0.0,0.0069250569896160035,-0.02484670274042111,0.025479791546874297
2015-07-02,198.9499969482422,198.85000610351562,196.25,197.52000427246094,62.06999969482422,63.189998626708984,61.7599983215332,62.08000183105469,28960,1.42999267578125,1.4300003051757812,2015,0.0002513979552147827,0.006912277826680162,0.0009676080457201586,-0.02484670274042111
2015-07-06,198.89999389648438,199.0,196.24000549316406,197.92999267578125,56.540000915527344,60.34000015258789,56.38999938964844,60.34000015258789,44988,0.970001220703125,3.950000762939453,2015,-0.0002513347701674773,0.006899908998243846,-0.08909294033326698,0.0009676080457201586
2015-07-07,199.0,196.52999877929688,196.0399932861328,196.0399932861328,56.849998474121094,57.83000183105469,55.099998474121094,57.02000045776367,48111,2.9600067138671875,2.7300033569335938,2015,0.0005027959104295654,0.006900482869969229,0.00548280073530405,-0.08909294033326698
2015-07-08,198.85000610351562,196.08999633789062,195.8300018310547,195.8300018310547,57.04999923706055,57.75,55.880001068115234,57.47999954223633,43120,3.0200042724609375,1.8699989318847656,2015,-0.0007537381732882764,0.005941804767186794,0.003518043417898964,0.00548280073530405
2015-07-09,198.85000610351562,198.89999389648438,195.05999755859375,195.05999755859375,58.61000061035156,59.25,56.939998626708984,57.25,45873,3.790008544921875,2.3100013732910156,2015,0.0,0.00479485146328126,0.027344459143789246,0.003518043417898964
2015-07-10,198.89999389648438,198.9499969482422,195.9499969482422,195.9499969482422,58.72999954223633,59.68000030517578,57.869998931884766,58.27000045776367,27423,2.9499969482421875,1.8100013732910156,2015,0.00025138441757310837,0.004795096469563914,0.002047413933375264,0.027344459143789246
2015-07-13,198.89999389648438,198.85000610351562,196.1999969482422,197.60000610351562,57.849998474121094,58.83000183105469,56.849998474121094,58.2599983215332,31544,1.29998779296875,1.9800033569335938,2015,0.0,0.004795096469563914,-0.014983842584271989,0.002047413933375264
2015-07-14,198.85000610351562,198.89999389648438,196.3300018310547,197.86000061035156,58.5099983215332,58.7400016784668,56.43000030517578,57.63999938964844,25176,0.9900054931640625,2.3100013732910156,2015,-0.00025132123932980477,0.004795305802177685,0.01140881356647494,-0.014983842584271989
2015-07-15,198.89999389648438,198.89999389648438,196.47999572753906,196.83999633789062,57.04999923706055,58.7599983215332,56.939998626708984,58.70000076293945,9759,2.05999755859375,1.8199996948242188,2015,0.00025138441757310837,0.004795326406556795,-0.024952984555724034,0.01140881356647494
2015-07-16,198.89999389648438,198.85000610351562,196.1300048828125,197.92999267578125,57.5099983215332,58.34000015258789,57.189998626708984,57.380001068115234,935,0.970001220703125,1.1500015258789062,2015,0.0,0.004795326406556795,0.008063086601652891,-0.024952984555724034
2015-07-17,198.8000030517578,198.85000610351562,196.44000244140625,198.85000610351562,57.52000045776367,57.720001220703125,57.720001220703125,57.720001220703125,18931,-0.0500030517578125,0.0,2015,-0.0005027191945445875,0.004795954587613837,0.00017391995344095967,0.008063086601652891
2015-07-20,197.4199981689453,198.9499969482422,196.25,197.4499969482422,56.650001525878906,57.43000030517578,56.34000015258789,57.09000015258789,20026,-0.029998779296875,1.0900001525878906,2015,-0.006941674354266514,0.004959483955564921,-0.015125155162743709,0.00017391995344095967
2015-07-21,198.89999389648438,198.89999389648438,196.24000549316406,196.3300018310547,57.040000915527344,57.43000030517578,56.34000015258789,56.5099983215332,24714,2.5699920654296875,1.0900001525878906,2015,0.007496685955151072,0.005156779689282294,0.006884366798653563,-0.015125155162743709
2015-07-22,198.9499969482422,196.27000427246094,194.8300018310547,194.8300018310547,56.130001068115234,56.88999938964844,55.939998626708984,56.84000015258789,25241,4.1199951171875,0.9500007629394531,2015,0.0002513979552147827,0.005156708453963506,-0.01595371375887178,0.006884366798653563
2015-07-23,198.85000610351562,198.9499969482422,196.16000366210938,196.24000549316406,55.27000045776367,56.52000045776367,55.09000015258789,55.95000076293945,28668,2.6100006103515625,1.4300003051757812,2015,-0.000502592843731331,0.005157427597549129,-0.015321585497707901,-0.01595371375887178
2015-07-24,198.85000610351562,198.8000030517578,196.3699951171875,196.3699951171875,54.619998931884766,55.59000015258789,54.29999923706055,55.470001220703125,23004,2.480010986328125,1.2900009155273438,2015,0.0,0.005156539447391974,-0.011760476216670646,-0.015321585497707901
2015-07-27,198.89999389648438,196.11000061035156,12.0,196.0800018310547,53.470001220703125,54.86000061035156,52.81999969482422,54.45000076293945,27516,2.8199920654296875,2.0400009155273438,2015,0.00025138441757310837,0.0051567080042499245,-0.021054517277010132,-0.011760476216670646
2015-07-28,198.89999389648438,198.85000610351562,195.8699951171875,195.8699951171875,53.29999923706055,54.06999969482422,52.29999923706055,53.0,38323,3.029998779296875,1.7700004577636719,2015,0.0,0.005155933508786993,-0.0031793899338224962,-0.021054517277010132
2015-07-30,198.8000030517578,198.85000610351562,196.47999572753906,196.47999572753906,53.310001373291016,54.36000061035156,53.029998779296875,53.560001373291016,33368,2.32000732421875,1.3300018310546875,2015,-0.0005027191945445875,0.005155933508786993,0.00018765734284498237,-0.0031793899338224962
2015-07-31,198.8000030517578,198.85000610351562,195.3300018310547,196.83999633789062,52.209999084472656,53.63999938964844,51.63999938964844,53.5,30224,1.9600067138671875,2.0,2015,0.0,0.0051551024905161155,-0.02063406978956628,0.00018765734284498237
2015-08-03,198.8000030517578,199.0,195.27000427246094,195.27000427246094,49.52000045776367,51.970001220703125,49.369998931884766,51.959999084472656,40476,3.529998779296875,2.6000022888183594,2015,0.0,0.005154242173429099,-0.05152267140163569,-0.02063406978956628
2015-08-04,198.9499969482422,198.89999389648438,196.22000122070312,196.72000122070312,49.9900016784668,50.45000076293945,49.65999984741211,49.72999954223633,25495,2.2299957275390625,0.7900009155273438,2015,0.0007544964496069007,0.005155271410986704,0.009491139264103943,-0.05152267140163569
2015-08-05,198.9499969482422,199.0,196.42999267578125,198.00999450683594,49.59000015258789,51.029998779296875,49.029998779296875,50.150001525878906,43403,0.94000244140625,2.0,2015,0.0,0.0038655288130960094,-0.00800163057508374,0.009491139264103943
2015-08-06,198.9499969482422,195.33999633789062,195.33999633789062,195.33999633789062,49.52000045776367,49.81999969482422,48.880001068115234,49.65999984741211,37183,3.6100006103515625,0.9399986267089844,2015,0.0,0.0019217536262821826,-0.0014115687559755896,-0.00800163057508374
2015-08-07,199.0,199.0,194.97000122070312,194.97000122070312,48.61000061035156,50.04999923706055,48.43000030517578,49.63999938964844,36781,4.029998779296875,1.6199989318847656,2015,0.0002513347701675883,0.0019222555706327308,-0.018376410319064118,-0.0014115687559755896
2015-08-10,199.0,195.97999572753906,195.63999938964844,195.83999633789062,50.40999984741211,50.4900016784668,48.08000183105469,48.220001220703125,25425,3.160003662109375,2.4099998474121094,2015,0.0,0.0019222555706327308,0.03702940165520663,-0.018376410319064118
2015-08-11,198.85000610351562,198.6999969482422,194.47999572753906,194.47999572753906,49.18000030517578,51.099998474121094,48.619998931884766,50.22999954223633,29670,4.3700103759765625,2.479999542236328,2015,-0.0007537381732882764,0.0019268112279290579,-0.024399911643710803,0.03702940165520663
2015-08-12,198.6999969482422,199.14999389648438,195.25999450683594,195.25999450683594,49.65999984741211,50.02000045776367,48.7599983215332,49.20000076293945,21347,3.44000244140625,1.2600021362304688,2015,-0.0007543834582300901,0.001931123299890708,0.009760055698613268,-0.024399911643710803
2015-08-13,199.14999389648438,198.89999389648438,195.16000366210938,195.16000366210938,49.220001220703125,50.349998474121094,48.86000061035156,49.849998474121094,18543,3.989990234375,1.4899978637695312,2015,0.0022647053606115186,0.001976146836590106,-0.00886022207130377,0.009760055698613268
2015-08-14,198.89999389648438,198.85000610351562,195.55999755859375,195.55999755859375,49.029998779296875,49.619998931884766,48.72999954223633,49.04999923706055,392,3.339996337890625,0.8899993896484375,2015,-0.0012553352129648365,0.0019903450863752313,-0.003860268929175237,-0.00886022207130377
2015-08-17,198.8000030517578,197.7899932861328,195.86000061035156,197.7899932861328,49.029998779296875,49.029998779296875,49.029998779296875,49.029998779296875,17487,1.010009765625,0.0,2015,-0.0005027191945445875,0.001991847079582139,0.0,-0.003860268929175237
2015-08-18,195.86000061035156,196.32000732421875,195.99000549316406,195.99000549316406,48.810001373291016,49.029998779296875,48.2400016784668,48.5099983215332,16384,-0.1300048828125,0.7899971008300781,2015,-0.01478874444806133,0.003352714901903904,-0.00448699595111457,0.0
2015-08-19,196.32000732421875,196.9199981689453,195.8000030517578,196.9199981689453,47.15999984741211,49.099998474121094,46.790000915527344,48.709999084472656,25829,-0.5999908447265625,2.30999755859375,2015,0.0023486506302139443,0.00338864568053395,-0.03380457855880725,-0.00448699595111457
2015-08-20,194.39999389648438,196.47999572753906,196.47999572753906,196.47999572753906,46.619998931884766,47.369998931884766,46.040000915527344,47.04999923706055,21904,-2.0800018310546875,1.3299980163574219,2015,-0.009780019132555884,0.0037934295034926023,-0.011450401129655119,-0.03380457855880725
2015-08-21,196.47999572753906,196.44000244140625,195.35000610351562,195.35000610351562,45.459999084472656,46.5,45.08000183105469,46.119998931884766,29553,1.1299896240234375,1.4199981689453125,2015,0.010699598232303709,0.004330990608109315,-0.02488202217908575,-0.011450401129655119
2015-08-24,196.44000244140625,195.8000030517578,194.05999755859375,194.88999938964844,42.689998626708984,45.45000076293945,42.220001220703125,45.349998474121094,38819,1.5500030517578125,3.229999542236328,2015,-0.0002035488955745013,0.0043294618116635816,-0.06093269937415802,-0.02488202217908575
2015-08-25,195.8000030517578,196.4499969482422,194.44000244140625,194.44000244140625,43.209999084472656,44.4900016784668,42.66999816894531,42.790000915527344,37063,1.3600006103515625,1.8200035095214844,2015,-0.003257989114713755,0.004359691289018011,0.012180849718705256,-0.06093269937415802
2015-08-26,196.4499969482422,196.38999938964844,195.60000610351562,195.60000610351562,43.13999938964844,43.7599983215332,42.81999969482422,43.439998626708984,37502,0.8499908447265625,0.9399986267089844,2015,0.0033196827699362164,0.004415510526542913,-0.0016199883431465834,0.012180849718705256
2015-08-27,196.38999938964844,197.83999633789062,196.61000061035156,197.83999633789062,47.560001373291016,47.72999954223633,43.709999084472656,43.709999084472656,41974,-1.4499969482421875,4.020000457763672,2015,-0.00030540880389806624,0.004413868770517504,0.102457163796418,-0.0016199883431465834
2015-08-28,196.61000061035156,197.33999633789062,196.39999389648438,197.33999633789062,50.04999923706055,50.97999954223633,46.619998931884766,47.4900016784668,46963,-0.7299957275390625,4.3600006103515625,2015,0.0011202261896576804,0.004422220686232302,0.05235487367264624,0.102457163796418
2015-08-31,196.39999389648438,197.57000732421875,196.41000366210938,197.57000732421875,54.150001525878906,54.290000915527344,48.2400016784668,49.86000061035156,42864,-1.170013427734375,6.049999237060547,2015,-0.0010681385138866517,0.004423981952857473,0.0819181288974411,0.05235487367264624
2015-09-01,196.41000366210938,196.5,196.1300048828125,196.1300048828125,49.560001373291016,53.459999084472656,48.47999954223633,52.779998779296875,47532,0.279998779296875,4.979999542236328,2015,5.096622167033438e-05,0.0042478840099439,-0.08476454336560413,0.0819181288974411
2015-09-02,196.5,196.49000549316406,196.49000549316406,196.49000549316406,50.5,51.0099983215332,47.72999954223633,48.5,49127,0.0099945068359375,3.279998779296875,2015,0.0004582064875140457,0.003997266182339981,0.018966880562186095,-0.08476454336560413
2015-09-03,196.49000549316406,197.19000244140625,196.6699981689453,197.19000244140625,50.68000030517578,52.45000076293945,49.83000183105469,50.400001525878906,38231,-0.6999969482421875,2.6199989318847656,2015,-5.086263020837034e-05,0.003995956680069929,0.003564362478728267,0.018966880562186095
2015-09-04,198.33999633789062,196.3300018310547,196.3300018310547,196.3300018310547,49.61000061035156,51.040000915527344,49.2599983215332,50.88999938964844,23953,2.0099945068359375,1.7800025939941406,2015,0.009415190559353581,0.004379607712730422,-0.02111285888676173,0.003564362478728267
2015-09-08,199.0,196.44000244140625,195.3000030517578,195.3000030517578,49.52000045776367,49.849998474121094,47.619998931884766,49.220001220703125,34271,3.6999969482421875,2.229999542236328,2015,0.0033276377649267275,0.004423525856873343,-0.001814153426337839,-0.02111285888676173
2015-09-09,199.0,198.75,195.52999877929688,195.67999267578125,47.58000183105469,50.029998779296875,47.439998626708984,49.380001068115234,22039,3.32000732421875,2.5900001525878906,2015,0.0,0.004423339167456088,-0.03917606237430549,-0.001814153426337839
2015-09-10,198.6999969482422,198.75,194.27000427246094,194.27000427246094,48.88999938964844,48.970001220703125,46.81999969482422,47.52000045776367,23873,4.42999267578125,2.1500015258789062,2015,-0.0015075530239085921,0.004432201976402124,0.027532524341744358,-0.03917606237430549
2015-09-11,198.6999969482422,196.33999633789062,195.02999877929688,195.02999877929688,48.13999938964844,48.959999084472656,47.18000030517578,48.65999984741211,14408,3.6699981689453125,1.779998779296875,2015,0.0,0.004431279926040982,-0.015340560633322453,0.027532524341744358
2015-09-14,198.9499969482422,198.9499969482422,194.58999633789062,194.99000549316406,46.369998931884766,48.31999969482422,46.290000915527344,48.150001525878906,13286,3.959991455078125,2.029998779296875,2015,0.001258178177351077,0.004437300830309275,-0.03676777067313952,-0.015340560633322453
2015-09-15,198.9499969482422,199.0,196.5399932861328,196.5399932861328,46.630001068115234,46.880001068115234,46.15999984741211,46.25,313,2.410003662109375,0.720001220703125,2015,0.0,0.004437300830309275,0.0056071197373197545,-0.03676777067313952
2015-09-16,199.0,199.0,196.72000122070312,197.14999389648438,46.61000061035156,46.61000061035156,46.61000061035156,46.61000061035156,29740,1.850006103515625,0.0,2015,0.0002513347701675883,0.0044354367927076435,-0.00042891823516055805,0.0056071197373197545
2015-09-17,198.89999389648438,196.57000732421875,195.33999633789062,195.33999633789062,49.08000183105469,50.13999938964844,48.33000183105469,49.939998626708984,25780,3.55999755859375,1.80999755859375,2015,-0.0005025432337468771,0.004436455630333439,0.05299294547004507,-0.00042891823516055805
2015-09-18,198.85000610351562,198.8000030517578,194.83999633789062,194.83999633789062,47.470001220703125,49.79999923706055,47.16999816894531,49.209999084472656,20464,4.010009765625,2.6300010681152344,2015,-0.00025132123932980477,0.004436695170535513,-0.03280359719409909,0.05299294547004507
2015-09-21,198.89999389648438,199.0,196.4199981689453,198.63999938964844,48.91999816894531,48.97999954223633,47.54999923706055,47.59000015258789,18265,0.2599945068359375,1.4300003051757812,2015,0.00025138441757310837,0.004436695270312742,0.03054554267864229,-0.03280359719409909
2015-09-22,198.9499969482422,199.0,196.19000244140625,198.0,49.08000183105469,49.209999084472656,47.70000076293945,48.52000045776367,17143,0.9499969482421875,1.5099983215332031,2015,0.0002513979552147827,0.004436946784167282,0.0032707209341422683,0.03054554267864229
2015-09-23,199.0,198.9499969482422,196.27999877929688,196.27999877929688,47.75,50.2599983215332,47.66999816894531,49.04999923706055,22344,2.720001220703125,2.5900001525878906,2015,0.0002513347701675883,0.0044348441885604896,-0.027098650803495827,0.0032707209341422683
2015-09-24,198.9499969482422,198.89999389648438,195.82000732421875,195.82000732421875,48.16999816894531,48.470001220703125,47.400001525878906,47.959999084472656,21355,3.1299896240234375,1.0699996948242188,2015,-0.0002512716168734386,0.004432708255918592,0.008795773171629495,-0.027098650803495827
2015-09-25,198.9499969482422,198.89999389648438,196.42999267578125,197.27999877929688,48.599998474121094,49.18000030517578,47.849998474121094,48.130001068115234,18510,1.6699981689453125,1.3300018310546875,2015,0.0,0.004412956188061315,0.00892672454891219,0.008795773171629495
2015-09-28,198.9499969482422,198.89999389648438,195.86000061035156,195.86000061035156,47.34000015258789,48.38999938964844,47.2599983215332,48.34000015258789,17889,3.089996337890625,1.1300010681152344,2015,0.0,0.004406825768878319,-0.02592589220355912,0.00892672454891219
2015-09-29,198.89999389648438,198.89999389648438,194.6999969482422,194.6999969482422,48.22999954223633,48.63999938964844,47.209999084472656,47.209999084472656,15186,4.1999969482421875,1.4300003051757812,2015,-0.0002513347701674773,0.004406040836473435,0.018800156036750337,-0.02592589220355912
2015-09-30,198.9499969482422,198.89999389648438,195.25,195.25,48.369998931884766,49.0,47.810001373291016,47.93000030517578,23384,3.6999969482421875,1.1899986267089844,2015,0.0002513979552147827,0.0034039103666434235,0.0029027449922705006,0.018800156036750337
2015-10-01,198.9499969482422,196.32000732421875,196.1199951171875,196.1199951171875,47.689998626708984,49.84000015258789,47.63999938964844,48.380001068115234,23765,2.8300018310546875,2.200000762939453,2015,0.0,0.0033875501933268606,-0.014058307219178667,0.0029027449922705006
2015-10-02,199.0,199.0,195.61000061035156,195.61000061035156,48.130001068115234,48.4900016784668,46.939998626708984,48.060001373291016,21721,3.3899993896484375,1.5500030517578125,2015,0.0002513347701675883,0.0027844208601680285,0.00922630434213989,-0.014058307219178667
2015-10-05,198.89999389648438,198.9499969482422,195.3000030517578,195.3000030517578,49.25,49.86000061035156,47.88999938964844,48.25,19936,3.5999908447265625,1.970001220703125,2015,-0.0005025432337468771,0.0020676583625091976,0.02327028686950805,0.00922630434213989
2015-10-06,198.9499969482422,198.89999389648438,196.57000732421875,197.27999877929688,51.91999816894531,52.2599983215332,48.86000061035156,49.27000045776367,27925,1.6699981689453125,3.3999977111816406,2015,0.0002513979552147827,0.002064667966349787,0.054213160790767656,0.02327028686950805
2015-10-07,195.67999267578125,198.89999389648438,196.49000549316406,196.49000549316406,51.33000183105469,53.13999938964844,51.220001220703125,51.4900016784668,28754,-0.8100128173828125,1.9199981689453125,2015,-0.016436312252428142,0.0036605194050219896,-0.011363566230699895,0.054213160790767656
2015-10-08,198.89999389648438,198.9499969482422,196.4199981689453,196.7899932861328,53.04999923706055,53.560001373291016,51.290000915527344,51.810001373291016,28101,2.1100006103515625,2.270000457763672,2015,0.016455444303078437,0.004708605946370915,0.03350861766315494,-0.011363566230699895
2015-10-09,198.9499969482422,198.9499969482422,196.39999389648438,196.5500030517578,52.650001525878906,54.04999923706055,52.22999954223633,53.27000045776367,32991,2.399993896484375,1.8199996948242188,2015,0.0002513979552147827,0.004706728923151884,-0.007540013514311328,0.03350861766315494
2015-10-12,196.3000030517578,196.33999633789062,196.33999633789062,196.33999633789062,49.86000061035156,53.29999923706055,49.779998779296875,52.61000061035156,30617,-0.0399932861328125,3.520000457763672,2015,-0.013319899156237658,0.005331879764555134,-0.052991468844611145,-0.007540013514311328
2015-10-13,196.33999633789062,198.9499969482422,196.6300048828125,196.6300048828125,49.2400016784668,50.689998626708984,48.900001525878906,50.29999923706055,18780,-0.290008544921875,1.7899971008300781,2015,0.0002037355349520098,0.005328468681356899,-0.012434795914463836,-0.052991468844611145
2015-10-14,198.89999389648438,198.9499969482422,196.2100067138672,196.50999450683594,49.150001525878906,49.5,48.72999954223633,49.16999816894531,8412,2.3899993896484375,0.7700004577636719,2015,0.013038594307540619,0.0058358940455945415,-0.0018277853273763744,-0.012434795914463836
2015-10-15,198.9499969482422,198.89999389648438,195.08999633789062,195.08999633789062,48.709999084472656,49.36000061035156,48.25,49.290000915527344,342,3.8600006103515625,1.1100006103515625,2015,0.0002513979552147827,0.005835989638270013,-0.008952236576728834,-0.0018277853273763744
2015-10-16,198.89999389648438,198.9499969482422,196.1300048828125,197.82000732421875,48.72999954223633,48.72999954223633,48.72999954223633,48.72999954223633,21575,1.079986572265625,0.0,2015,-0.0002513347701674773,0.005836673469289642,0.00041060271278148264,-0.008952236576728834
2015-10-19,198.89999389648438,199.0,195.88999938964844,195.88999938964844,48.61000061035156,50.63999938964844,48.58000183105469,50.560001373291016,18932,3.0099945068359375,2.05999755859375,2015,0.0,0.005584148382798181,-0.002462526842027968,0.00041060271278148264
2015-10-20,198.89999389648438,198.85000610351562,196.35000610351562,196.50999450683594,48.709999084472656,49.189998626708984,48.220001220703125,48.9900016784668,25631,2.3899993896484375,0.9699974060058594,2015,0.0,0.005550962139106088,0.002057158462569486,-0.002462526842027968
2015-10-21,198.85000610351562,198.8800048828125,196.39999389648438,196.77000427246094,47.849998474121094,48.65999984741211,47.529998779296875,48.4900016784668,20633,2.0800018310546875,1.1300010681152344,2015,-0.00025132123932980477,0.0055511488769124885,-0.017655525077308165,0.002057158462569486
2015-10-22,198.8000030517578,199.0,196.13999938964844,196.13999938964844,48.08000183105469,48.72999954223633,47.63999938964844,48.02000045776367,18472,2.660003662109375,1.0900001525878906,2015,-0.00025146115274332637,0.005544198592063911,0.004806757873941914,-0.017655525077308165
2015-10-23,198.9499969482422,198.9499969482422,196.6199951171875,196.6199951171875,47.9900016784668,48.63999938964844,47.439998626708984,48.2599983215332,22871,2.3300018310546875,1.2000007629394531,2015,0.0007544964496069007,0.00554576122176198,-0.0018718833020043846,0.004806757873941914
2015-10-26,198.9499969482422,198.9499969482422,195.97999572753906,197.5500030517578,47.540000915527344,48.310001373291016,47.29999923706055,47.90999984741211,15230,1.399993896484375,1.0100021362304688,2015,0.0,0.005541117977394149,-0.009376969101907107,-0.0018718833020043846
2015-10-27,198.9499969482422,199.0,196.42999267578125,196.42999267578125,46.810001373291016,47.540000915527344,46.40999984741211,47.52000045776367,19347,2.5200042724609375,1.1300010681152344,2015,0.0,0.005541117977394149,-0.0153554801888508,-0.009376969101907107
2015-10-28,199.0,199.0,196.6199951171875,196.9199981689453,49.04999923706055,49.22999954223633,46.61000061035156,46.88999938964844,32294,2.0800018310546875,2.6199989318847656,2015,0.0002513347701675883,0.005541117977394149,0.0478529758182753,-0.0153554801888508
2015-10-29,198.89999389648438,199.27000427246094,196.66000366210938,199.24000549316406,48.79999923706055,49.400001525878906,48.16999816894531,49.130001068115234,23743,-0.3400115966796875,1.2300033569335938,2015,-0.0005025432337468771,0.005541117977394149,-0.005096840038503192,0.0478529758182753
2015-10-30,198.89999389648438,196.61000061035156,196.61000061035156,196.61000061035156,49.560001373291016,50.0,48.29999923706055,48.540000915527344,22329,2.2899932861328125,1.7000007629394531,2015,0.0,0.005540891674685689,0.015573814510498885,-0.005096840038503192
2015-11-02,198.9499969482422,196.47999572753906,196.2100067138672,196.47999572753906,48.790000915527344,49.68000030517578,48.599998474121094,49.459999084472656,19352,2.470001220703125,1.0800018310546875,2015,0.0002513979552147827,0.005540891693908813,-0.015536731969879258,0.015573814510498885
2015-11-03,197.5,198.9499969482422,196.24000549316406,196.25999450683594,50.540000915527344,50.91999816894531,48.47999954223633,48.88999938964844,31478,1.2400054931640625,2.4399986267089844,2015,-0.007288248155235766,0.005698921824274715,0.03586800506583021,-0.015536731969879258
2015-11-04,198.89999389648438,198.88999938964844,196.35000610351562,196.8000030517578,48.58000183105469,50.86000061035156,48.5,50.38999938964844,35211,2.0999908447265625,2.3600006103515625,2015,0.007088576691060222,0.005853378713608469,-0.03878114461748039,0.03586800506583021
2015-11-05,198.1999969482422,199.0,195.88999938964844,197.6699981689453,47.97999954223633,49.0,47.939998626708984,48.939998626708984,26058,0.529998779296875,1.0600013732910156,2015,-0.003519341225352135,0.0058885177249996465,-0.012350808279196213,-0.03878114461748039
2015-11-06,199.0,198.89999389648438,196.52000427246094,196.52000427246094,47.41999816894531,48.56999969482422,47.2599983215332,48.09000015258789,24275,2.4799957275390625,1.3100013732910156,2015,0.004036342401996684,0.005937009970206947,-0.011671558537595494,-0.012350808279196213
2015-11-09,198.9499969482422,198.89999389648438,196.36000061035156,198.02999877929688,47.189998626708984,48.400001525878906,47.02000045776367,47.4900016784668,19896,0.9199981689453125,1.3800010681152344,2015,-0.0002512716168734386,0.005937224302671164,-0.004850264679827632,-0.011671558537595494
2015-11-10,196.9499969482422,196.83999633789062,196.2100067138672,196.83999633789062,47.439998626708984,47.849998474121094,46.95000076293945,47.38999938964844,24475,0.1100006103515625,0.8999977111816406,2015,-0.010052777233870991,0.006215651222409937,0.005297732724630855,-0.004850264679827632
2015-11-11,198.9499969482422,196.13999938964844,196.0800018310547,196.0800018310547,45.810001373291016,47.7400016784668,45.630001068115234,47.119998931884766,23241,2.8699951171875,2.1100006103515625,2015,0.010154861797360581,0.006502831463483399,-0.03435913365520782,0.005297732724630855
2015-11-12,195.5800018310547,196.3699951171875,195.30999755859375,195.30999755859375,44.060001373291016,46.18000030517578,44.02000045776367,45.86000061035156,13932,0.2700042724609375,2.1599998474121094,2015,-0.016938905096159473,0.007202424191858924,-0.03820126495390841,-0.03435913365520782
2015-11-13,194.67999267578125,196.13999938964844,194.8300018310547,194.8300018310547,43.61000061035156,44.84000015258789,43.599998474121094,44.040000915527344,687,-0.1500091552734375,1.2400016784667969,2015,-0.004601744282888842,0.007238351732885999,-0.010213362435622653,-0.03820126495390841
2015-11-16,198.85000610351562,197.32000732421875,196.25999450683594,197.32000732421875,43.58000183105469,43.58000183105469,43.58000183105469,43.58000183105469,35040,1.529998779296875,0.0,2015,0.021419835548684762,0.008289810922490102,-0.0006878876146989565,-0.010213362435622653
2015-11-17,198.9499969482422,197.13999938964844,196.0,197.13999938964844,43.56999969482422,45.099998474121094,43.5,44.720001220703125,29198,1.80999755859375,1.5999984741210938,2015,0.0005028455703164347,0.00829017504908333,-0.00022951206540200442,-0.0006878876146989565
2015-11-18,196.30999755859375,198.89999389648438,196.10000610351562,196.4499969482422,44.13999938964844,44.72999954223633,43.349998474121094,43.970001220703125,28751,-0.1399993896484375,1.3800010681152344,2015,-0.013269662880845634,0.00809101316913016,0.013082389231504399,-0.00022951206540200442
2015-11-19,198.89999389648438,196.41000366210938,195.85000610351562,195.85000610351562,44.18000030517578,44.7599983215332,43.70000076293945,44.279998779296875,23334,3.04998779296875,1.05999755859375,2015,0.013193400082018636,0.007883428372399862,0.0009062282754974671,0.013082389231504399
2015-11-20,196.41000366210938,196.35000610351562,196.3000030517578,196.35000610351562,44.65999984741211,45.5,44.060001373291016,44.29999923706055,29144,0.05999755859375,1.4399986267089844,2015,-0.012518804981315856,0.008209103752201912,0.01086463419920114,0.0009062282754974671
2015-11-23,196.85000610351562,197.0500030517578,196.3800048828125,197.0500030517578,44.83000183105469,45.720001220703125,43.58000183105469,44.349998474121094,38534,-0.1999969482421875,2.1399993896484375,2015,0.002240224190226181,0.007847982864885058,0.00380658271884049,0.01086463419920114
2015-11-24,196.22000122070312,196.3699951171875,196.25,196.25,46.119998931884766,46.5,44.939998626708984,45.15999984741211,32819,-0.029998779296875,1.5600013732910156,2015,-0.003200431106317625,0.00787135034105409,0.028775307788108773,0.00380658271884049
2015-11-25,196.3800048828125,196.3000030517578,196.1999969482422,196.3000030517578,46.16999816894531,46.47999954223633,45.02000045776367,45.9900016784668,29899,0.0800018310546875,1.4599990844726562,2015,0.0008154299312708169,0.007480316557029096,0.0010841118434194996,0.028775307788108773
2015-11-27,196.30999755859375,198.89999389648438,195.63999938964844,196.38999938964844,44.86000061035156,46.290000915527344,44.79999923706055,46.27000045776367,23430,-0.0800018310546875,1.4900016784667969,2015,-0.0003564890644570662,0.00747932026915445,-0.028373350889038473,0.0010841118434194996
2015-11-30,195.42999267578125,196.33999633789062,195.57000732421875,195.6699981689453,44.61000061035156,45.7400016784668,44.45000076293945,44.849998474121094,29255,-0.2400054931640625,1.2900009155273438,2015,-0.004482730853021533,0.0075158741839803965,-0.0055728933704541905,-0.028373350889038473
2015-12-01,198.9499969482422,198.89999389648438,196.4199981689453,196.50999450683594,44.439998626708984,45.16999816894531,44.02000045776367,44.61000061035156,35190,2.44000244140625,1.1499977111816406,2015,0.018011586779827837,0.008246025732284556,-0.0038108491664787802,-0.0055728933704541905
2015-12-02,195.88999938964844,196.39999389648438,195.92999267578125,195.92999267578125,42.4900016784668,44.619998931884766,42.439998626708984,44.34000015258789,43813,-0.0399932861328125,2.1800003051757812,2015,-0.015380736896366098,0.008713561975525587,-0.04387932062334077,-0.0038108491664787802
2015-12-03,196.22000122070312,198.8000030517578,196.0800018310547,196.25999450683594,43.84000015258789,44.689998626708984,42.630001068115234,42.77000045776367,40848,-0.0399932861328125,2.05999755859375,2015,0.0016846282713915972,0.008722413328422156,0.031772144523243284,-0.04387932062334077
2015-12-04,189.22000122070312,198.89999389648438,189.2100067138672,189.2100067138672,43.0,44.81999969482422,42.68000030517578,44.119998931884766,43809,0.0099945068359375,2.1399993896484375,2015,-0.03567424297447941,0.010840954188447478,-0.01916058735547943,0.031772144523243284
2015-12-07,195.85000610351562,196.07000732421875,195.75999450683594,196.07000732421875,40.72999954223633,43.220001220703125,40.599998474121094,43.220001220703125,39060,-0.220001220703125,2.6200027465820312,2015,0.035038605010256685,0.012737518807355222,-0.05279070832008537,-0.01916058735547943
2015-12-08,195.25,199.0,195.27000427246094,195.27000427246094,40.2599983215332,41.45000076293945,39.81999969482422,40.88999938964844,43430,-0.0200042724609375,1.6300010681152344,2015,-0.0030636001267138058,0.012746106363068077,-0.011539435943664578,-0.05279070832008537
2015-12-09,195.82000732421875,196.19000244140625,196.05999755859375,196.05999755859375,40.11000061035156,41.56999969482422,39.59000015258789,40.540000915527344,54288,-0.239990234375,1.9799995422363281,2015,0.00291937169894374,0.0127615620419658,-0.003725725718707107,-0.011539435943664578
2015-12-10,194.42999267578125,198.8000030517578,194.50999450683594,194.50999450683594,39.72999954223633,40.66999816894531,39.45000076293945,40.43000030517578,36499,-0.0800018310546875,1.2199974060058594,2015,-0.007098430172847725,0.012818062432962391,-0.009473973132205882,-0.003725725718707107
2015-12-11,198.85000610351562,198.39999389648438,196.66000366210938,196.8300018310547,37.93000030517578,39.7400016784668,37.36000061035156,39.619998931884766,31092,2.0200042724609375,2.3800010681152344,2015,0.02273318723570039,0.013513230069604764,-0.045305795565061535,-0.009473973132205882
2015-12-14,196.07000732421875,199.0,196.22999572753906,196.2899932861328,37.91999816894531,38.40999984741211,36.380001068115234,37.810001373291016,12552,-0.2199859619140625,2.029998779296875,2015,-0.013980380658624059,0.013754974586910051,-0.0002636998721327055,-0.045305795565061535
2015-12-15,195.89999389648438,198.8000030517578,195.99000549316406,195.99000549316406,38.45000076293945,39.400001525878906,37.56999969482422,37.84000015258789,8075,-0.0900115966796875,1.8300018310546875,2015,-0.0008671057346024691,0.013754702488714804,0.0139768623308687,-0.0002636998721327055
2015-12-16,197.6300048828125,198.8000030517578,196.67999267578125,197.49000549316406,37.189998626708984,38.20000076293945,37.11000061035156,38.150001525878906,1118,0.1399993896484375,1.0900001525878906,2015,0.0088310925994326,0.013792084275442042,-0.03276988585771212,0.0139768623308687
2015-12-17,196.8000030517578,199.0,196.17999267578125,197.47000122070312,37.18000030517578,37.18000030517578,37.18000030517578,37.18000030517578,24297,-0.6699981689453125,0.0,2015,-0.004199776403116751,0.01374915349968718,-0.00026884436414098545,-0.03276988585771212
2015-12-18,196.4600067138672,198.9499969482422,196.27999877929688,196.27999877929688,36.880001068115234,37.720001220703125,36.40999984741211,36.849998474121094,30194,0.1800079345703125,1.3100013732910156,2015,-0.0017276236413533708,0.013738405774240875,-0.0080688336363135,-0.00026884436414098545
2015-12-21,198.85000610351562,199.0,195.72999572753906,195.72999572753906,36.349998474121094,36.810001373291016,36.040000915527344,36.619998931884766,22041,3.1200103759765625,0.7700004577636719,2015,0.012165322752581087,0.013904064253386961,-0.014371002674735678,-0.0080688336363135
2015-12-22,195.61000061035156,198.5500030517578,195.74000549316406,195.74000549316406,36.11000061035156,36.720001220703125,35.9900016784668,36.31999969482422,22874,-0.1300048828125,0.7299995422363281,2015,-0.01629371583462469,0.014221642438617885,-0.0066024174372495414,-0.014371002674735678
2015-12-23,196.3000030517578,198.25,195.82000732421875,196.3699951171875,37.36000061035156,37.88999938964844,36.29999923706055,36.41999816894531,28728,-0.0699920654296875,1.5900001525878906,2015,0.003527439493140827,0.014121770094069749,0.03461644915180817,-0.0066024174372495414
2015-12-24,196.17999267578125,196.38999938964844,196.02000427246094,196.02000427246094,37.88999938964844,38.099998474121094,36.93000030517578,37.72999954223633,12069,0.1599884033203125,1.1699981689453125,2015,-0.0006113620688275034,0.013990633782558964,0.014186262597384092,0.03461644915180817
2015-12-28,195.77000427246094,196.27000427246094,195.8699951171875,195.8699951171875,36.619998931884766,37.970001220703125,36.41999816894531,37.81999969482422,11717,-0.0999908447265625,1.5500030517578125,2015,-0.0020898583883519617,0.013642679743121932,-0.03351809127003147,0.014186262597384092
2015-12-29,196.6199951171875,198.85000610351562,196.1199951171875,196.38999938964844,37.790000915527344,37.970001220703125,36.54999923706055,36.54999923706055,19524,0.2299957275390625,1.4200019836425781,2015,0.004341782837903985,0.013633606362472734,0.03194980933284142,-0.03351809127003147
2015-12-30,196.9600067138672,198.75,196.19000244140625,196.8800048828125,36.459999084472656,37.540000915527344,36.36000061035156,37.40999984741211,18092,0.0800018310546875,1.1800003051757812,2015,0.0017292829067412363,0.01304923239335328,-0.035194543499156405,0.03194980933284142
2015-12-31,196.22000122070312,198.9499969482422,196.0500030517578,196.0500030517578,37.279998779296875,37.95000076293945,36.11000061035156,36.66999816894531,17689,0.1699981689453125,1.8400001525878906,2015,-0.0037571358039152347,0.013064084606794332,0.022490392633428113,-0.035194543499156405
2016-01-04,196.75,197.02999877929688,195.72000122070312,197.02999877929688,37.220001220703125,38.9900016784668,36.779998779296875,37.400001525878906,41288,-0.279998779296875,2.210002899169922,2016,0.002701043604116382,0.0128441897440317,-0.0016093766244185126,0.022490392633428113
2016-01-05,197.33999633789062,198.9499969482422,195.97999572753906,197.3000030517578,36.41999816894531,37.56999969482422,36.25,37.31999969482422,29327,0.0399932861328125,1.3199996948242188,2016,0.0029987107389612966,0.012620224474929652,-0.021493901814082172,-0.0016093766244185126
2016-01-06,196.27000427246094,196.32000732421875,196.08999633789062,196.32000732421875,34.22999954223633,36.720001220703125,34.13999938964844,36.720001220703125,43019,-0.0500030517578125,2.5800018310546875,2016,-0.0054220740107728815,0.012446387487715883,-0.06013176103277118,-0.021493901814082172
2016-01-07,198.89999389648438,199.0,195.6999969482422,195.6999969482422,33.75,34.72999954223633,32.18000030517578,34.52000045776367,44381,3.1999969482421875,2.549999237060547,2016,0.013399855132078642,0.012678668985530548,-0.014022773843279102,-0.06013176103277118
2016-01-08,194.6999969482422,196.5500030517578,194.80999755859375,194.80999755859375,33.54999923706055,34.72999954223633,32.790000915527344,33.79999923706055,39985,-0.1100006103515625,1.9399986267089844,2016,-0.0211161240679979,0.01326366345517269,-0.005925948531539382,-0.014022773843279102
2016-01-11,195.5500030517578,196.22999572753906,195.38999938964844,195.38999938964844,31.549999237060547,33.380001068115234,31.200000762939453,33.15999984741211,38666,0.160003662109375,2.1800003051757812,2016,0.004365722223106161,0.01328861217307945,-0.05961251998452288,-0.005925948531539382
2016-01-12,196.4499969482422,196.69000244140625,196.4499969482422,196.69000244140625,30.860000610351562,32.380001068115234,30.360000610351562,30.8799991607666,20138,-0.2400054931640625,2.020000457763672,2016,0.004602372193500681,0.013315556869614237,-0.021870004544991217,-0.05961251998452288
2016-01-13,196.4499969482422,196.8000030517578,196.2899932861328,196.8000030517578,30.309999465942383,31.989999771118164,29.959999084472656,31.690000534057617,9674,-0.350006103515625,2.030000686645508,2016,0.0,0.013287369077312768,-0.017822460581050303,-0.021870004544991217
2016-01-14,195.22000122070312,195.86000061035156,194.9199981689453,194.9199981689453,31.030000686645508,31.200000762939453,30.020000457763672,30.5,663,0.3000030517578125,1.1800003051757812,2016,-0.006261113497818549,0.012902534334913665,0.023754577149107226,-0.017822460581050303
2016-01-15,195.86000061035156,196.8800048828125,196.33999633789062,196.8800048828125,31.010000228881836,31.010000228881836,31.010000228881836,31.010000228881836,37163,-1.0200042724609375,0.0,2016,0.003278349480824394,0.012609373285613925,-0.0006445522823426142,0.023754577149107226
2016-01-19,196.5500030517578,199.0,195.5500030517578,196.64999389648438,28.760000228881836,30.31999969482422,27.670000076293945,28.799999237060547,60326,-0.0999908447265625,2.6499996185302734,2016,0.003522936992014891,0.012621941764460983,-0.072557239064591,-0.0006445522823426142
2016-01-20,194.92999267578125,198.85000610351562,194.6300048828125,194.6300048828125,27.8799991607666,28.969999313354492,27.110000610351562,28.940000534057617,39000,0.29998779296875,1.8599987030029297,2016,-0.008242230225506297,0.010800680632132176,-0.03059808974658862,-0.072557239064591
2016-01-21,196.77999877929688,198.89999389648438,196.55999755859375,197.07000732421875,29.25,29.829999923706055,27.299999237060547,27.950000762939453,55017,-0.290008544921875,2.530000686645508,2016,0.009490618032252485,0.008861228903761089,0.04913919944306522,-0.03059808974658862
2016-01-22,197.11000061035156,199.0,196.36000061035156,197.5800018310547,32.18000030517578,32.290000915527344,29.299999237060547,29.68000030517578,63281,-0.470001220703125,2.990001678466797,2016,0.0016770090105793223,0.008843349972020915,0.10017095060430026,0.04913919944306522
2016-01-25,196.88999938964844,199.0,196.4600067138672,196.89999389648438,30.5,32.79999923706055,30.0,32.18000030517578,41320,-0.0099945068359375,2.799999237060547,2016,-0.0011161342398756657,0.008833667727150716,-0.0522063483295111,0.10017095060430026
2016-01-26,195.91000366210938,198.6999969482422,195.89999389648438,195.89999389648438,31.799999237060547,32.720001220703125,29.280000686645508,30.0,50983,0.010009765625,3.440000534057617,2016,-0.0049773768631063975,0.008781412220480796,0.04262292580526372,-0.0522063483295111
2016-01-27,195.52999877929688,199.0,195.72000122070312,195.72000122070312,33.099998474121094,33.5,30.84000015258789,31.030000686645508,51381,-0.19000244140625,2.6599998474121094,2016,-0.0019396910607377693,0.007695207761494084,0.04088048013364398,0.04262292580526372
2016-01-28,196.0,196.3800048828125,196.05999755859375,196.05999755859375,33.88999938964844,35.83000183105469,32.58000183105469,32.90999984741211,59667,-0.05999755859375,3.25,2016,0.002403729471883498,0.007277961895155576,0.02386709824609201,0.04088048013364398
2016-01-29,195.8699951171875,198.89999389648438,195.99000549316406,195.99000549316406,34.7400016784668,35.0,33.61000061035156,34.16999816894531,678,-0.1200103759765625,1.3899993896484375,2016,-0.0006632902184311451,0.00727720632113353,0.02508121286889109,0.02386709824609201
2016-02-01,198.22000122070312,199.0,196.47999572753906,198.07000732421875,34.689998626708984,34.689998626708984,34.689998626708984,34.689998626708984,36878,0.149993896484375,0.0,2016,0.011997785072234368,0.007430756659615318,-0.0014393508733998583,0.02508121286889109
2016-02-02,196.02999877929688,199.0,195.27999877929688,195.97999572753906,32.720001220703125,34.31999969482422,32.2400016784668,34.2400016784668,37956,0.0500030517578125,2.079998016357422,2016,-0.011048342386840382,0.007669600499070909,-0.05678862738521684,-0.0014393508733998583
2016-02-03,195.30999755859375,199.0,195.08999633789062,195.08999633789062,35.040000915527344,35.47999954223633,32.310001373291016,32.560001373291016,51237,0.220001220703125,3.1699981689453125,2016,-0.003672913458076077,0.007692007678405612,0.07090463350460618,-0.05678862738521684
2016-02-04,193.6999969482422,198.89999389648438,193.1300048828125,193.1300048828125,34.459999084472656,35.81999969482422,34.15999984741211,35.25,37559,0.5699920654296875,1.6599998474121094,2016,-0.008243308742393207,0.007462781519213885,-0.016552563239165652,0.07090463350460618
2016-02-05,198.89999389648438,198.89999389648438,195.83999633789062,195.99000549316406,34.060001373291016,35.130001068115234,33.810001373291016,34.439998626708984,34903,2.9099884033203125,1.3199996948242188,2016,0.02684562225177345,0.008471799298683427,-0.011607594945116428,-0.016552563239165652
2016-02-08,198.85000610351562,198.8000030517578,195.32000732421875,196.69000244140625,32.880001068115234,34.66999816894531,32.779998779296875,33.95000076293945,27425,2.160003662109375,1.8899993896484375,2016,-0.00025132123932980477,0.008454704438654124,-0.03464475213148721,-0.011607594945116428
2016-02-09,198.8000030517578,198.85000610351562,193.8300018310547,193.8300018310547,30.31999969482422,33.54999923706055,30.280000686645508,33.08000183105469,28881,4.970001220703125,3.269998550415039,2016,-0.00025146115274332637,0.008453380082516929,-0.07785892001608019,-0.03464475213148721
2016-02-10,195.25999450683594,198.85000610351562,195.19000244140625,195.19000244140625,30.84000015258789,31.899999618530273,30.360000610351562,30.889999389648438,30705,0.0699920654296875,1.539999008178711,2016,-0.01780688375543049,0.009081620266937632,0.01715041104873216,-0.07785892001608019
2016-02-11,198.85000610351562,196.61000061035156,194.8000030517578,194.8000030517578,30.059999465942383,31.350000381469727,29.940000534057617,30.889999389648438,35929,4.0500030517578125,1.4099998474121094,2016,0.018385801995677076,0.009659255976360703,-0.025291850933407134,0.01715041104873216
2016-02-12,197.0,198.85000610351562,196.58999633789062,197.08999633789062,33.36000061035156,33.43000030517578,30.8700008392334,31.149999618530273,44770,-0.089996337890625,2.559999465942383,2016,-0.00930352550531266,0.009816475427657121,0.10978047914298994,-0.025291850933407134
2016-02-16,198.75,198.75,195.3000030517578,198.75,32.18000030517578,35.529998779296875,31.940000534057617,32.72999954223633,48407,0.0,3.589998245239258,2016,0.008883248730964466,0.009918038422299795,-0.03537171113868709,0.10978047914298994
2016-02-17,198.85000610351562,195.80999755859375,195.77999877929688,195.80999755859375,34.5,34.959999084472656,31.84000015258789,32.369998931884766,40298,3.040008544921875,3.1199989318847656,2016,0.0005031753636006719,0.009909138412811524,0.07209445844694651,-0.03537171113868709
2016-02-18,196.17999267578125,196.39999389648438,195.97000122070312,195.97000122070312,34.279998779296875,35.72999954223633,33.79999923706055,34.90999984741211,33585,0.209991455078125,1.9300003051757812,2016,-0.013427273551827046,0.010209915730028166,-0.006376846976902217,0.07209445844694651
2016-02-19,196.1699981689453,198.89999389648438,1.0,196.0399932861328,33.0099983215332,34.439998626708984,32.68000030517578,34.040000915527344,32381,0.1300048828125,1.7599983215332031,2016,-5.094559694707179e-05,0.010161186955678756,-0.03704785597981641,-0.006376846976902217
2016-02-22,195.86000061035156,196.5500030517578,196.1300048828125,196.2899932861328,34.689998626708984,34.970001220703125,32.81999969482422,33.119998931884766,28302,-0.42999267578125,2.1500015258789062,2016,-0.0015802495870279598,0.009844805786521322,0.050893680418028886,-0.03704785597981641
2016-02-23,196.64999389648438,196.52999877929688,196.2899932861328,196.52999877929688,33.27000045776367,35.11000061035156,32.93000030517578,34.540000915527344,41038,0.1199951171875,2.1800003051757812,2016,0.004033459020070351,0.009065749234515183,-0.040933935576809466,0.050893680418028886
2016-02-24,199.0,199.0,195.89999389648438,195.89999389648438,34.40999984741211,34.65999984741211,32.369998931884766,32.9900016784668,48659,3.100006103515625,2.2900009155273438,2016,0.011950196676602243,0.009284092741628003,0.03426508488016622,-0.040933935576809466
2016-02-25,195.32000732421875,199.0,195.27999877929688,195.3699951171875,35.290000915527344,35.72999954223633,33.29999923706055,34.43000030517578,25470,-0.04998779296875,2.4300003051757812,2016,-0.01849242550643848,0.009881184385085508,0.025573992212075458,0.03426508488016622
2016-02-26,195.4600067138672,199.0,194.9199981689453,194.9199981689453,35.099998474121094,36.9900016784668,34.849998474121094,35.09000015258789,16272,0.540008544921875,2.140003204345703,2016,0.0007167693241791895,0.009882414108956362,-0.005384030503741033,0.025573992212075458
2016-02-29,198.1999969482422,199.0,195.2100067138672,198.3000030517578,35.970001220703125,36.209999084472656,34.88999938964844,35.13999938964844,2779,-0.100006103515625,1.3199996948242188,2016,0.014018163001426887,0.010138218938064653,0.024786404114047977,-0.005384030503741033
2016-03-01,195.3699951171875,199.0,195.47999572753906,195.47999572753906,35.959999084472656,35.959999084472656,35.959999084472656,35.959999084472656,28210,-0.1100006103515625,0.0,2016,-0.014278516017302012,0.010476657954111126,-0.0002780688321109004,0.024786404114047977
2016-03-02,196.63999938964844,199.0,196.2899932861328,196.5399932861328,36.93000030517578,37.380001068115234,36.11000061035156,36.560001373291016,32186,0.100006103515625,1.2700004577636719,2016,0.006500508287872853,0.010525474171956628,0.02697445065069437,-0.0002780688321109004
2016-03-03,199.0,199.0,195.99000549316406,195.99000549316406,37.06999969482422,37.36000061035156,36.36000061035156,37.029998779296875,25866,3.0099945068359375,1.0,2016,0.01200163048045555,0.010622757741110671,0.003790939303859542,0.02697445065069437
2016-03-04,194.97999572753906,199.0,195.02000427246094,195.02000427246094,38.720001220703125,38.97999954223633,36.83000183105469,36.959999084472656,32203,-0.040008544921875,2.1499977111816406,2016,-0.020201026494778618,0.011149793985319147,0.04451042728520127,0.003790939303859542
2016-03-07,196.10000610351562,196.38999938964844,196.3000030517578,196.3000030517578,40.84000015258789,41.040000915527344,38.880001068115234,38.9900016784668,33230,-0.1999969482421875,2.1599998474121094,2016,0.005744232231606139,0.011198606497408375,0.0547520368039458,0.04451042728520127
2016-03-08,196.38999938964844,196.60000610351562,195.27999877929688,195.27999877929688,39.650001525878906,41.47999954223633,39.310001373291016,40.84000015258789,35047,1.1100006103515625,2.1699981689453125,2016,0.0014788030449104372,0.011200594030092624,-0.02913806616706338,0.0547520368039458
2016-03-09,196.63999938964844,196.83999633789062,196.32000732421875,196.83999633789062,41.06999969482422,41.2400016784668,39.41999816894531,39.52000045776367,29231,-0.1999969482421875,1.8200035095214844,2016,0.0012729772431232522,0.011163351569956056,0.035813319402232535,-0.02913806616706338
2016-03-10,196.32000732421875,196.1300048828125,195.88999938964844,196.1300048828125,40.04999923706055,41.0,39.650001525878906,40.84000015258789,28194,0.19000244140625,1.3499984741210938,2016,-0.0016272989545510486,0.011161447679168289,-0.024835657787750542,0.035813319402232535
2016-03-11,195.88999938964844,195.1999969482422,192.1999969482422,192.1999969482422,40.38999938964844,41.0099983215332,40.029998779296875,40.25,22689,3.69000244140625,0.9799995422363281,2016,-0.002190341883291369,0.011161608283368955,0.008489392236324278,-0.024835657787750542
2016-03-14,194.61000061035156,199.0,194.52999877929688,194.52999877929688,39.529998779296875,40.54999923706055,38.81999969482422,40.2599983215332,31277,0.0800018310546875,1.7299995422363281,2016,-0.006534273231329157,0.011225675489220441,-0.021292414541902005,0.008489392236324278
2016-03-15,196.6300048828125,199.0,196.22999572753906,199.0,38.7400016784668,39.77000045776367,38.31999969482422,39.7400016784668,24741,-2.3699951171875,1.4500007629394531,2016,0.010379755748037844,0.011169021109235396,-0.019984748930572338,-0.021292414541902005
2016-03-16,199.0,199.0,196.2899932861328,199.0,40.33000183105469,40.41999816894531,38.849998474121094,38.9900016784668,31153,0.0,1.5699996948242188,2016,0.012053069512966585,0.011192214733138162,0.041042851928209334,-0.019984748930572338
2016-03-17,194.2100067138672,199.0,194.1699981689453,194.1699981689453,41.540000915527344,41.59000015258789,40.20000076293945,40.20000076293945,32670,0.040008544921875,1.3899993896484375,2016,-0.024070318020767867,0.012045383518824112,0.030002455480697243,0.041042851928209334
2016-03-18,196.55999755859375,199.0,196.36000061035156,196.5800018310547,41.20000076293945,42.540000915527344,40.84000015258789,41.380001068115234,36422,-0.0200042724609375,1.7000007629394531,2016,0.012100256235451523,0.012144416668163877,-0.008184885534289976,0.030002455480697243
2016-03-21,196.6300048828125,196.72000122070312,196.41000366210938,196.50999450683594,41.540000915527344,41.869998931884766,40.4900016784668,41.20000076293945,24893,0.1200103759765625,1.3799972534179688,2016,0.0003561626225492276,0.011084067348974599,0.008252430735237626,-0.008184885534289976
2016-03-23,199.0,197.16000366210938,196.5,196.69000244140625,40.470001220703125,41.810001373291016,40.400001525878906,41.56999969482422,30553,2.30999755859375,1.4099998474121094,2016,0.012053069512966585,0.01131211336043572,-0.0257582973336975,0.008252430735237626
2016-03-24,199.0,199.0,196.00999450683594,196.5399932861328,40.439998626708984,40.63999938964844,39.220001220703125,40.33000183105469,24268,2.4600067138671875,1.4199981689453125,2016,0.0,0.011311946910092886,-0.000741353918684684,-0.0257582973336975
2016-03-28,199.0,199.0,195.99000549316406,196.10000610351562,40.27000045776367,41.0,39.65999984741211,40.5,10405,2.899993896484375,1.3400001525878906,2016,0.0,0.010795568402071735,-0.004203713519244201,-0.000741353918684684
2016-03-29,199.0,199.0,195.2100067138672,195.38999938964844,39.13999938964844,40.22999954223633,38.77000045776367,40.209999084472656,18903,3.6100006103515625,1.4599990844726562,2016,0.0,0.01026514162570947,-0.028060617215547645,-0.004203713519244201
2016-03-30,199.0,199.0,196.2899932861328,196.2899932861328,39.2599983215332,40.59000015258789,39.130001068115234,39.400001525878906,10641,2.7100067138671875,1.4599990844726562,2016,0.0,0.010111380032862426,0.003065889978437264,-0.028060617215547645
2016-03-31,195.97000122070312,199.0,196.55999755859375,196.55999755859375,39.599998474121094,40.02000045776367,38.81999969482422,39.11000061035156,399,-0.589996337890625,1.2000007629394531,2016,-0.015226124519079787,0.010367622953467562,0.008660218215073234,0.003065889978437264
2016-04-01,199.0,199.0,196.42999267578125,196.42999267578125,39.65999984741211,39.65999984741211,39.65999984741211,39.65999984741211,20407,2.57000732421875,0.0,2016,0.015461543911940101,0.010765478223489095,0.001515186252601275,0.008660218215073234
2016-04-04,198.9499969482422,199.0,195.35000610351562,196.64999389648438,37.689998626708984,38.90999984741211,37.5099983215332,38.66999816894531,24270,2.3000030517578125,1.4000015258789062,2016,-0.0002512716168734386,0.010459791322868976,-0.04967224478775867,0.001515186252601275
2016-04-05,199.0,199.0,194.94000244140625,194.94000244140625,37.869998931884766,38.38999938964844,37.279998779296875,37.439998626708984,26655,4.05999755859375,1.1100006103515625,2016,0.0002513347701675883,0.010459367355029062,0.004775810871169073,-0.04967224478775867
2016-04-06,199.0,199.0,196.0399932861328,196.0399932861328,39.84000015258789,39.93000030517578,38.20000076293945,38.400001525878906,33370,2.9600067138671875,1.7299995422363281,2016,0.0,0.010452346691753104,0.052020102357184905,0.004775810871169073
2016-04-07,195.75,199.0,196.07000732421875,196.07000732421875,39.43000030517578,40.279998779296875,38.709999084472656,39.93000030517578,34351,-0.32000732421875,1.5699996948242188,2016,-0.01633165829145733,0.010873384809453114,-0.010291160789201892,0.052020102357184905
2016-04-08,196.4499969482422,199.0,196.64999389648438,196.64999389648438,41.939998626708984,42.0,39.619998931884766,39.72999954223633,32319,-0.1999969482421875,2.3800010681152344,2016,0.0035759741928080846,0.010658860436835138,0.06365707081173233,-0.010291160789201892
2016-04-11,199.0,199.0,195.4199981689453,195.97999572753906,42.83000183105469,43.060001373291016,41.43000030517578,42.06999969482422,26930,3.0200042724609375,1.6300010681152344,2016,0.012980417874120187,0.010358759214830576,0.021220868705010387,0.06365707081173233
2016-04-12,199.0,199.0,196.52000427246094,196.52000427246094,44.689998626708984,44.79999923706055,42.43000030517578,42.599998474121094,39987,2.4799957275390625,2.3699989318847656,2016,0.0,0.01035948485014884,0.04342742741387595,0.021220868705010387
2016-04-13,199.0,198.9499969482422,196.2100067138672,196.8699951171875,44.18000030517578,44.93000030517578,43.77000045776367,44.209999084472656,37539,2.1300048828125,1.1599998474121094,2016,0.0,0.010047180490222634,-0.011411911774559802,0.04342742741387595
2016-04-14,198.89999389648438,199.0,195.9499969482422,199.0,43.84000015258789,44.599998474121094,43.29999923706055,44.0099983215332,25907,-0.100006103515625,1.2999992370605469,2016,-0.0005025432337468771,0.009671197316045729,-0.007695793350822155,-0.011411911774559802
2016-04-15,199.0,199.0,196.14999389648438,196.1699981689453,43.099998474121094,44.060001373291016,42.290000915527344,43.81999969482422,30288,2.8300018310546875,1.7700004577636719,2016,0.0005027959104295654,0.00960770845520243,-0.016879600271240247,-0.007695793350822155
2016-04-18,199.0,199.0,195.9199981689453,195.99000549316406,42.90999984741211,43.40999984741211,40.06999969482422,41.75,39238,3.0099945068359375,3.3400001525878906,2016,0.0,0.009356385481786526,-0.004408320961381662,-0.016879600271240247
2016-04-19,199.0,199.0,196.3300018310547,196.3300018310547,44.029998779296875,44.5099983215332,42.599998474121094,43.119998931884766,43258,2.6699981689453125,1.9099998474121094,2016,0.0,0.008540601876975714,0.02610111712578611,-0.004408320961381662
2016-04-20,199.0,199.0,196.1199951171875,196.1199951171875,45.79999923706055,45.88999938964844,42.83000183105469,43.939998626708984,32343,2.8800048828125,3.05999755859375,2016,0.0,0.008488212677300789,0.04019987524042201,0.02610111712578611
2016-04-21,199.0,199.0,196.61000061035156,197.5500030517578,44.529998779296875,46.16999816894531,44.459999084472656,45.40999984741211,35228,1.4499969482421875,1.7099990844726562,2016,0.0,0.008486772926999876,-0.027729268098677373,0.04019987524042201
2016-04-22,196.9499969482422,199.0,196.4199981689453,196.4199981689453,45.11000061035156,45.88999938964844,44.29999923706055,44.65999984741211,35201,0.529998779296875,1.5900001525878906,2016,-0.010301522873154889,0.008709423931485534,0.013024968492124644,-0.027729268098677373
2016-04-25,199.0,199.0,196.32000732421875,197.19000244140625,44.47999954223633,45.59000015258789,44.27000045776367,45.130001068115234,31478,1.80999755859375,1.3199996948242188,2016,0.010408748837384074,0.008902698738293784,-0.013965884717161092,0.013024968492124644
2016-04-26,199.0,199.0,195.3800048828125,196.17999267578125,45.7400016784668,46.47999954223633,44.380001068115234,44.77000045776367,28109,2.82000732421875,2.0999984741210938,2016,0.0,0.008888925783648064,0.028327386447790426,-0.013965884717161092
2016-04-27,199.0,199.0,195.14999389648438,195.14999389648438,47.18000030517578,47.439998626708984,45.63999938964844,46.2599983215332,17458,3.850006103515625,1.7999992370605469,2016,0.0,0.00878849715961352,0.03148226003207388,0.028327386447790426
2016-04-28,196.0800018310547,199.0,196.4199981689453,196.4199981689453,48.13999938964844,48.18000030517578,46.75,47.0099983215332,10505,-0.339996337890625,1.4300003051757812,2016,-0.014673357632891015,0.009031912924022422,0.020347585380734667,0.03148226003207388
2016-04-29,199.0,199.0,196.22000122070312,196.22000122070312,48.130001068115234,48.4900016784668,47.47999954223633,47.77000045776367,520,2.779998779296875,1.0100021362304688,2016,0.014891871387584077,0.009176837688735283,-0.0002076925978390376,0.020347585380734667
2016-05-02,195.72000122070312,196.4600067138672,195.4600067138672,195.4600067138672,48.099998474121094,48.099998474121094,48.099998474121094,48.099998474121094,0,0.2599945068359375,0.0,2016,-0.01648240592611494,0.008574152334860486,-0.0006233657454459696,-0.0002076925978390376
2016-05-03,196.4600067138672,196.5,195.6300048828125,195.6300048828125,46.75,46.75,46.75,46.75,23630,0.8300018310546875,0.0,2016,0.0037809395490939757,0.008309584963081769,-0.028066497233828924,-0.0006233657454459696
2016-05-04,197.8699951171875,199.0,196.4199981689453,196.4199981689453,44.619998931884766,46.0,44.20000076293945,45.22999954223633,28903,1.4499969482421875,1.7999992370605469,2016,0.007176974219357923,0.008411883158337996,-0.045561520173587944,-0.028066497233828924
2016-05-05,199.0,199.0,196.5,196.5399932861328,45.0099983215332,46.77000045776367,44.65999984741211,45.0,24432,2.4600067138671875,2.1100006103515625,2016,0.0057108450533052135,0.008181397831121642,0.008740461653613973,-0.045561520173587944
2016-05-06,199.0,199.0,197.0500030517578,197.0500030517578,45.369998931884766,46.11000061035156,44.18000030517578,45.16999816894531,24512,1.9499969482421875,1.9300003051757812,2016,0.0,0.008181397831121642,0.007998236475812881,0.008740461653613973
2016-05-09,199.0,199.0,196.47000122070312,197.3000030517578,43.630001068115234,46.459999084472656,43.4900016784668,45.869998931884766,36293,1.6999969482421875,2.9699974060058594,2016,0.0,0.008181397831121642,-0.03835128729850401,0.007998236475812881
2016-05-10,199.0,199.0,196.52000427246094,196.5399932861328,45.52000045776367,45.689998626708984,43.34000015258789,43.560001373291016,32801,2.4600067138671875,2.3499984741210938,2016,0.0,0.008181397831121642,0.043318802277766855,-0.03835128729850401
2016-05-11,199.0,199.0,196.27000427246094,196.27000427246094,47.599998474121094,47.75,44.83000183105469,45.529998779296875,40873,2.7299957275390625,2.9199981689453125,2016,0.0,0.008181397831121642,0.045694156314593615,0.043318802277766855
2016-05-12,199.0,199.0,195.8000030517578,195.8000030517578,48.08000183105469,48.18000030517578,46.79999923706055,47.279998779296875,36256,3.1999969482421875,1.3800010681152344,2016,0.0,0.007657704985973346,0.010084104460519328,0.045694156314593615
2016-05-13,199.0,199.0,196.44000244140625,196.7100067138672,47.83000183105469,48.099998474121094,47.2599983215332,47.81999969482422,24243,2.2899932861328125,0.8400001525878906,2016,0.0,0.007120252930976436,-0.005199667023276344,0.010084104460519328
2016-05-16,199.0,197.00999450683594,196.3800048828125,197.00999450683594,48.970001220703125,49.470001220703125,47.79999923706055,47.79999923706055,34770,1.9900054931640625,1.6700019836425781,2016,0.0,0.007120065047238911,0.023834399874688383,-0.005199667023276344
2016-05-17,196.52999877929688,196.41000366210938,196.41000366210938,196.41000366210938,49.279998779296875,49.630001068115234,48.56999969482422,49.11000061035156,32460,0.1199951171875,1.0600013732910156,2016,-0.012412066435694147,0.007473285157843282,0.006330356358306366,0.023834399874688383
2016-05-18,199.0,199.0,196.5399932861328,196.5399932861328,48.93000030517578,49.84000015258789,48.459999084472656,49.43000030517578,33480,2.4600067138671875,1.3800010681152344,2016,0.01256806205691241,0.007839165264436822,-0.0071022419397488434,0.006330356358306366
2016-05-19,199.0,199.0,196.35000610351562,197.4600067138672,48.810001373291016,48.869998931884766,47.38999938964844,48.560001373291016,33279,1.5399932861328125,1.4799995422363281,2016,0.0,0.0072052104197070565,-0.0024524612944274438,-0.0071022419397488434
2016-05-20,199.0,199.0,196.39999389648438,196.39999389648438,48.720001220703125,49.34000015258789,48.040000915527344,48.70000076293945,26839,2.600006103515625,1.2999992370605469,2016,0.0,0.007183383989812327,-0.0018438875241896246,-0.0024524612944274438
2016-05-23,199.0,199.0,196.41000366210938,196.41000366210938,48.349998474121094,48.810001373291016,47.599998474121094,48.7599983215332,25366,2.589996337890625,1.2100028991699219,2016,0.0,0.006782667169028923,-0.007594473261728907,-0.0018438875241896246
2016-05-24,199.0,199.0,196.3300018310547,196.39999389648438,48.61000061035156,49.25,47.81999969482422,48.36000061035156,27698,2.600006103515625,1.4300003051757812,2016,0.0,0.006782667169028923,0.0053775004019831485,-0.007594473261728907
2016-05-25,199.0,199.0,195.36000061035156,197.1300048828125,49.7400016784668,49.93000030517578,48.900001525878906,49.150001525878906,26667,1.8699951171875,1.029998779296875,2016,0.0,0.006782667169028923,0.02324626730974777,0.0053775004019831485
2016-05-26,199.0,199.0,195.1199951171875,195.1199951171875,49.59000015258789,50.5,49.2400016784668,49.79999923706055,24441,3.8800048828125,1.2599983215332031,2016,0.0,0.006781946837965689,-0.0030157121193633563,0.02324626730974777
2016-05-27,199.0,199.0,196.02000427246094,196.02000427246094,49.31999969482422,49.540000915527344,48.689998626708984,49.459999084472656,13383,2.9799957275390625,0.8500022888183594,2016,0.0,0.006781382479527622,-0.005444655312217828,-0.0030157121193633563
2016-05-31,196.36000061035156,199.0,195.27000427246094,196.17999267578125,49.689998626708984,50.04999923706055,48.93000030517578,49.54999923706055,3997,0.1800079345703125,1.1199989318847656,2016,-0.01326632859119814,0.007202363433998566,0.007502005964602487,-0.005444655312217828
2016-06-01,199.0,199.0,195.66000366210938,195.66000366210938,49.709999084472656,49.709999084472656,49.689998626708984,49.689998626708984,25507,3.339996337890625,0.020000457763671875,2016,0.013444690270128623,0.00763470629904152,0.0004025046954403422,0.007502005964602487
2016-06-02,199.0,199.0,196.0,196.0,50.040000915527344,50.29999923706055,48.849998474121094,49.7400016784668,28156,3.0,1.4500007629394531,2016,0.0,0.00763470629904152,0.006638540276251215,0.0004025046954403422
2016-06-03,199.0,199.0,195.3300018310547,197.42999267578125,49.63999938964844,50.33000183105469,49.290000915527344,49.95000076293945,22460,1.57000732421875,1.0400009155273438,2016,0.0,0.00763470629904152,-0.007993635462840043,0.006638540276251215
2016-06-06,199.0,199.0,191.74000549316406,191.74000549316406,50.54999923706055,50.81999969482422,49.720001220703125,49.81999969482422,22446,7.2599945068359375,1.0999984741210938,2016,0.0,0.007381555299168838,0.01833198748189102,-0.007993635462840043
2016-06-07,199.0,199.0,196.10000610351562,196.10000610351562,51.439998626708984,51.540000915527344,50.310001373291016,50.45000076293945,21088,2.899993896484375,1.2299995422363281,2016,0.0,0.0071339782139441515,0.01760631855748751,0.01833198748189102
2016-06-08,198.89999389648438,198.9499969482422,196.33999633789062,196.64999389648438,52.5099983215332,52.79999923706055,51.31999969482422,51.400001525878906,22382,2.25,1.4799995422363281,2016,-0.0005025432337468771,0.007134628055127174,0.020800927748638065,0.01760631855748751
2016-06-09,198.8000030517578,198.89999389648438,195.8800048828125,195.8800048828125,51.95000076293945,52.849998474121094,51.529998779296875,52.65999984741211,19759,2.9199981689453125,1.3199996948242188,2016,-0.0005027191945445875,0.007135237573544679,-0.010664589154330772,0.020800927748638065
2016-06-10,198.85000610351562,198.89999389648438,195.27000427246094,196.97999572753906,50.540000915527344,52.08000183105469,50.34000015258789,51.91999816894531,19899,1.8700103759765625,1.7400016784667969,2016,0.0002515244013592266,0.006575902502809402,-0.02714147885861029,-0.010664589154330772
2016-06-13,198.8000030517578,198.8000030517578,195.25999450683594,196.27000427246094,50.349998474121094,50.779998779296875,49.61000061035156,50.36000061035156,18914,2.529998779296875,1.1699981689453125,2016,-0.00025146115274332637,0.005987004939384102,-0.003759446734554306,-0.02714147885861029
2016-06-14,198.8000030517578,198.85000610351562,19.799999237060547,195.0800018310547,49.83000183105469,50.04999923706055,49.189998626708984,50.0099983215332,20904,3.720001220703125,0.8600006103515625,2016,0.0,0.0051168741260668215,-0.01032763969861239,-0.003759446734554306
2016-06-15,198.89999389648438,198.85000610351562,195.2899932861328,196.5,48.970001220703125,49.79999923706055,48.38999938964844,49.310001373291016,33399,2.399993896484375,1.4099998474121094,2016,0.000502972048247452,0.005079997879680086,-0.017258691124823478,-0.01032763969861239
2016-06-16,194.6999969482422,198.89999389648438,194.6699981689453,194.6699981689453,47.189998626708984,48.77000045776367,46.959999084472656,48.58000183105469,26672,0.029998779296875,1.8100013732910156,2016,-0.0211161240679979,0.006270004812934892,-0.03634883703538905,-0.017258691124823478
2016-06-17,198.8000030517578,199.0,195.8300018310547,195.8300018310547,49.16999816894531,49.38999938964844,46.939998626708984,47.02000045776367,22172,2.970001220703125,2.450000762939453,2016,0.021058069685566227,0.007331996000932055,0.0419580334786378,-0.03634883703538905
2016-06-20,195.05999755859375,257.8800048828125,199.0,257.8800048828125,50.650001525878906,50.68000030517578,49.2599983215332,49.47999954223633,21739,-62.82000732421875,1.4200019836425781,2016,-0.018812904606396508,0.008096042689620353,0.03009972365360647,0.0419580334786378
2016-06-21,199.0,279.0899963378906,199.0,257.9700012207031,50.619998931884766,51.099998474121094,49.47999954223633,50.459999084472656,29249,-58.970001220703125,1.6199989318847656,2016,0.02019892592392103,0.008945940370244076,-0.0005923512949710386,0.03009972365360647
2016-06-22,280.67999267578125,280.8299865722656,199.0,280.79998779296875,49.880001068115234,51.22999954223633,49.189998626708984,50.970001220703125,34368,-0.1199951171875,2.0400009155273438,2016,0.4104522245014133,0.07546281316973609,-0.014618685882733518,-0.0005923512949710386
2016-06-23,279.4800109863281,283.0,280.0899963378906,280.0899963378906,50.90999984741211,51.0,49.88999938964844,49.93000030517578,31356,-0.6099853515625,1.1100006103515625,2016,-0.004275266213360829,0.07549364769527644,0.0206495340264794,-0.014618685882733518
2016-06-24,281.2799987792969,283.0,278.0400085449219,282.69000244140625,48.40999984741211,51.22999954223633,47.540000915527344,51.209999084472656,52110,-1.410003662109375,3.6899986267089844,2016,0.006440488486515683,0.07546285567580449,-0.0491062661067182,0.0206495340264794
2016-06-27,276.8500061035156,280.2200012207031,278.9599914550781,278.9599914550781,47.15999984741211,48.90999984741211,46.689998626708984,48.40999984741211,34439,-2.1099853515625,2.220001220703125,2016,-0.015749405201246458,0.07561674250565728,-0.025821111422020038,-0.0491062661067182
2016-06-29,281.0,280.1700134277344,279.6499938964844,280.1700134277344,50.61000061035156,50.720001220703125,48.63999938964844,48.91999816894531,13050,0.829986572265625,2.0800018310546875,2016,0.014990044446423711,0.07557556348509865,0.07315523269936497,-0.025821111422020038
2016-06-30,278.6400146484375,282.0,278.7200012207031,278.7200012207031,49.68000030517578,50.29999923706055,49.5,50.0099983215332,1313,-0.079986572265625,0.7999992370605469,2016,-0.008398524382784656,0.07553116184913351,-0.018375820864652614,0.07315523269936497
2016-07-01,280.57000732421875,282.0,279.5799865722656,280.5199890136719,49.84000015258789,49.84000015258789,49.84000015258789,49.84000015258789,21731,0.050018310546875,0.0,2016,0.006926473493824359,0.07554161742354924,0.003220608825065474,-0.018375820864652614
2016-07-05,279.3299865722656,281.5,279.32000732421875,279.6099853515625,47.959999084472656,50.72999954223633,47.560001373291016,50.70000076293945,37154,-0.279998779296875,3.1699981689453125,2016,-0.004419648285927447,0.0755735856110989,-0.037720727575431545,0.003220608825065474
2016-07-06,281.3800048828125,282.0,279.32000732421875,281.489990234375,48.79999923706055,49.29999923706055,47.16999816894531,48.11000061035156,33332,-0.1099853515625,2.1300010681152344,2016,0.0073390556298778,0.07554002961758471,0.017514599012155685,-0.037720727575431545
2016-07-07,278.6300048828125,281.0,278.7699890136719,278.7699890136719,46.400001525878906,49.599998474121094,46.150001525878906,49.150001525878906,37267,-0.139984130859375,3.4499969482421875,2016,-0.009773260190059752,0.07562267096591394,-0.04918028173572164,0.017514599012155685
2016-07-08,279.75,281.5,278.94000244140625,279.6000061035156,46.7599983215332,47.22999954223633,46.150001525878906,46.599998474121094,24682,0.149993896484375,1.0799980163574219,2016,0.004019650064818192,0.07560151322841314,0.007758551375337985,-0.04918028173572164
2016-07-11,279.3900146484375,282.5,279.5400085449219,279.5400085449219,46.25,47.11000061035156,45.90999984741211,46.529998779296875,20339,-0.149993896484375,1.2000007629394531,2016,-0.0012868109081769497,0.07560987093591028,-0.010906722408891678,0.007758551375337985
2016-07-13,281.5899963378906,282.0,280.1400146484375,281.7099914550781,46.2599983215332,48.20000076293945,46.09000015258789,48.040000915527344,29323,-0.1199951171875,2.1100006103515625,2016,0.007874231626428863,0.07557477827263386,0.00021617992504219252,-0.010906722408891678
2016-07-14,279.79998779296875,282.0,279.75,279.75,47.369998931884766,47.470001220703125,46.349998474121094,46.599998474121094,27528,0.04998779296875,1.1200027465820312,2016,-0.006356790256050071,0.07562381033306738,0.023994825997105007,0.00021617992504219252
2016-07-15,280.4700012207031,281.67999267578125,279.0,280.6300048828125,47.61000061035156,48.08000183105469,46.65999984741211,47.15999984741211,24450,-0.160003662109375,1.4200019836425781,2016,0.002394615643193543,0.07548569727224357,0.00506653333076712,0.023994825997105007
2016-07-18,284.260009765625,283.6000061035156,279.92999267578125,283.6000061035156,46.959999084472656,47.869998931884766,46.5,47.77000045776367,22151,0.660003662109375,1.3699989318847656,2016,0.013513062104419049,0.075485676330047,-0.013652625867380919,0.00506653333076712
2016-07-19,279.3500061035156,280.1499938964844,279.5799865722656,279.5799865722656,46.65999984741211,47.47999954223633,46.54999923706055,47.029998779296875,20962,-0.22998046875,0.9300003051757812,2016,-0.017272931448070072,0.07566299689342187,-0.006388399550879553,-0.013652625867380919
2016-07-20,281.07000732421875,292.0,281.2300109863281,281.2300109863281,47.16999816894531,47.5,45.900001525878906,46.720001220703125,30188,-0.160003662109375,1.5999984741210938,2016,0.006157154763281936,0.07563325004985888,0.010930096939584244,-0.006388399550879553
2016-07-21,291.7200012207031,295.4200134277344,291.6300048828125,291.6300048828125,46.20000076293945,47.54999923706055,46.040000915527344,47.15999984741211,22328,0.089996337890625,1.5099983215332031,2016,0.037890894150792276,0.07571153424318033,-0.020563863550125516,0.010930096939584244
2016-07-22,295.2900085449219,296.94000244140625,294.0,295.1499938964844,45.689998626708984,46.4900016784668,45.18000030517578,46.08000183105469,25423,0.1400146484375,1.3100013732910156,2016,0.01223778729356928,0.07566063991700821,-0.011039007095419384,-0.020563863550125516
2016-07-25,295.0,303.1199951171875,295.0,298.25,44.720001220703125,45.86000061035156,44.560001373291016,45.7400016784668,19167,-3.25,1.2999992370605469,2016,-0.0009821143165356094,0.07566417740894374,-0.021229972316935686,-0.011039007095419384
2016-07-26,302.8900146484375,308.1499938964844,299.0,303.05999755859375,44.869998931884766,44.97999954223633,44.150001525878906,44.790000915527344,26793,-0.16998291015625,0.8299980163574219,2016,0.026745812367584776,0.0756298016752039,0.0033541526629521368,-0.021229972316935686
2016-07-27,308.4700012207031,312.5400085449219,299.54998779296875,308.45001220703125,43.470001220703125,44.90999984741211,43.310001373291016,44.54999923706055,27266,0.019989013671875,1.5999984741210938,2016,0.018422484408217477,0.0755692222746568,-0.031201197782663614,0.0033541526629521368
2016-07-28,310.79998779296875,316.4700012207031,310.0,310.3699951171875,42.70000076293945,43.75,42.58000183105469,43.619998931884766,10527,0.42999267578125,1.1699981689453125,2016,0.007553365199355566,0.07552138440093013,-0.017713375572599444,-0.031201197782663614
2016-07-29,316.7300109863281,322.0,312.760009765625,316.6499938964844,42.459999084472656,42.79999923706055,41.81999969482422,42.540000915527344,428,0.08001708984375,0.9799995422363281,2016,0.01907986945388651,0.07545176966414914,-0.005620648107226733,-0.017713375572599444
2016-08-01,311.0299987792969,322.0,311.1700134277344,311.1700134277344,42.45000076293945,42.45000076293945,42.45000076293945,42.45000076293945,21767,-0.1400146484375,0.0,2016,-0.017996438636429968,0.07567365874244533,-0.00023547625409303663,-0.005620648107226733
2016-08-02,317.6099853515625,318.0,314.6600036621094,317.5,41.79999923706055,43.16999816894531,41.5099983215332,42.279998779296875,23088,0.1099853515625,1.6599998474121094,2016,0.02115547245632321,0.07532781851610686,-0.01531216759002707,-0.00023547625409303663
2016-08-03,313.82000732421875,317.4800109863281,317.0,317.4800109863281,43.099998474121094,43.439998626708984,41.5,41.939998626708984,30000,-3.660003662109375,1.9399986267089844,2016,-0.011932805019176707,0.07553180028746728,0.031100460784409423,-0.01531216759002707
2016-08-04,318.9700012207031,322.0,313.42999267578125,319.0,44.290000915527344,44.33000183105469,42.5099983215332,43.369998931884766,25204,-0.029998779296875,1.8200035095214844,2016,0.01641066145015957,0.07522038222827775,0.02761026643935427,0.031100460784409423
2016-08-05,322.0,322.0,313.3399963378906,313.3399963378906,44.27000045776367,44.4900016784668,43.5,44.189998626708984,24997,8.660003662109375,0.9900016784667969,2016,0.0094993220920494,0.07523845228875016,-0.0004515795292444613,0.02761026643935427
2016-08-08,318.2200012207031,322.0,316.989990234375,318.2699890136719,45.38999938964844,45.709999084472656,44.2400016784668,44.38999938964844,19192,-0.04998779296875,1.4699974060058594,2016,-0.011739126643779074,0.013630677418482938,0.025299275362631102,-0.0004515795292444613
2016-08-09,316.94000244140625,322.0,315.7300109863281,316.92999267578125,44.97999954223633,45.7599983215332,44.75,45.15999984741211,18269,0.010009765625,1.0099983215332031,2016,-0.004022370606457049,0.013625279687722662,-0.00903282337354716,0.025299275362631102
2016-08-10,314.92999267578125,322.0,314.6199951171875,314.6199951171875,44.04999923706055,45.66999816894531,43.81999969482422,45.0,24646,0.30999755859375,1.8499984741210938,2016,-0.00634192512823184,0.013754978127236188,-0.02067586293109025,-0.00903282337354716
2016-08-11,319.32000732421875,321.0,317.4200134277344,319.1199951171875,46.040000915527344,46.310001373291016,43.459999084472656,43.849998474121094,29698,0.20001220703125,2.8500022888183594,2016,0.0139396524641493,0.0133574205178399,0.045175975321982476,-0.02067586293109025
2016-08-12,317.80999755859375,321.0,316.05999755859375,317.7200012207031,46.970001220703125,47.25,45.7599983215332,46.16999816894531,23652,0.089996337890625,1.4900016784667969,2016,-0.004728829171332882,0.013326585965770896,0.020199832464862677,0.045175975321982476
2016-08-15,315.7699890136719,320.0,315.760009765625,315.760009765625,48.349998474121094,48.529998779296875,46.84000015258789,47.150001525878906,21340,0.009979248046875,1.6899986267089844,2016,-0.006418956485299887,0.013266836864835943,0.029380396371156525,0.020199832464862677
2016-08-16,319.1600036621094,320.0,312.07000732421875,319.25,49.22999954223633,49.349998474121094,47.90999984741211,48.209999084472656,27839,-0.089996337890625,1.4399986267089844,2016,0.01073570879559016,0.013311362354323095,0.01820064314141079,0.029380396371156525
2016-08-17,331.0,331.0,312.5,312.6000061035156,49.849998474121094,49.9900016784668,48.54999923706055,48.97999954223633,39930,18.399993896484375,1.44000244140625,2016,0.037097368724263724,0.01447148704722272,0.012593925201092926,0.01820064314141079
2016-08-18,320.0,344.45001220703125,320.0,344.45001220703125,50.88999938964844,51.04999923706055,49.5099983215332,49.720001220703125,28379,-24.45001220703125,1.5400009155273438,2016,-0.033232628398791486,0.016121816854725707,0.020862606767525715,0.012593925201092926
2016-08-19,343.6700134277344,347.45001220703125,340.0,347.45001220703125,50.880001068115234,51.220001220703125,50.33000183105469,50.880001068115234,25452,-3.779998779296875,0.8899993896484375,2016,0.07396879196166983,0.020290195798272,-0.00019646927988048457,0.020862606767525715
2016-08-22,341.0,348.3500061035156,341.0,348.3500061035156,49.15999984741211,50.7400016784668,49.099998474121094,50.7400016784668,27608,-7.350006103515625,1.6400032043457031,2016,-0.007769119572301086,0.020467550992178896,-0.03380505472868378,-0.00019646927988048457
2016-08-23,350.0,341.19000244140625,312.2200012207031,341.19000244140625,49.959999084472656,50.20000076293945,48.4900016784668,49.22999954223633,36665,8.80999755859375,1.7099990844726562,2016,0.02639296187683282,0.02071193941652318,0.016273377533435163,-0.03380505472868378
2016-08-24,313.1199951171875,333.1600036621094,313.20001220703125,313.20001220703125,49.04999923706055,49.86000061035156,48.68000030517578,49.459999084472656,41304,-0.08001708984375,1.1800003051757812,2016,-0.10537144252232145,0.029247935685669035,-0.018214568936910425,0.016273377533435163
2016-08-25,333.07000732421875,339.9200134277344,325.0,333.1400146484375,49.66999816894531,49.779998779296875,48.70000076293945,49.029998779296875,31721,-0.07000732421875,1.0799980163574219,2016,0.06371363221171755,0.0311321635814656,0.01264014151943793,-0.018214568936910425
2016-08-26,318.0,339.8800048828125,312.0,339.8800048828125,49.91999816894531,50.75,49.13999938964844,49.65999984741211,27534,-21.8800048828125,1.6100006103515625,2016,-0.04524576513294165,0.03252241370033434,0.005033219432577063,0.01264014151943793
2016-08-29,314.7799987792969,314.6499938964844,312.8299865722656,314.6499938964844,49.2599983215332,49.619998931884766,48.97999954223633,49.619998931884766,6703,0.1300048828125,0.6399993896484375,2016,-0.010125790002211033,0.032588207134036866,-0.013221151274454335,0.005033219432577063
2016-08-30,312.55999755859375,313.1199951171875,312.5799865722656,312.5799865722656,48.369998931884766,49.7599983215332,48.2599983215332,49.29999923706055,10607,-0.019989013671875,1.5,2016,-0.007052548539653758,0.03241188070403631,-0.01806738570795663,-0.013221151274454335
2016-08-31,313.6099853515625,307.6600036621094,307.6600036621094,307.6600036621094,47.040000915527344,48.400001525878906,46.970001220703125,48.02000045776367,668,5.949981689453125,1.4300003051757812,2016,0.003359315975077548,0.0324102827364448,-0.027496341652402,-0.01806738570795663
2016-09-01,307.1600036621094,312.1199951171875,307.1400146484375,307.1400146484375,47.04999923706055,47.04999923706055,47.04999923706055,47.04999923706055,23846,0.019989013671875,0.0,2016,-0.020566888781371473,0.03206879951714071,0.00021254934818459859,-0.027496341652402
2016-09-02,310.760009765625,310.7799987792969,307.4599914550781,310.7799987792969,46.83000183105469,47.0099983215332,45.41999816894531,45.77000045776367,22597,-0.019989013671875,1.5900001525878906,2016,0.011720295808681502,0.03206336732453101,-0.004675821669994251,0.00021254934818459859
2016-09-06,308.2099914550781,315.0,307.6400146484375,308.17999267578125,47.2599983215332,49.369998931884766,46.29999923706055,46.650001525878906,37751,0.029998779296875,3.0699996948242188,2016,-0.008205747941860686,0.03211523949317384,0.00918207289484596,-0.004675821669994251
2016-09-07,314.0,315.0,312.1300048828125,312.1300048828125,47.97999954223633,48.540000915527344,46.970001220703125,47.130001068115234,17745,1.8699951171875,1.5699996948242188,2016,0.018785920980649795,0.03193585295086229,0.015234897297384586,0.00918207289484596
2016-09-08,312.3500061035156,315.0,312.17999267578125,312.29998779296875,49.9900016784668,50.13999938964844,48.209999084472656,48.560001373291016,30011,0.050018310546875,1.9300003051757812,2016,-0.005254757632115803,0.03180069171099093,0.04189250011269974,0.015234897297384586
2016-09-09,312.8299865722656,314.0,311.9700012207031,312.80999755859375,48.0099983215332,49.68000030517578,47.77000045776367,49.619998931884766,18847,0.019989013671875,1.9099998474121094,2016,0.0015366750740224422,0.03177633609863034,-0.03960798740653937,0.04189250011269974
2016-09-12,312.7799987792969,313.0,312.489990234375,312.489990234375,48.31999969482422,48.619998931884766,46.90999984741211,47.779998779296875,18373,0.290008544921875,1.7099990844726562,2016,-0.00015979220379891412,0.03158645074323338,0.006457016957486017,-0.03960798740653937
2016-09-13,312.1700134277344,322.0,312.1499938964844,312.1499938964844,47.099998474121094,48.209999084472656,46.9900016784668,48.130001068115234,21761,0.02001953125,1.2199974060058594,2016,-0.0019502057482675417,0.031405281874386085,-0.025248369793218428,0.006457016957486017
2016-09-14,313.0,315.0,312.9800109863281,312.9800109863281,45.849998474121094,47.470001220703125,45.709999084472656,47.220001220703125,28376,0.019989013671875,1.7600021362304688,2016,0.0026587645723945563,0.031168623685733737,-0.026539278991416726,-0.025248369793218428
2016-09-15,312.45001220703125,315.0,312.4800109863281,312.4800109863281,46.59000015258789,47.0,45.689998626708984,46.150001525878906,28412,-0.029998779296875,1.3100013732910156,2016,-0.0017571494983027458,0.03108966870482189,0.016139622750139804,-0.026539278991416726
2016-09-16,314.0,315.0,312.6099853515625,312.6099853515625,45.77000045776367,46.400001525878906,45.47999954223633,46.18000030517578,19165,1.3900146484375,0.9200019836425781,2016,0.00496075446443478,0.030955432595743935,-0.017600336813449635,0.016139622750139804
2016-09-19,314.9800109863281,315.0,312.5,314.9800109863281,45.95000076293945,46.91999816894531,45.86000061035156,45.88999938964844,19674,0.0,1.05999755859375,2016,0.003121054096586473,0.030909436093394492,0.003932713641588981,-0.017600336813449635
2016-09-20,312.05999755859375,320.0,311.5799865722656,312.1300048828125,45.880001068115234,46.290000915527344,45.09000015258789,45.7400016784668,28150,-0.07000732421875,1.2000007629394531,2016,-0.009270472175649025,0.030881109116183997,-0.0015233883277903093,0.003932713641588981
2016-09-21,312.30999755859375,321.0,312.3299865722656,312.3299865722656,46.83000183105469,47.150001525878906,46.25,46.25,25248,-0.019989013671875,0.9000015258789062,2016,0.0008011279944750704,0.030872984629372293,0.02070620620799568,-0.0015233883277903093
2016-09-22,319.0,319.0,311.260009765625,311.260009765625,47.650001525878906,47.84000015258789,47.040000915527344,47.119998931884766,32336,7.739990234375,0.7999992370605469,2016,0.02142103196728784,0.031092333929715683,0.017510135869361676,0.02070620620799568
2016-09-23,312.80999755859375,315.0,312.70001220703125,312.8299865722656,45.88999938964844,48.25,45.66999816894531,47.41999816894531,39822,-0.019989013671875,2.5800018310546875,2016,-0.019404396368044696,0.03120602707573381,-0.036936035254366284,0.017510135869361676
2016-09-26,312.510009765625,315.0,308.5899963378906,312.1199951171875,47.349998474121094,47.65999984741211,45.7400016784668,46.08000183105469,21045,0.3900146484375,1.9199981689453125,2016,-0.0009590096074616472,0.031194783120210973,0.03181519075814143,-0.036936035254366284
2016-09-27,308.3599853515625,315.0,308.42999267578125,308.42999267578125,45.970001220703125,47.279998779296875,45.63999938964844,47.09000015258789,34389,-0.07000732421875,1.6399993896484375,2016,-0.013279652761122529,0.03126790092523048,-0.029144610303888374,0.03181519075814143
2016-09-28,314.0,314.0,308.6400146484375,313.0400085449219,48.689998626708984,48.939998626708984,45.720001220703125,46.29999923706055,27630,0.959991455078125,3.2199974060058594,2016,0.01829035840044968,0.03139011844456128,0.05916896527687876,-0.029144610303888374
2016-09-29,308.54998779296875,312.6099853515625,308.1400146484375,308.3699951171875,49.2400016784668,49.79999923706055,48.029998779296875,48.959999084472656,9721,0.17999267578125,1.7700004577636719,2016,-0.01735672677398492,0.030735015408757723,0.011296016990563373,0.05916896527687876
2016-09-30,312.5799865722656,315.0,312.2300109863281,312.55999755859375,49.060001373291016,49.279998779296875,48.18000030517578,48.970001220703125,387,0.019989013671875,1.0999984741210938,2016,0.013061088765950357,0.030264857030743858,-0.003655570654752749,0.011296016990563373
2016-10-03,310.19000244140625,319.6700134277344,310.42999267578125,310.42999267578125,49.099998474121094,49.099998474121094,49.099998474121094,49.099998474121094,27245,-0.239990234375,0.0,2016,-0.007645992173292315,0.026828871033088265,0.000815269052394596,-0.003655570654752749
2016-10-04,320.3800048828125,320.510009765625,307.5899963378906,320.4100036621094,50.869998931884766,51.349998474121094,50.349998474121094,50.5,24858,-0.029998779296875,1.0,2016,0.03285084097232027,0.027596604194549502,0.03604889028044633,0.000815269052394596
2016-10-05,306.6700134277344,310.0,302.010009765625,306.5899963378906,51.86000061035156,52.09000015258789,51.22999954223633,51.380001068115234,26124,0.08001708984375,0.8600006103515625,2016,-0.04279290606819519,0.028055223790214114,0.019461405528873987,0.03604889028044633
2016-10-06,302.510009765625,314.0,304.0,314.0,52.5099983215332,52.720001220703125,51.34000015258789,51.68000030517578,25994,-11.489990234375,1.3800010681152344,2016,-0.013565081292467696,0.020645506246163868,0.01253370041518842,0.019461405528873987
2016-10-07,313.6700134277344,313.8699951171875,304.0,313.8699951171875,51.93000030517578,52.84000015258789,51.34000015258789,52.66999816894531,26575,-0.199981689453125,1.5,2016,0.036891353349781,0.018182796519360177,-0.011045477716566166,0.01253370041518842
2016-10-11,313.3299865722656,317.3999938964844,304.0,313.3800048828125,52.40999984741211,53.310001373291016,52.119998931884766,52.9900016784668,33630,-0.050018310546875,1.19000244140625,2016,-0.0010840272927367112,0.016230152412582025,0.00924320314684235,-0.011045477716566166
2016-10-12,304.0,318.1300048828125,304.0,318.1300048828125,51.810001373291016,52.849998474121094,51.61000061035156,52.619998931884766,24471,-14.1300048828125,1.2399978637695312,2016,-0.029776870941504274,0.017015207172993096,-0.011448167828047029,0.00924320314684235
2016-10-13,312.2200012207031,314.0,304.0,312.239990234375,52.029998779296875,52.150001525878906,50.939998626708984,51.720001220703125,25642,-0.019989013671875,1.2100028991699219,2016,0.027039477699681402,0.017722239247307602,0.0042462343210682985,-0.011448167828047029
2016-10-14,314.0,316.5899963378906,307.5899963378906,307.5899963378906,51.95000076293945,52.560001373291016,51.5,52.099998474121094,22127,6.410003662109375,1.0600013732910156,2016,0.005701104260897871,0.01774216530335513,-0.0015375363873592063,0.0042462343210682985
2016-10-17,317.94000244140625,318.0899963378906,312.54998779296875,317.94000244140625,51.52000045776367,52.279998779296875,51.16999816894531,51.959999084472656,26730,0.0,1.1100006103515625,2016,0.012547778475816118,0.017433438729274008,-0.008277195358244116,-0.0015375363873592063
2016-10-18,312.4800109863281,315.0,312.1700134277344,312.1700134277344,51.68000030517578,52.119998931884766,51.27000045776367,51.689998626708984,28432,0.30999755859375,0.8499984741210938,2016,-0.017173024511391466,0.017634719495219546,0.003105587072796734,-0.008277195358244116
2016-10-19,314.0,314.0,312.739990234375,313.45001220703125,52.66999816894531,53.13999938964844,52.099998474121094,52.130001068115234,31624,0.54998779296875,1.0400009155273438,2016,0.004864275986403488,0.017577815665842163,0.019156305300377152,0.003105587072796734
2016-10-20,315.0,316.0,315.0,315.0,51.380001068115234,52.68000030517578,51.18000030517578,52.630001068115234,29822,0.0,1.5,2016,0.0031847133757962887,0.017254239142942378,-0.02449206655926317,0.019156305300377152
2016-10-21,315.0,315.0,315.0,315.0,51.779998779296875,51.93000030517578,51.130001068115234,51.439998626708984,31385,0.0,0.7999992370605469,2016,0.0,0.017223073831536907,0.0077850856922201395,-0.02449206655926317
2016-10-24,315.0,316.0,315.0,315.0,51.459999084472656,52.0,50.5,51.959999084472656,39723,0.0,1.5,2016,0.0,0.01722193920238796,-0.006179986527001691,0.0077850856922201395
2016-10-25,315.0,316.0,315.0,315.0,50.790000915527344,51.83000183105469,50.220001220703125,51.349998474121094,34420,0.0,1.6100006103515625,2016,0.0,0.01722179314471409,-0.013019785869904488,-0.006179986527001691
2016-10-26,315.0,316.0,315.0,315.0,49.97999954223633,50.689998626708984,49.65999984741211,50.25,50026,0.0,1.029998779296875,2016,0.0,0.017216376738432133,-0.015948048015163252,-0.013019785869904488
2016-10-27,315.0,316.0,315.0,315.0,50.470001220703125,50.900001525878906,49.869998931884766,49.9900016784668,21189,0.0,1.0300025939941406,2016,0.0,0.017211426660625632,0.009803955241190376,-0.015948048015163252
2016-10-28,315.0,316.0,315.0,315.0,49.709999084472656,50.56999969482422,49.34000015258789,50.310001373291016,15283,0.0,1.2299995422363281,2016,0.0,0.01720697798666527,-0.015058492527214584,0.009803955241190376
2016-10-31,315.0,315.0,315.0,315.0,48.29999923706055,49.689998626708984,47.9900016784668,49.45000076293945,1765,0.0,1.6999969482421875,2016,0.0,0.0171856024519015,-0.028364511635095457,-0.015058492527214584
2016-11-01,318.0,319.0,318.0,318.0,48.33000183105469,48.33000183105469,48.33000183105469,48.33000183105469,56065,0.0,0.0,2016,0.00952380952380949,0.017262088810727938,0.0006211717281170426,-0.028364511635095457
2016-11-02,319.0,319.0,315.0,319.0,46.86000061035156,48.06999969482422,46.47999954223633,47.97999954223633,47015,0.0,1.5900001525878906,2016,0.003144654088050425,0.01716928099024133,-0.03041591485640227,0.0006211717281170426
2016-11-03,316.0,316.0,314.0,316.0,46.349998474121094,47.5099983215332,46.0,46.959999084472656,33590,0.0,1.5099983215332031,2016,-0.009404388714733591,0.01727161692779898,-0.010883528160215317,-0.03041591485640227
2016-11-04,315.0,315.0,315.0,315.0,45.58000183105469,46.540000915527344,45.08000183105469,46.380001068115234,54210,0.0,1.4599990844726562,2016,-0.0031645569620253333,0.01682394882818267,-0.016612657355238647,-0.010883528160215317
2016-11-07,315.0,315.0,315.0,315.0,46.150001525878906,46.380001068115234,45.380001068115234,46.06999969482422,30522,0.0,1.0,2016,0.0,0.01643192420959322,0.012505477664019438,-0.016612657355238647
2016-11-08,315.0,315.0,315.0,315.0,46.040000915527344,46.68000030517578,45.61000061035156,46.2400016784668,33500,0.0,1.0699996948242188,2016,0.0,0.01643019592423345,-0.0023835451075744363,0.012505477664019438
2016-11-09,315.0,315.0,314.0,315.0,46.36000061035156,46.95000076293945,44.38999938964844,45.95000076293945,53512,0.0,2.5600013732910156,2016,0.0,0.01622669669457315,0.006950471078646325,-0.0023835451075744363
2016-11-10,314.0,315.0,314.0,314.0,45.84000015258789,46.90999984741211,45.54999923706055,46.599998474121094,35421,0.0,1.3600006103515625,2016,-0.0031746031746031633,0.015900571455171535,-0.011216575731613831,0.006950471078646325
2016-11-14,315.0,315.0,314.75,314.75,44.43000030517578,44.97999954223633,43.58000183105469,44.68000030517578,37427,0.25,1.3999977111816406,2016,0.0031847133757962887,0.015560572801399686,-0.030759158872570525,-0.011216575731613831
2016-11-15,315.0,315.0,315.0,315.0,46.95000076293945,47.2599983215332,44.68000030517578,44.72999954223633,43809,0.0,2.579998016357422,2016,0.0,0.015387652418207777,0.05671844340433441,-0.030759158872570525
2016-11-16,315.0,315.25,314.5,315.25,46.630001068115234,47.560001373291016,46.27000045776367,47.0,43917,-0.25,1.2900009155273438,2016,0.0,0.015313417027074632,-0.006815754837576349,0.05671844340433441
2016-11-17,315.0,315.0,314.1199951171875,314.6199951171875,46.4900016784668,47.61000061035156,46.02000045776367,46.439998626708984,39989,0.3800048828125,1.5900001525878906,2016,0.0,0.014052289301699898,-0.003002345838335585,-0.006815754837576349
2016-11-18,314.0,315.0,314.0,314.0,46.86000061035156,46.97999954223633,45.7599983215332,46.09000015258789,39532,0.0,1.220001220703125,2016,-0.0031746031746031633,0.011582063667074571,0.007958677533370428,-0.003002345838335585
2016-11-21,315.0,315.0,314.0,315.0,48.900001525878906,49.150001525878906,47.0,47.0099983215332,42541,0.0,2.1500015258789062,2016,0.0031847133757962887,0.011262409178110179,0.043533949828346685,0.007958677533370428
2016-11-22,315.0,315.0,314.0,315.0,49.119998931884766,49.970001220703125,48.13999938964844,49.099998474121094,62072,0.0,1.8300018310546875,2016,0.0,0.009051853677233532,0.004498924317812847,0.043533949828346685
2016-11-23,315.0,315.0,315.0,315.0,48.95000076293945,49.5,48.56999969482422,49.130001068115234,46018,0.0,0.9300003051757812,2016,0.0,0.009048793756908924,-0.003460874850202078,0.004498924317812847
2016-11-25,315.0,315.0,312.0,315.0,47.2400016784668,49.20000076293945,47.0099983215332,49.0,27459,0.0,2.19000244140625,2016,0.0,0.007059853352926484,-0.034933586472327804,-0.003460874850202078
2016-11-28,314.0,315.0,314.0,314.0,48.2400016784668,48.810001373291016,46.15999984741211,46.7599983215332,25170,0.0,2.6500015258789062,2016,-0.0031746031746031633,0.005142806790033988,0.021168500517980027,-0.034933586472327804
2016-11-29,314.0,315.0,314.0,314.0,46.380001068115234,48.099998474121094,45.91999816894531,48.09000015258789,15550,0.0,2.1800003051757812,2016,0.0,0.005036851847776431,-0.038557225241180326,0.021168500517980027
2016-11-30,314.0,315.0,314.0,314.0,50.470001220703125,50.470001220703125,46.75,46.7599983215332,1083,0.0,3.720001220703125,2016,0.0,0.004446385683555843,0.08818456357043147,-0.038557225241180326
2016-12-01,314.0,315.0,314.0,314.0,50.459999084472656,50.459999084472656,50.459999084472656,50.459999084472656,71317,0.0,0.0,2016,0.0,0.003121339587138735,-0.0001981798293748671,0.08818456357043147
2016-12-05,314.0,315.0,314.5,315.0,54.939998626708984,55.33000183105469,53.810001373291016,54.22999954223633,33656,-1.0,1.5200004577636719,2016,0.0,0.0029925752767762984,0.08878318714862798,-0.0001981798293748671
2016-12-06,313.0,315.1199951171875,312.0,312.0,53.93000030517578,54.93000030517578,53.52000045776367,54.209999084472656,34688,1.0,1.4099998474121094,2016,-0.0031847133757961776,0.0029850923529116716,-0.018383661208214774,0.08878318714862798
2016-12-07,315.0,315.0,315.0,315.0,53.0,54.209999084472656,52.91999816894531,53.959999084472656,34297,0.0,1.2900009155273438,2016,0.006389776357827559,0.003219224305634962,-0.017244581863770647,-0.018383661208214774
2016-12-08,314.0,315.0,314.0,315.0,53.88999938964844,54.04999923706055,52.83000183105469,53.04999923706055,44044,-1.0,1.2199974060058594,2016,-0.0031746031746031633,0.0032711524132426925,0.016792441314121387,-0.017244581863770647
2016-12-09,315.0,315.0,314.0,315.0,54.33000183105469,54.439998626708984,53.77000045776367,53.95000076293945,30445,0.0,0.6699981689453125,2016,0.0031847133757962887,0.0033257571019250517,0.008164825503612194,0.016792441314121387
2016-12-12,315.0,316.0,314.0,316.0,55.689998626708984,57.4900016784668,54.75,54.75,45732,-1.0,2.740001678466797,2016,0.0,0.0033257571019250517,0.025032150742114068,0.008164825503612194
2016-12-13,314.0,314.5,314.5,314.5,55.720001220703125,56.43000030517578,55.150001525878906,55.369998931884766,38210,-0.5,1.279998779296875,2016,-0.0031746031746031633,0.0033760579179425137,0.0005387429472794025,0.025032150742114068
2016-12-14,315.0,315.0,314.0,314.5,53.900001525878906,55.79999923706055,53.61000061035156,55.22999954223633,39813,0.5,2.1899986267089844,2016,0.0031847133757962887,0.003428981661811453,-0.03266331039038073,0.0005387429472794025
2016-12-15,315.0,314.5,314.0,314.30999755859375,54.02000045776367,54.5,53.150001525878906,53.720001220703125,34744,0.69000244140625,1.3499984741210938,2016,0.0,0.003428981661811453,0.002226325203852797,-0.03266331039038073
2016-12-16,315.0,315.0,314.0,315.0,55.209999084472656,55.380001068115234,53.709999084472656,54.220001220703125,31303,0.0,1.6700019836425781,2016,0.0,0.0029205653956969287,0.02202885258469034,0.002226325203852797
2016-12-19,314.30999755859375,315.0,314.0,314.5,54.91999816894531,55.790000915527344,54.689998626708984,55.4900016784668,30608,-0.19000244140625,1.1000022888183594,2016,-0.00219048394097221,0.0028647390797819226,-0.005252688287200158,0.02202885258469034
2016-12-20,315.0,315.0,314.0,314.0,55.349998474121094,55.90999984741211,54.75,55.119998931884766,37241,1.0,1.1599998474121094,2016,0.0021952926943649143,0.0023580067776524938,0.007829576101823887,-0.005252688287200158
2016-12-21,315.0,315.0,315.0,315.0,54.459999084472656,55.86000061035156,54.31999969482422,55.599998474121094,31242,0.0,1.5400009155273438,2016,0.0,0.0022860076911795247,-0.016079483544422457,0.007829576101823887
2016-12-22,315.0,314.0,314.0,314.0,55.04999923706055,55.22999954223633,54.04999923706055,54.59000015258789,30938,1.0,1.1800003051757812,2016,0.0,0.0022860076911795247,0.01083364235230233,-0.016079483544422457
2016-12-23,315.0,315.0,314.0,315.0,55.15999984741211,55.34000015258789,54.27000045776367,54.880001068115234,15503,0.0,1.0699996948242188,2016,0.0,0.0022860076911795247,0.0019981945844880222,0.01083364235230233
2016-12-27,314.0,315.0,315.0,315.0,56.09000015258789,56.2599983215332,55.04999923706055,55.47999954223633,8294,-1.0,1.2099990844726562,2016,-0.0031746031746031633,0.0023584572352041023,0.016860049088985196,0.0019981945844880222
2016-12-28,314.0,314.5,314.5,314.5,56.220001220703125,56.560001373291016,55.88999938964844,56.08000183105469,10677,-0.5,0.6700019836425781,2016,0.0,0.0022860076911795247,0.0023177227270738676,0.016860049088985196
2016-12-29,314.5,315.0,314.0,314.30999755859375,56.13999938964844,56.63999938964844,55.970001220703125,55.970001220703125,595,0.19000244140625,0.6699981689453125,2016,0.0015923566878981443,0.0022273056352288016,-0.0014230136840557295,0.0023177227270738676
2016-12-30,314.5,315.0,314.0,314.30999755859375,56.130001068115234,56.130001068115234,56.130001068115234,56.130001068115234,13775,0.19000244140625,0.0,2016,0.0,0.0022273056352288016,-0.00017809621734776737,-0.0014230136840557295
2017-01-03,314.30999755859375,314.0,314.0,314.0,55.470001220703125,58.369998931884766,55.290000915527344,57.04999923706055,42688,0.30999755859375,3.079998016357422,2017,-0.0006041413081280256,0.0022295627935825413,-0.011758415016083545,-0.00017809621734776737
2017-01-04,314.0,314.5,314.5,314.5,56.459999084472656,56.529998779296875,55.34000015258789,55.689998626708984,27804,-0.5,1.1899986267089844,2017,-0.000986279663394929,0.0022357474556208793,0.017847446222879038,-0.011758415016083545
2017-01-05,314.5,314.5,314.3800048828125,314.3800048828125,56.88999938964844,57.34000015258789,56.0099983215332,56.540000915527344,32833,0.1199951171875,1.3300018310546875,2017,0.0015923566878981443,0.0021786256568262006,0.007616016864124164,0.017847446222879038
2017-01-06,314.5,315.0,314.0,315.0,57.099998474121094,57.459999084472656,56.29999923706055,56.880001068115234,24948,-0.5,1.1599998474121094,2017,0.0,0.002096942126335069,0.003691318100292884,0.007616016864124164
2017-01-09,315.0,314.5,314.0,314.5,54.939998626708984,56.9900016784668,54.7400016784668,56.86000061035156,25860,0.5,2.25,2017,0.0015898251192367763,0.0021182517835343444,-0.03782836961705116,0.003691318100292884
2017-01-10,314.0,314.5,314.5,314.5,53.63999938964844,55.34000015258789,53.56999969482422,54.84000015258789,33801,-0.5,1.7700004577636719,2017,-0.0031746031746031633,0.0021962244540308243,-0.023662163624965094,-0.03782836961705116
2017-01-11,314.5,314.69000244140625,314.0,314.0,55.099998474121094,55.66999816894531,53.65999984741211,53.70000076293945,45944,0.5,2.009998321533203,2017,0.0015923566878981443,0.0022179505893874948,0.027218476903159816,-0.023662163624965094
2017-01-12,314.69000244140625,314.5,314.0,314.0,56.0099983215332,56.43000030517578,55.029998779296875,55.22999954223633,36424,0.69000244140625,1.4000015258789062,2017,0.0006041413081279146,0.0021403591039239655,0.01651542418534757,0.027218476903159816
2017-01-13,315.0,315.0,314.0,314.0,55.45000076293945,56.20000076293945,55.310001373291016,56.060001373291016,25417,1.0,0.8899993896484375,2017,0.0009850886783462354,0.002146709672674236,-0.009998171315396376,0.01651542418534757
2017-01-17,315.0,315.0,314.0,314.5,55.470001220703125,56.970001220703125,55.20000076293945,55.650001525878906,44899,0.5,1.7700004577636719,2017,0.0,0.002146709672674236,0.0003606935525426458,-0.009998171315396376
2017-01-18,315.0,314.57000732421875,314.0,314.57000732421875,53.91999816894531,55.88999938964844,53.779998779296875,55.470001220703125,40148,0.42999267578125,2.1100006103515625,2017,0.0,0.002146709672674236,-0.027943086671130324,0.0003606935525426458
2017-01-19,315.0,315.0,305.25,305.25,54.15999984741211,54.75,53.900001525878906,54.310001373291016,33327,9.75,0.8499984741210938,2017,0.0,0.002146709672674236,0.004451069855655687,-0.027943086671130324
2017-01-20,315.0,314.0,305.5,305.5,55.4900016784668,55.790000915527344,54.189998626708984,54.279998779296875,29231,9.5,1.6000022888183594,2017,0.0,0.002055042021926428,0.024556902415099113,0.004451069855655687
2017-01-23,315.0,315.0,305.5,305.5,55.22999954223633,55.7400016784668,54.650001525878906,55.470001220703125,33859,9.5,1.0900001525878906,2017,0.0,0.001691990832660643,-0.004685567279976599,0.024556902415099113
2017-01-24,315.0,315.0,314.0,315.0,55.439998626708984,55.849998474121094,55.04999923706055,55.38999938964844,32411,0.0,0.7999992370605469,2017,0.0,0.0015822215439749584,0.003802264823704382,-0.004685567279976599
2017-01-25,315.0,315.0,304.5,305.5,55.08000183105469,55.63999938964844,54.7599983215332,55.2400016784668,34247,9.5,0.8800010681152344,2017,0.0,0.001471589292600516,-0.006493448855910744,0.003802264823704382
2017-01-26,314.0,315.0,304.45001220703125,304.45001220703125,56.2400016784668,56.54999923706055,55.209999084472656,55.369998931884766,45145,9.54998779296875,1.3400001525878906,2017,-0.0031746031746031633,0.001581689339871343,0.02106027249182274,-0.006493448855910744
2017-01-27,314.0,315.0,304.25,305.25,55.52000045776367,56.5,54.849998474121094,56.11000061035156,20964,8.75,1.6500015258789062,2017,0.0,0.0014715892926005162,-0.012802297283337372,0.02106027249182274
2017-01-30,315.0,308.0,304.25,308.0,55.22999954223633,55.63999938964844,54.970001220703125,55.400001525878906,9982,7.0,0.6699981689453125,2017,0.0031847133757962887,0.0014715892926005162,-0.005223359386460347,-0.012802297283337372
2017-01-31,315.0,315.0,305.25,305.25,55.70000076293945,55.939998626708984,54.939998626708984,55.220001220703125,578,9.75,1.0,2017,0.0,0.0014715892926005162,0.008509889998164821,-0.005223359386460347
2017-02-01,315.0,315.0,304.25,304.25,55.65999984741211,55.65999984741211,55.65999984741211,55.65999984741211,34772,10.75,0.0,2017,0.0,0.0014715892926005162,-0.0007181492814980484,0.008509889998164821
2017-02-02,315.0,304.20001220703125,304.20001220703125,304.20001220703125,56.560001373291016,57.43000030517578,56.34000015258789,56.529998779296875,31371,10.79998779296875,1.0900001525878906,2017,0.0,0.00141224848735532,0.016169628608447617,-0.0007181492814980484
2017-02-03,314.0,315.0,304.25,304.25,56.810001373291016,57.290000915527344,56.38999938964844,56.83000183105469,26703,9.75,0.9000015258789062,2017,-0.0031746031746031633,0.001473114874067272,0.004420084758308684,0.016169628608447617
2017-02-06,315.0,315.0,314.0,314.5,55.720001220703125,57.11000061035156,55.650001525878906,56.79999923706055,26706,0.5,1.4599990844726562,2017,0.0031847133757962887,0.0015909727992311016,-0.01918676511598094,0.004420084758308684
2017-02-07,314.0,315.0,314.0,314.0,55.04999923706055,55.97999954223633,54.63999938964844,55.93000030517578,32659,0.0,1.3400001525878906,2017,-0.0031746031746031633,0.0016933396762901778,-0.012024443089811654,-0.01918676511598094
2017-02-08,315.0,314.70001220703125,314.0,314.29998779296875,55.119998931884766,55.66999816894531,54.209999084472656,54.54999923706055,44864,0.70001220703125,1.4599990844726562,2017,0.0031847133757962887,0.0017967894301751121,0.0012715657728310514,-0.012024443089811654
2017-02-09,315.0,315.0,314.0,315.0,55.630001068115234,55.91999816894531,55.20000076293945,55.2599983215332,29628,0.0,0.7199974060058594,2017,0.0,0.0016938139222360672,0.00925257884820918,0.0012715657728310514
2017-02-10,315.0,315.0,314.0,315.0,56.70000076293945,56.869998931884766,55.58000183105469,55.689998626708984,30763,0.0,1.2899971008300781,2017,0.0,0.0016938139222360672,0.019234220281859615,0.00925257884820918
2017-02-13,315.0,315.0,314.0,314.5,55.59000015258789,56.79999923706055,55.43000030517578,56.77000045776367,25049,0.5,1.3699989318847656,2017,0.0,0.0016704637034918386,-0.0195767300778783,0.019234220281859615
2017-02-14,314.0,314.0,314.0,314.0,55.970001220703125,56.45000076293945,55.54999923706055,55.709999084472656,25975,0.0,0.9000015258789062,2017,-0.0031746031746031633,0.001771517631015973,0.006835781023064813,-0.0195767300778783
2017-02-16,314.0,315.0,314.0,314.0,55.650001525878906,56.22999954223633,55.130001068115234,55.66999816894531,32712,0.0,1.0999984741210938,2017,0.0,0.0017684501463030788,-0.005717343002412778,0.006835781023064813
2017-02-17,314.0,315.0,314.0,315.0,55.810001373291016,55.869998931884766,55.11000061035156,55.66999816894531,27599,-1.0,0.7599983215332031,2017,0.0,0.001759229722089217,0.002875109488320593,-0.005717343002412778
2017-02-21,314.5,315.0,314.0,315.0,56.65999984741211,57.29999923706055,55.709999084472656,55.90999984741211,57648,-0.5,1.5900001525878906,2017,0.0015923566878981443,0.001759229722089217,0.015230217760357823,0.002875109488320593
2017-02-22,315.0,315.0,314.0,314.5,55.84000015258789,56.9900016784668,55.58000183105469,56.689998626708984,36358,0.5,1.4099998474121094,2017,0.0015898251192367763,0.0017829684815214388,-0.014472285510633842,0.015230217760357823
2017-02-23,314.0,315.0,314.0,314.0,56.58000183105469,57.349998474121094,56.150001525878906,56.189998626708984,36155,0.0,1.1999969482421875,2017,-0.0031746031746031633,0.0018523373567937026,0.01325217901942466,-0.014472285510633842
2017-02-24,314.0,315.0,314.0,314.0,55.9900016784668,56.650001525878906,55.75,56.5099983215332,18720,0.0,0.9000015258789062,2017,0.0,0.0017592297220892167,-0.010427715332169907,0.01325217901942466
2017-02-27,314.0,315.0,314.0,315.0,55.93000030517578,56.7599983215332,55.90999984741211,56.040000915527344,10972,-1.0,0.8499984741210938,2017,0.0,0.0017334083736469514,-0.0010716444274387893,-0.010427715332169907
2017-02-28,314.0,315.0,314.0,314.0,55.59000015258789,56.06999969482422,55.27000045776367,55.97999954223633,685,0.0,0.7999992370605469,2017,0.0,0.0017290315643772806,-0.0060790300506475825,-0.0010716444274387893
2017-03-01,315.0,315.0,314.0,314.5,55.599998474121094,55.599998474121094,55.599998474121094,55.599998474121094,25932,0.5,0.0,2017,0.0031847133757962887,0.0018196550506170647,0.00017985827497324358,-0.0060790300506475825
2017-03-02,314.0,315.0,314.0,314.5,55.08000183105469,56.439998626708984,55.0099983215332,56.310001373291016,34925,-0.5,1.4300003051757812,2017,-0.0031746031746031633,0.0019098250679058923,-0.009352457865775654,0.00017985827497324358
2017-03-03,315.0,315.0,314.0,314.5,55.900001525878906,55.939998626708984,55.09000015258789,55.18000030517578,24688,0.5,0.8499984741210938,2017,0.0031847133757962887,0.0020020994103868983,0.014887430420561287,-0.009352457865775654
2017-03-06,315.0,315.0,314.0,315.0,56.0099983215332,56.2400016784668,55.31999969482422,55.79999923706055,25402,0.0,0.9200019836425781,2017,0.0,0.0020020994103868983,0.0019677422656845245,0.014887430420561287
2017-03-07,315.0,315.0,314.0,314.5,55.91999816894531,56.63999938964844,55.54999923706055,55.9900016784668,28162,0.5,1.0900001525878906,2017,0.0,0.0020020994103868983,-0.0016068586910363836,0.0019677422656845245
2017-03-08,315.0,315.0,314.0,314.5,53.11000061035156,55.7599983215332,52.939998626708984,55.61000061035156,43000,0.5,2.8199996948242188,2017,0.0,0.0020020994103868983,-0.05025031564028659,-0.0016068586910363836
2017-03-09,315.0,315.0,314.0,314.5,52.189998626708984,53.849998474121094,51.47999954223633,53.130001068115234,61215,0.5,2.3699989318847656,2017,0.0,0.0020020994103868983,-0.017322575279038133,-0.05025031564028659
2017-03-10,315.0,315.0,314.0,314.5,51.369998931884766,53.0099983215332,51.150001525878906,52.439998626708984,41261,0.5,1.8599967956542969,2017,0.0,0.0020020994103868983,-0.015711816754188868,-0.017322575279038133
2017-03-13,315.0,315.0,314.0,315.0,51.349998474121094,51.689998626708984,50.84000015258789,51.369998931884766,28880,0.0,0.8499984741210938,2017,0.0,0.0019102023244889571,-0.00038934121431832835,-0.015711816754188868
2017-03-14,315.0,314.5,314.0,314.29998779296875,50.91999816894531,51.83000183105469,50.25,51.400001525878906,49660,0.70001220703125,1.5800018310546875,2017,0.0,0.0019102023244889571,-0.00837391076832239,-0.00038934121431832835
2017-03-15,314.0,315.0,314.0,314.20001220703125,51.810001373291016,52.040000915527344,51.36000061035156,51.790000915527344,36290,-0.20001220703125,0.6800003051757812,2017,-0.0031746031746031633,0.0019098250679058925,0.017478461043788807,-0.00837391076832239
2017-03-16,315.0,315.0,314.0,314.5,51.7400016784668,52.59000015258789,51.5,52.09000015258789,28932,0.5,1.0900001525878906,2017,0.0031847133757962887,0.0020020994103868987,-0.001351084596965535,0.017478461043788807
2017-03-17,315.0,315.0,310.0,310.0,51.7599983215332,52.16999816894531,51.529998779296875,51.720001220703125,20151,5.0,0.6399993896484375,2017,0.0,0.0020020994103868987,0.0003864832318845046,-0.001351084596965535
2017-03-20,315.0,315.0,314.0,315.0,51.619998931884766,51.93000030517578,51.0099983215332,51.75,25177,0.0,0.9200019836425781,2017,0.0,0.0020020994103868987,-0.0027047796404234825,0.0003864832318845046
2017-03-21,315.0,315.0,314.0,314.5,50.959999084472656,52.209999084472656,50.72999954223633,51.65999984741211,30377,0.5,1.4799995422363281,2017,0.0,0.0019102023244889574,-0.012785739269057572,-0.0027047796404234825
2017-03-22,314.0,315.0,307.5,307.5,50.63999938964844,50.970001220703125,49.63999938964844,50.869998931884766,39102,6.5,1.3300018310546875,2017,-0.0031746031746031633,0.0019098250679058927,-0.006279428975141443,-0.012785739269057572
2017-03-23,314.0,315.0,306.5,306.5,50.560001373291016,51.09000015258789,50.2599983215332,50.7599983215332,35569,7.5,0.8300018310546875,2017,0.0,0.001819655050617065,-0.0015797396785469653,-0.006279428975141443
2017-03-24,314.0,315.0,314.0,315.0,50.79999923706055,51.04999923706055,50.400001525878906,50.599998474121094,27105,-1.0,0.6499977111816406,2017,0.0,0.0017175855802730297,0.004746793062713639,-0.0015797396785469653
2017-03-27,315.0,315.0,314.0,315.0,50.75,51.099998474121094,50.029998779296875,51.02000045776367,27398,0.0,1.0699996948242188,2017,0.0031847133757962887,0.001819655050617065,-0.0009842369647925509,0.004746793062713639
2017-03-28,314.0,315.0,314.0,314.0,51.33000183105469,51.869998931884766,50.790000915527344,50.86000061035156,27375,0.0,1.0799980163574219,2017,-0.0031746031746031633,0.0019098250679058927,0.01142860750846686,-0.0009842369647925509
2017-03-29,315.0,315.0,314.0,315.0,52.41999816894531,52.459999084472656,51.34000015258789,51.34000015258789,17105,0.0,1.1199989318847656,2017,0.0031847133757962887,0.0020020994103868987,0.021235073037366936,0.01142860750846686
2017-03-30,314.0,315.0,314.0,314.0,52.959999084472656,53.09000015258789,52.029998779296875,52.400001525878906,14493,0.0,1.0600013732910156,2017,-0.0031746031746031633,0.0020020994103868987,0.010301429499996573,0.021235073037366936
2017-03-31,315.0,315.0,314.0,315.0,52.83000183105469,53.31999969482422,52.400001525878906,52.650001525878906,31997,0.0,0.9199981689453125,2017,0.0031847133757962887,0.0020847197527998477,-0.0024546309604466243,0.010301429499996573
2017-04-03,315.0,315.0,314.0,315.0,53.119998931884766,53.720001220703125,53.040000915527344,53.63999938964844,18746,0.0,0.6800003051757812,2017,0.0,0.0020847197527998477,0.0054892502513526065,-0.0024546309604466243
2017-04-04,314.0,315.0,314.0,315.0,54.16999816894531,54.36000061035156,52.75,53.13999938964844,27204,-1.0,1.6100006103515625,2017,-0.0031746031746031633,0.0021483854865575872,0.019766552299953055,0.0054892502513526065
2017-04-05,315.0,315.0,314.0,315.0,54.36000061035156,55.08000183105469,53.97999954223633,54.27000045776367,33157,0.0,1.1000022888183594,2017,0.0031847133757962887,0.002209254557241401,0.0035075216508899665,0.019766552299953055
2017-04-06,315.0,315.0,314.0,314.0,54.88999938964844,54.9900016784668,54.02000045776367,54.150001525878906,21011,1.0,0.970001220703125,2017,0.0,0.002126307670880801,0.009749793475829271,0.0035075216508899665
2017-04-07,315.0,315.0,314.0,315.0,55.2400016784668,56.06999969482422,54.56999969482422,54.75,34387,0.0,1.5,2017,0.0,0.002126307670880801,0.0063764309110989625,0.009749793475829271
2017-04-10,315.0,315.0,306.1499938964844,306.1499938964844,55.97999954223633,56.04999923706055,55.2400016784668,55.2400016784668,29224,8.850006103515625,0.80999755859375,2017,0.0,0.002126307670880801,0.01339605071116412,0.0063764309110989625
2017-04-11,315.0,315.0,314.0,315.0,56.22999954223633,56.279998779296875,55.459999084472656,56.04999923706055,32054,0.0,0.8199996948242188,2017,0.0,0.002126307670880801,0.004465880708187209,0.01339605071116412
2017-04-12,315.0,315.0,314.0,315.0,55.86000061035156,56.630001068115234,55.5099983215332,56.279998779296875,33978,0.0,1.1200027465820312,2017,0.0,0.0020453724469334526,-0.006580098433165538,0.004465880708187209
2017-04-13,315.0,315.0,306.1000061035156,306.1000061035156,55.88999938964844,56.060001373291016,55.58000183105469,55.66999816894531,27171,8.899993896484375,0.4799995422363281,2017,0.0,0.001955505265360851,0.000537035069264169,-0.006580098433165538
2017-04-17,314.0,315.0,313.0,314.0,55.36000061035156,55.970001220703125,55.29999923706055,55.849998474121094,18101,0.0,0.6700019836425781,2017,-0.0031746031746031633,0.0019551462149095173,-0.009482891126941673,0.000537035069264169
2017-04-18,314.0,315.0,314.0,314.0,54.88999938964844,55.4900016784668,54.619998931884766,55.47999954223633,38436,0.0,0.8700027465820312,2017,0.0,0.0019551462149095173,-0.008489906349734455,-0.009482891126941673
2017-04-19,314.0,315.0,314.0,314.0,52.93000030517578,55.220001220703125,52.59000015258789,54.7400016784668,43655,0.0,2.6300010681152344,2017,0.0,0.0019551462149095173,-0.03570776291249678,-0.008489906349734455
2017-04-20,314.0,315.0,314.0,314.0,52.9900016784668,53.540000915527344,52.689998626708984,53.060001373291016,48381,0.0,0.8500022888183594,2017,0.0,0.0019551462149095173,0.0011335985819964645,-0.03570776291249678
2017-04-21,315.0,315.0,314.0,315.0,51.959999084472656,53.279998779296875,51.56999969482422,53.029998779296875,36665,0.0,1.7099990844726562,2017,0.0031847133757962887,0.0020453724469334526,-0.01943767807829111,0.0011335985819964645
2017-04-24,315.0,315.0,315.0,315.0,51.599998474121094,52.58000183105469,51.43000030517578,52.04999923706055,27284,0.0,1.1500015258789062,2017,0.0,0.0020453724469334526,-0.006928418335156228,-0.01943767807829111
2017-04-25,314.0,315.0,314.0,314.0,52.099998474121094,52.380001068115234,51.310001373291016,51.650001525878906,31348,0.0,1.0699996948242188,2017,-0.0031746031746031633,0.0021260122276922358,0.009689922767163628,-0.006928418335156228
2017-04-26,314.0,315.0,314.0,314.0,51.81999969482422,52.439998626708984,51.400001525878906,51.86000061035156,24549,0.0,1.0399971008300781,2017,0.0,0.0021260122276922358,-0.005374256957722423,0.009689922767163628
2017-04-27,314.0,315.0,314.0,314.0,51.439998626708984,51.75,50.43000030517578,51.470001220703125,20588,0.0,1.3199996948242188,2017,0.0,0.002045372446933452,-0.00733309668763249,-0.005374256957722423
2017-04-28,315.0,315.0,314.0,315.0,51.72999954223633,52.099998474121094,51.40999984741211,51.43000030517578,33680,0.0,0.6899986267089844,2017,0.0031847133757962887,0.002045372446933452,0.005637654029344574,-0.00733309668763249
2017-05-01,314.0,315.0,314.0,315.0,51.52000045776367,51.97999954223633,51.220001220703125,51.849998474121094,12936,-1.0,0.7599983215332031,2017,-0.0031746031746031633,0.0021260122276922358,-0.004059522256542825,0.005637654029344574
2017-05-02,314.0,315.0,314.0,314.0,50.459999084472656,52.13999938964844,50.15999984741211,51.38999938964844,38556,0.0,1.9799995422363281,2017,0.0,0.0021260122276922358,-0.02057456063417562,-0.004059522256542825
2017-05-03,314.0,314.5,314.0,314.5,50.790000915527344,51.119998931884766,50.209999084472656,51.04999923706055,34131,-0.5,0.9099998474121094,2017,0.0,0.0021260122276922358,0.006539869937418175,-0.02057456063417562
2017-05-04,315.0,315.0,314.0,315.0,48.380001068115234,50.720001220703125,48.18000030517578,50.619998931884766,52061,0.0,2.5400009155273438,2017,0.0031847133757962887,0.0021263076708808006,-0.047450281629653035,0.006539869937418175
2017-05-05,315.0,315.0,314.5,315.0,49.099998474121094,49.619998931884766,46.650001525878906,48.38999938964844,54485,0.0,2.9699974060058594,2017,0.0,0.0021263076708808006,0.014882128774494241,-0.047450281629653035
2017-05-08,314.0,315.0,314.1000061035156,314.1000061035156,49.34000015258789,49.880001068115234,48.4900016784668,49.290000915527344,35179,-0.100006103515625,1.3899993896484375,2017,-0.0031746031746031633,0.0022092545572414005,0.004888018043285536,0.014882128774494241
2017-05-09,314.0,315.0,314.5,314.5,48.72999954223633,49.709999084472656,48.40999984741211,49.439998626708984,33410,-0.5,1.2999992370605469,2017,0.0,0.0021260122276922358,-0.012363206495036194,0.004888018043285536
2017-05-10,314.0,315.0,314.0,314.0,50.220001220703125,50.619998931884766,48.849998474121094,48.9900016784668,37961,0.0,1.7700004577636719,2017,0.0,0.002045372446933452,0.030576681560921193,-0.012363206495036194
2017-05-11,315.0,315.0,314.0,314.5,50.77000045776367,51.150001525878906,50.2400016784668,50.279998779296875,31243,0.5,0.9099998474121094,2017,0.0031847133757962887,0.002045372446933452,0.010951796568929861,0.030576681560921193
2017-05-12,314.0,315.0,314.0,314.0,50.84000015258789,51.08000183105469,50.34000015258789,50.77000045776367,29339,0.0,0.7400016784667969,2017,-0.0031746031746031633,0.002045372446933452,0.0013787609650004473,0.010951796568929861
2017-05-15,315.0,315.0,314.0,314.5,51.81999969482422,52.619998931884766,50.650001525878906,50.84000015258789,31972,0.5,1.9699974060058594,2017,0.0031847133757962887,0.002045372446933452,0.019276151441680156,0.0013787609650004473
2017-05-16,316.0,316.0,315.0,315.0,51.650001525878906,52.349998474121094,51.189998626708984,51.86000061035156,29359,1.0,1.1599998474121094,2017,0.0031746031746031633,0.002125803986448156,-0.003280551330498982,0.019276151441680156
2017-05-17,315.0,314.5,314.5,314.5,52.209999084472656,52.599998474121094,51.04999923706055,51.2400016784668,32800,0.5,1.5499992370605469,2017,-0.0031645569620253333,0.002125269803159351,0.01084215957502277,-0.003280551330498982
2017-05-18,314.0,315.0,314.0,315.0,52.5099983215332,52.7400016784668,51.11000061035156,52.099998474121094,41239,-1.0,1.6300010681152344,2017,-0.0031746031746031633,0.002124973995561876,0.005746011153441533,0.01084215957502277
2017-05-19,315.0,315.0,314.0,314.5,53.61000061035156,53.790000915527344,52.529998779296875,52.529998779296875,34681,0.5,1.2600021362304688,2017,0.0031847133757962887,0.002208255568697016,0.020948435040556213,0.005746011153441533
2017-05-22,314.0,315.0,314.0,314.5,53.869998931884766,54.369998931884766,53.650001525878906,53.869998931884766,41324,-0.5,0.7199974060058594,2017,-0.0031746031746031633,0.002283165679258431,0.004849810083437989,0.020948435040556213
2017-05-23,315.0,316.0,314.5,314.5,54.150001525878906,54.470001220703125,53.209999084472656,53.849998474121094,39671,0.5,1.2600021362304688,2017,0.0031847133757962887,0.0023608578261314797,0.005197746418153626,0.004849810083437989
2017-05-24,317.0,320.0,315.0,316.0,53.959999084472656,54.619998931884766,53.66999816894531,54.20000076293945,52627,1.0,0.9500007629394531,2017,0.006349206349206327,0.002629870233808546,-0.0035088169169384953,0.005197746418153626
2017-05-25,321.0,321.0,320.0,321.0,51.459999084472656,54.65999984741211,51.029998779296875,53.90999984741211,72089,0.0,3.6300010681152344,2017,0.012618296529968376,0.003469449274348787,-0.04633061605665212,-0.0035088169169384953
2017-05-26,321.0,321.0,320.0,320.0,52.150001525878906,52.2599983215332,50.709999084472656,51.369998931884766,28004,1.0,1.5499992370605469,2017,0.0,0.003469449274348787,0.013408520281424696,-0.04633061605665212
2017-05-30,314.5,324.0,320.0,320.0,51.84000015258789,52.599998474121094,51.20000076293945,52.29999923706055,18705,-5.5,1.3999977111816406,2017,-0.02024922118380057,0.005122610090581789,-0.005944417338840879,0.013408520281424696
2017-05-31,324.0,324.0,323.0,324.0,50.310001373291016,51.75,49.83000183105469,51.66999816894531,545,0.0,1.9199981689453125,2017,0.030206677265500748,0.00751790245759261,-0.029513865254502614,-0.005944417338840879
2017-06-01,324.0,324.0,323.0,324.0,50.33000183105469,50.33000183105469,50.33000183105469,50.33000183105469,43640,0.0,0.0,2017,0.0,0.00751790245759261,0.0003975443692652014,-0.029513865254502614
2017-06-02,314.5,323.0,321.0,321.0,49.95000076293945,50.5099983215332,48.959999084472656,50.400001525878906,44207,-6.5,1.5499992370605469,2017,-0.029320987654321007,0.009345871061637265,-0.007550189832911225,0.0003975443692652014
2017-06-05,322.0,322.0,320.0,322.0,49.470001220703125,50.72999954223633,49.04999923706055,49.959999084472656,38387,0.0,1.6800003051757812,2017,0.0238473767885532,0.010294622777471535,-0.009609600298394083,-0.007550189832911225
2017-06-06,321.0,323.0,321.0,321.0,50.119998931884766,50.29999923706055,48.9900016784668,49.47999954223633,41397,0.0,1.30999755859375,2017,-0.0031055900621117516,0.010318366077135908,0.013139229738074354,-0.009609600298394083
2017-06-07,322.0,322.0,321.0,322.0,48.060001373291016,50.130001068115234,47.970001220703125,49.9900016784668,50234,0.0,2.1599998474121094,2017,0.0031152647975076775,0.010301219501314714,-0.04110130890851327,0.013139229738074354
2017-06-08,322.0,322.0,321.0,322.0,47.86000061035156,48.58000183105469,47.560001373291016,48.22999954223633,40901,0.0,1.0200004577636719,2017,0.0,0.010301219501314714,-0.0041614805914383934,-0.04110130890851327
2017-06-09,322.0,322.0,321.0,322.0,48.150001525878906,48.540000915527344,47.439998626708984,47.90999984741211,29536,0.0,1.1000022888183594,2017,0.0,0.010301219501314714,0.006059358792916969,-0.0041614805914383934
2017-06-12,321.0,321.0,320.0,321.0,48.290000915527344,49.119998931884766,48.0099983215332,48.18000030517578,28229,0.0,1.1100006103515625,2017,-0.0031055900621117516,0.010316911675442143,0.002907567709487857,0.006059358792916969
2017-06-13,321.0,322.0,321.0,321.0,48.720001220703125,48.810001373291016,47.880001068115234,48.27000045776367,26775,0.0,0.9300003051757812,2017,0.0,0.010292257608948844,0.008904541251261833,0.002907567709487857
2017-06-14,322.0,322.0,322.0,322.0,47.0,48.68000030517578,46.77000045776367,48.18000030517578,44939,0.0,1.9099998474121094,2017,0.0031152647975076775,0.010299762984066917,-0.035303800854016076,0.008904541251261833
2017-06-15,232.0,321.0,321.0,321.0,46.91999816894531,47.189998626708984,46.70000076293945,46.9900016784668,26749,-89.0,0.48999786376953125,2017,-0.2795031055900621,0.05222366145903821,-0.001702166618184786,-0.035303800854016076
2017-06-16,232.0,322.0,321.0,321.0,47.369998931884766,47.599998474121094,46.81999969482422,46.84000015258789,19728,-89.0,0.779998779296875,2017,0.0,0.052202477397600526,0.009590809473587925,-0.001702166618184786
2017-06-19,322.0,322.0,320.0,322.0,46.90999984741211,47.75,46.77000045776367,47.29999923706055,19703,0.0,0.9799995422363281,2017,0.3879310344827587,0.08927335409176214,-0.009710768310003726,0.009590809473587925
2017-06-20,320.0,323.0,320.0,320.0,46.02000045776367,47.220001220703125,45.43000030517578,46.900001525878906,30670,0.0,1.7900009155273438,2017,-0.006211180124223614,0.0892839572495417,-0.018972487583530318,-0.009710768310003726
2017-06-21,321.0,315.0,314.29998779296875,315.0,44.81999969482422,46.61000061035156,44.36000061035156,45.84000015258789,40210,6.0,2.25,2017,0.0031250000000000444,0.08928059390014688,-0.026075635615014692,-0.018972487583530318
2017-06-22,320.0,321.0,320.0,320.0,45.220001220703125,45.779998779296875,44.54999923706055,44.84000015258789,28351,0.0,1.2299995422363281,2017,-0.0031152647975077885,0.08928770090857298,0.008924621343205708,-0.026075635615014692
2017-06-23,322.0,322.0,321.0,322.0,45.540000915527344,45.7400016784668,45.040000915527344,45.290000915527344,27319,0.0,0.7000007629394531,2017,0.006250000000000089,0.08928813756653804,0.007076507876733862,0.008924621343205708
2017-06-26,321.0,320.0,320.0,320.0,45.83000183105469,46.220001220703125,45.040000915527344,45.689998626708984,22998,1.0,1.1800003051757812,2017,-0.0031055900621117516,0.08928793658340443,0.00636804808294289,0.007076507876733862
2017-06-27,345.0,348.0,345.0,345.0,46.650001525878906,47.040000915527344,45.81999969482422,45.959999084472656,29887,0.0,1.220001220703125,2017,0.07476635514018692,0.0902060117834995,0.017892202968854853,0.00636804808294289
2017-06-28,347.0,315.0,314.3999938964844,314.8999938964844,47.310001373291016,47.470001220703125,46.189998626708984,46.25,13352,32.100006103515625,1.2800025939941406,2017,0.005797101449275255,0.0902036601062707,0.014147906234171836,0.017892202968854853
2017-06-29,348.0,349.0,346.0,348.0,47.41999816894531,48.0,47.189998626708984,47.439998626708984,9980,0.0,0.8100013732910156,2017,0.0028818443804035088,0.09018720725824851,0.002325022034693758,0.014147906234171836
2017-06-30,345.0,345.0,314.5,314.5,47.91999816894531,48.20000076293945,47.47999954223633,47.47999954223633,23479,30.5,0.720001220703125,2017,-0.008620689655172376,0.09021403106347149,0.010544074637426792,0.002325022034693758
2017-07-03,345.0,346.0,315.0,315.0,49.68000030517578,49.70000076293945,48.540000915527344,48.88999938964844,17462,30.0,1.1599998474121094,2017,0.0,0.09022042158918031,0.03672792578216422,0.010544074637426792
2017-07-05,314.5,346.0,314.5,314.5,47.790000915527344,49.88999938964844,47.279998779296875,49.599998474121094,40863,0.0,2.6100006103515625,2017,-0.08840579710144925,0.09187185159401975,-0.038043465741515514,0.03672792578216422
2017-07-06,349.0,315.0,314.0,314.0,48.11000061035156,49.16999816894531,47.779998779296875,48.29999923706055,25556,35.0,1.3899993896484375,2017,0.10969793322734489,0.09387756826893635,0.00669595498417852,-0.038043465741515514
2017-07-07,348.0,348.0,314.5,314.5,46.709999084472656,47.9900016784668,46.279998779296875,47.97999954223633,28644,33.5,1.7100028991699219,2017,-0.002865329512893977,0.0938965308712937,-0.02910001056158118,0.00669595498417852
2017-07-10,347.0,348.0,315.0,315.0,46.880001068115234,47.369998931884766,46.119998931884766,46.900001525878906,21447,32.0,1.25,2017,-0.002873563218390829,0.09390825511748685,0.003639520166445198,-0.02910001056158118
2017-07-12,348.0,315.0,314.20001220703125,315.0,47.7400016784668,48.75,47.349998474121094,48.209999084472656,31345,33.0,1.4000015258789062,2017,0.0028818443804035088,0.09390266534245308,0.018344722499088917,0.003639520166445198
2017-07-13,349.0,348.0,314.5,315.0,48.41999816894531,48.529998779296875,47.18000030517578,47.650001525878906,22846,34.0,1.3499984741210938,2017,0.002873563218390718,0.09376803291591036,0.014243746681417147,0.018344722499088917
2017-07-14,347.0,349.0,314.5,348.0,48.90999984741211,49.08000183105469,48.15999984741211,48.400001525878906,22014,-1.0,0.9200019836425781,2017,-0.005730659025787954,0.0936980281399376,0.010119820260155787,0.014243746681417147
2017-07-17,348.0,348.0,314.29998779296875,315.0,48.41999816894531,49.25,48.310001373291016,49.060001373291016,17905,33.0,0.9399986267089844,2017,0.0028818443804035088,0.09369277698951166,-0.010018435493671873,0.010119820260155787
2017-07-18,348.0,314.5,314.20001220703125,314.5,48.84000015258789,49.400001525878906,48.2400016784668,48.40999984741211,20301,33.5,1.1599998474121094,2017,0.0,0.09345951054846766,0.008674142906348825,-0.010018435493671873
2017-07-19,346.0,348.0,314.5,315.0,49.70000076293945,49.79999923706055,48.599998474121094,48.70000076293945,20340,31.0,1.2000007629394531,2017,-0.005747126436781658,0.09343629389945667,0.017608530050465143,0.008674142906348825
2017-07-20,347.0,348.0,346.0,348.0,49.29999923706055,50.18000030517578,49.189998626708984,49.599998474121094,26566,-1.0,0.9900016784667969,2017,0.0028901734104045396,0.09342160332797414,-0.008048320316670576,0.017608530050465143
2017-07-21,346.0,346.0,315.0,315.0,48.060001373291016,49.63999938964844,47.810001373291016,49.27000045776367,27053,31.0,1.8299980163574219,2017,-0.0028818443804035088,0.0934358004535495,-0.02515208687543713,-0.008048320316670576
2017-07-24,348.0,347.0,314.3999938964844,314.3999938964844,48.599998474121094,48.7599983215332,47.68000030517578,47.88999938964844,25408,33.600006103515625,1.0799980163574219,2017,0.005780346820809301,0.09342804140161635,0.011235894411151248,-0.02515208687543713
2017-07-25,346.0,348.0,314.5,314.5,50.20000076293945,50.900001525878906,48.650001525878906,48.7400016784668,27529,31.5,2.25,2017,-0.005747126436781658,0.09344798109443075,0.0329218588282536,0.011235894411151248
2017-07-26,348.0,348.0,314.5,314.5,50.970001220703125,51.029998779296875,50.08000183105469,50.7599983215332,26137,33.5,0.9499969482421875,2017,0.005780346820809301,0.09343078893549413,0.015338654304008159,0.0329218588282536
2017-07-27,347.0,347.0,315.0,315.0,51.4900016784668,51.63999938964844,50.5099983215332,50.869998931884766,21851,32.0,1.1300010681152344,2017,-0.002873563218390829,0.09343939712709823,0.010202088391405795,0.015338654304008159
2017-07-28,348.0,314.29998779296875,314.29998779296875,314.29998779296875,52.52000045776367,52.66999816894531,51.310001373291016,51.58000183105469,12631,33.70001220703125,1.3599967956542969,2017,0.0028818443804035088,0.09343970981465004,0.020003859889707876,0.010202088391405795
2017-07-31,314.29998779296875,348.0,314.5,314.5,52.650001525878906,52.849998474121094,52.25,52.7599983215332,844,-0.20001220703125,0.5999984741210938,2017,-0.09683911553744617,0.07898534762450582,0.0024752678404826867,0.020003859889707876
2017-08-01,342.0,365.0,356.0,365.0,52.630001068115234,52.630001068115234,52.630001068115234,52.630001068115234,33859,-23.0,0.0,2017,0.0881323998818524,0.0801269146597152,-0.00037987572999098607,0.0024752678404826867
2017-08-02,364.0,366.0,364.0,366.0,52.36000061035156,52.41999816894531,51.189998626708984,51.56999969482422,34625,-2.0,1.2299995422363281,2017,0.06432748538011701,0.040032654155503104,-0.0051301624982722505,-0.00037987572999098607
2017-08-03,364.0,365.0,361.0,365.0,52.0099983215332,52.869998931884766,51.790000915527344,52.290000915527344,34779,-1.0,1.0799980163574219,2017,0.0,0.03998943689594634,-0.00668453561379756,-0.0051301624982722505
2017-08-04,362.0,366.0,361.0,363.5,52.41999816894531,52.52000045776367,51.439998626708984,51.90999984741211,26969,-1.5,1.0800018310546875,2017,-0.005494505494505475,0.040034842768212106,0.00788309672454579,-0.00668453561379756
2017-08-07,361.0,365.0,361.0,365.0,52.369998931884766,52.560001373291016,51.369998931884766,52.380001068115234,29496,-4.0,1.19000244140625,2017,-0.002762430939226568,0.04003249389073526,-0.0009538198933048969,0.00788309672454579
2017-08-09,361.0,368.0,365.0,365.0,52.70000076293945,52.81999969482422,51.83000183105469,51.83000183105469,26143,-4.0,0.9899978637695312,2017,0.0,0.0400409273759595,0.006301352640543323,-0.0009538198933048969
2017-08-10,365.0,368.0,365.0,365.0,51.900001525878906,53.630001068115234,51.68000030517578,52.779998779296875,52899,0.0,1.9500007629394531,2017,0.011080332409972193,0.04003070571960403,-0.01518025095785458,0.006301352640543323
2017-08-11,365.0,368.0,365.0,365.0,52.099998474121094,52.27000045776367,51.310001373291016,51.91999816894531,25318,0.0,0.9599990844726562,2017,0.0,0.0378069583129843,0.0038535056331832074,-0.01518025095785458
2017-08-14,364.67999267578125,366.0,365.0,366.0,50.72999954223633,52.38999938964844,50.58000183105469,52.0099983215332,29797,-1.32000732421875,1.80999755859375,2017,-0.0008767323951198724,0.03780693860244589,-0.02629556568154734,0.0038535056331832074
2017-08-15,365.0,368.0,363.0,366.0,50.79999923706055,51.099998474121094,50.029998779296875,50.650001525878906,35111,-1.0,1.0699996948242188,2017,0.0008775017293127796,0.03780772950258741,0.0013798481264708506,-0.02629556568154734
2017-08-16,363.0,363.0,361.0,361.0,50.27000045776367,51.349998474121094,50.150001525878906,50.959999084472656,33911,2.0,1.1999969482421875,2017,-0.005479452054794498,0.03778084258465885,-0.010433046993241324,0.0013798481264708506
2017-08-17,363.0,362.0,362.0,362.0,51.029998779296875,51.11000061035156,49.9900016784668,50.380001068115234,43863,1.0,1.1199989318847656,2017,0.0,0.03778084258465885,0.0151183273246982,-0.010433046993241324
2017-08-18,362.0,362.0,361.0,361.5,52.720001220703125,52.95000076293945,50.779998779296875,50.86000061035156,41235,0.5,2.170001983642578,2017,-0.0027548209366391463,0.033699237805343146,0.03311782249330353,0.0151183273246982
2017-08-21,362.0,365.0,362.0,365.0,51.65999984741211,52.900001525878906,51.290000915527344,52.900001525878906,33088,-3.0,1.6100006103515625,2017,0.0,0.02732189944627953,-0.020106247131017718,0.03311782249330353
2017-08-22,362.0,360.5,360.0,360.5,51.869998931884766,52.27000045776367,51.400001525878906,51.68000030517578,36291,1.5,0.8699989318847656,2017,0.0,0.027310822368602678,0.00406502294024258,-0.020106247131017718
2017-08-23,360.0,367.0,360.5,367.0,52.56999969482422,52.619998931884766,51.45000076293945,51.630001068115234,31540,-7.0,1.1699981689453125,2017,-0.0055248618784530246,0.027330340201560065,0.013495291639752827,0.00406502294024258
2017-08-24,361.0,365.0,359.0,359.0,52.040000915527344,52.709999084472656,51.61000061035156,52.54999923706055,38326,2.0,1.0999984741210938,2017,0.002777777777777768,0.02733017707731524,-0.010081772538968803,0.013495291639752827
2017-08-25,365.0,365.0,359.0,359.0,52.40999984741211,52.790000915527344,51.91999816894531,52.20000076293945,32957,6.0,0.8700027465820312,2017,0.011080332409972193,0.027384530622043837,0.007109894799682159,-0.010081772538968803
2017-08-28,351.0,361.0,350.0,361.0,51.88999938964844,53.15999984741211,51.52000045776367,52.66999816894531,23706,-10.0,1.6399993896484375,2017,-0.0383561643835616,0.028327917544105654,-0.009921779417622845,0.007109894799682159
2017-08-29,352.0,359.0,352.0,359.0,52.0,52.150001525878906,51.369998931884766,52.150001525878906,20366,-7.0,0.7800025939941406,2017,0.002849002849002913,0.0283278338233919,0.0021198807409026355,-0.009921779417622845
2017-08-30,355.0,360.0,350.0,359.0,50.86000061035156,52.02000045776367,50.630001068115234,51.880001068115234,20366,-4.0,1.3899993896484375,2017,0.008522727272727293,0.028362553205432003,-0.021923065185546875,0.0021198807409026355
2017-08-31,350.0,358.0,350.0,358.0,52.380001068115234,52.380001068115234,50.130001068115234,50.5099983215332,9938,-8.0,2.25,2017,-0.014084507042253502,0.02847213570560811,0.029885970104654325,-0.021923065185546875
2017-09-01,350.0,354.0,350.0,350.0,52.31999969482422,52.31999969482422,52.31999969482422,52.31999969482422,43495,0.0,0.0,2017,0.0,0.02846962791366709,-0.0011455015667714008,0.029885970104654325
2017-09-05,358.0,361.0,358.5,359.0,53.380001068115234,53.650001525878906,51.97999954223633,52.79999923706055,24873,-1.0,1.6700019836425781,2017,0.02285714285714291,0.02874507558893954,0.020259965204011188,-0.0011455015667714008
2017-09-06,357.0,359.0,357.0,358.5,54.20000076293945,54.29999923706055,53.09000015258789,53.18000030517578,30783,-1.5,1.2099990844726562,2017,-0.0027932960893854997,0.028744068114485526,0.015361552611770524,0.020259965204011188
2017-09-07,358.0,358.0,358.0,358.0,54.4900016784668,54.66999816894531,53.88999938964844,54.08000183105469,34793,0.0,0.779998779296875,2017,0.0028011204481792618,0.02871464048978553,0.00535057032186681,0.015361552611770524
2017-09-08,359.0,359.0,354.0,359.0,53.779998779296875,54.86000061035156,53.560001373291016,54.540000915527344,28912,0.0,1.2999992370605469,2017,0.0027932960893854997,0.028704598540628772,-0.013029966549817473,0.00535057032186681
2017-09-11,353.0,359.0,350.0,358.0,53.84000015258789,54.11000061035156,53.040000915527344,53.75,30263,-5.0,1.0699996948242188,2017,-0.01671309192200554,0.028886910818526904,0.001115681938507418,-0.013029966549817473
2017-09-12,351.0,359.1600036621094,352.0,359.0,54.27000045776367,54.439998626708984,53.43000030517578,53.86000061035156,22720,-8.0,1.0099983215332031,2017,-0.005665722379603388,0.028909616751225817,0.007986632688653739,0.001115681938507418
2017-09-13,351.0,359.0,351.0,359.0,55.15999984741211,55.20000076293945,54.029998779296875,54.2599983215332,24868,-8.0,1.1700019836425781,2017,0.0,0.0222933536354871,0.016399472676273286,0.007986632688653739
2017-09-14,351.0,361.0,350.0,361.0,55.470001220703125,56.0,54.93000030517578,55.06999969482422,27549,-10.0,1.0699996948242188,2017,0.0,0.015622159683744667,0.0056200394153111954,0.016399472676273286
2017-09-15,350.0,360.0,350.0,359.0,55.619998931884766,55.849998474121094,54.869998931884766,55.27000045776367,22004,-9.0,0.9799995422363281,2017,-0.002849002849002802,0.010050069100253628,0.002704123091413546,0.0056200394153111954
2017-09-18,350.0,360.0,350.0,360.0,55.47999954223633,55.939998626708984,54.81999969482422,55.529998779296875,23767,-10.0,1.1199989318847656,2017,0.0,0.010050069100253628,-0.0025170692617216828,0.002704123091413546
2017-09-19,358.0,358.0,352.0,358.0,55.13999938964844,55.880001068115234,54.88999938964844,55.45000076293945,19337,0.0,0.9900016784667969,2017,0.02285714285714291,0.010932180378088928,-0.006128337335854717,-0.0025170692617216828
2017-09-20,353.0,359.5,352.0,359.5,56.290000915527344,56.47999954223633,55.279998779296875,55.40999984741211,27031,-6.5,1.2000007629394531,2017,-0.013966480446927387,0.011206706067250341,0.02085603080537579,-0.006128337335854717
2017-09-21,352.0,353.0,351.0,352.0,56.43000030517578,56.529998779296875,55.779998779296875,56.18000030517578,23549,0.0,0.75,2017,-0.0028328611898017497,0.01121266339432199,0.002487109386594799,0.02085603080537579
2017-09-22,351.0,359.5,350.0,359.5,56.86000061035156,56.900001525878906,56.22999954223633,56.5,18348,-8.5,0.6700019836425781,2017,-0.0028409090909090606,0.010990764223334363,0.007620065618471061,0.002487109386594799
2017-09-25,351.0,351.0,351.0,351.0,59.02000045776367,59.220001220703125,56.70000076293945,56.88999938964844,23811,0.0,2.520000457763672,2017,0.0,0.010990764223334363,0.037988037710623423,0.007620065618471061
2017-09-26,351.0,361.0,351.0,359.0,58.439998626708984,59.4900016784668,57.779998779296875,59.20000076293945,28328,-8.0,1.7100028991699219,2017,0.0,0.010992940031127408,-0.00982720817614624,0.037988037710623423
2017-09-27,351.0,359.7200012207031,351.0,359.7200012207031,57.900001525878906,58.86000061035156,57.56999969482422,58.599998474121094,15305,-8.720001220703125,1.2900009155273438,2017,0.0,0.010988347221235772,-0.00924019701436618,-0.00982720817614624
2017-09-28,350.0,359.0,350.0,359.0,57.40999984741211,58.619998931884766,56.849998474121094,57.66999816894531,7005,-9.0,1.7700004577636719,2017,-0.002849002849002802,0.010963853248708461,-0.00846289577812509,-0.00924019701436618
2017-09-29,351.0,358.5,351.0,358.5,57.540000915527344,57.7599983215332,57.209999084472656,57.529998779296875,27369,-7.5,0.5499992370605469,2017,0.0028571428571428914,0.010986630518230189,0.002264432476236866,-0.00846289577812509
2017-10-02,351.0,358.5,351.0,358.5,56.119998931884766,56.75,55.5099983215332,56.619998931884766,19371,-7.5,1.2400016784667969,2017,0.0,0.01098349875587073,-0.0246785186139854,0.002264432476236866
2017-10-03,358.5,360.0,359.5,359.5,56.0,56.38999938964844,55.689998626708984,56.08000183105469,21948,-1.0,0.7000007629394531,2017,0.02136752136752129,0.011716856185138094,-0.002138256132727556,-0.0246785186139854
2017-10-04,360.0,359.0,352.0,359.0,55.79999923706055,56.189998626708984,55.38999938964844,55.70000076293945,25898,1.0,0.7999992370605469,2017,0.004184100418409997,0.011744890841809588,-0.0035714421953473297,-0.002138256132727556
2017-10-05,351.0,361.0,353.0,360.0,57.0,57.2400016784668,55.70000076293945,55.77000045776367,32050,-9.0,1.5400009155273438,2017,-0.025000000000000022,0.012563745384434387,0.02150539031087395,-0.0035714421953473297
2017-10-06,351.0,360.0,351.0,359.0,55.619998931884766,57.27000045776367,55.13999938964844,56.97999954223633,33642,-8.0,2.1300010681152344,2017,0.0,0.01254694638388293,-0.024210545054653254,0.02150539031087395
2017-10-09,351.0,360.0,359.0,360.0,55.790000915527344,55.97999954223633,55.060001373291016,55.4900016784668,23056,-9.0,0.9199981689453125,2017,0.0,0.012344815057809792,0.00305649023565735,-0.024210545054653254
2017-10-10,359.0,359.7900085449219,351.0,359.0,56.61000061035156,56.90999984741211,55.689998626708984,55.70000076293945,21094,0.0,1.220001220703125,2017,0.02279202279202286,0.01097544681922329,0.014697968836132391,0.00305649023565735
2017-10-11,352.0,360.0,351.0,359.0,56.939998626708984,57.09000015258789,56.15999984741211,56.540000915527344,21840,-7.0,0.9300003051757812,2017,-0.01949860724233987,0.011574298247120928,0.00582932366718758,0.014697968836132391
2017-10-12,351.0,360.0,351.0,359.0,56.25,56.81999969482422,55.880001068115234,56.65999984741211,22286,-8.0,0.9399986267089844,2017,-0.0028409090909090606,0.011473455471677782,-0.012117995141386007,0.00582932366718758
2017-10-13,351.0,360.0,350.0,359.0,57.16999816894531,57.560001373291016,56.380001068115234,56.470001220703125,23433,-8.0,1.1800003051757812,2017,0.0,0.011174831823078282,0.016355523003472205,-0.012117995141386007
2017-10-16,352.0,359.7900085449219,359.5,359.5,57.81999969482422,58.470001220703125,57.119998931884766,57.119998931884766,22799,-7.5,1.3500022888183594,2017,0.002849002849002913,0.011185566998285629,0.011369626494618146,0.016355523003472205
2017-10-17,360.5,360.5,352.0,360.5,57.880001068115234,58.349998474121094,57.18000030517578,57.84000015258789,31599,0.0,1.1699981689453125,2017,0.024147727272727293,0.011277613716081885,0.0010377269734989092,0.011369626494618146
2017-10-18,352.0,360.0,351.0,360.0,58.150001525878906,58.540000915527344,57.75,58.06999969482422,25606,-8.0,0.7900009155273438,2017,-0.023578363384188616,0.01208344754772254,0.004664831596079777,0.0010377269734989092
2017-10-19,351.0,359.0,351.0,359.0,57.22999954223633,58.279998779296875,57.040000915527344,58.20000076293945,29999,-8.0,1.2399978637695312,2017,-0.0028409090909090606,0.01207581871261531,-0.015821185889963285,0.004664831596079777
2017-10-20,352.0,359.0,351.0,359.0,57.75,57.900001525878906,56.599998474121094,57.290000915527344,28185,-7.0,1.3000030517578125,2017,0.002849002849002913,0.012076360788307209,0.0090861517023062,-0.015821185889963285
2017-10-23,357.0,359.0,356.0,359.0,57.369998931884766,58.029998779296875,57.279998779296875,57.970001220703125,25947,-2.0,0.75,2017,0.014204545454545414,0.011971393949247877,-0.006580105075588483,0.0090861517023062
2017-10-24,359.0,359.0,356.0,359.0,58.33000183105469,58.47999954223633,57.029998779296875,57.36000061035156,32802,0.0,1.4500007629394531,2017,0.0056022408963585235,0.011949810728028839,0.016733535245655684,-0.006580105075588483
2017-10-25,353.0,360.0,353.0,360.0,58.439998626708984,58.72999954223633,57.86000061035156,58.459999084472656,26265,-7.0,0.8699989318847656,2017,-0.01671309192200554,0.012371522150799015,0.0018857670529977,0.016733535245655684
2017-10-26,360.0,360.0,352.0,359.0,59.29999923706055,59.54999923706055,58.040000915527344,58.47999954223633,26572,1.0,1.5099983215332031,2017,0.019830028328611915,0.012876415727422598,0.01471595877071974,0.0018857670529977
2017-10-27,352.0,359.0,352.0,359.0,60.439998626708984,60.65999984741211,58.81999969482422,59.4900016784668,15873,-7.0,1.8400001525878906,2017,-0.022222222222222254,0.013540838695689646,0.019224273259956126,0.01471595877071974
2017-10-30,353.0,360.0,353.0,359.0,60.900001525878906,61.0,60.15999984741211,60.650001525878906,14987,-6.0,0.8400001525878906,2017,0.0028409090909091717,0.013548754893464486,0.007610901879912424,0.019224273259956126
2017-10-31,357.0,359.0,356.0,359.0,61.369998931884766,61.380001068115234,60.54999923706055,60.869998931884766,1113,-2.0,0.8300018310546875,2017,0.011331444759206777,0.013043194764807866,0.00771752699884809,0.007610901879912424
2017-11-01,356.0,357.0,353.0,356.0,61.290000915527344,61.290000915527344,61.290000915527344,61.290000915527344,30560,0.0,0.0,2017,-0.0028011204481792618,0.012788053494515332,-0.0013035362188325017,0.00771752699884809
2017-11-02,353.0,354.0,353.0,353.0,60.619998931884766,60.81999969482422,60.040000915527344,60.439998626708984,27721,0.0,0.779998779296875,2017,-0.008426966292134797,0.012876712996870229,-0.010931668683869078,-0.0013035362188325017
2017-11-03,354.0,354.0,352.0,354.0,62.06999969482422,62.220001220703125,60.599998474121094,60.72999954223633,25695,0.0,1.6200027465820312,2017,0.0028328611898016387,0.012872558729301747,0.023919511522406012,-0.010931668683869078
2017-11-06,354.0,354.0,353.0,354.0,64.2699966430664,64.44000244140625,62.130001068115234,62.130001068115234,32269,0.0,2.3100013732910156,2017,0.0,0.012872558729301747,0.03544380472142383,0.023919511522406012
2017-11-07,352.0,352.0,352.0,352.0,63.689998626708984,64.63999938964844,63.4900016784668,64.08999633789062,34317,0.0,1.1499977111816406,2017,-0.005649717514124242,0.012919308737094418,-0.009024397800711514,0.03544380472142383
2017-11-08,353.0,354.0,353.0,354.0,63.4900016784668,64.63999938964844,62.95000076293945,63.630001068115234,41527,-1.0,1.6899986267089844,2017,0.0028409090909091717,0.01292838588874837,-0.0031401625459969162,-0.009024397800711514
2017-11-09,352.0,354.0,352.0,352.0,63.93000030517578,64.23999786376953,63.27000045776367,63.5,24929,0.0,0.9699974060058594,2017,-0.0028328611898017497,0.012928251928490985,0.00693020341907169,-0.0031401625459969162
2017-11-10,353.0,353.5,353.0,353.0,63.52000045776367,64.2699966430664,63.349998474121094,63.83000183105469,24446,0.0,0.9199981689453125,2017,0.0028409090909091717,0.012928140281754546,-0.006413262090645078,0.00693020341907169
2017-11-13,352.0,355.0,352.0,352.0,63.15999984741211,63.72999954223633,62.619998931884766,63.619998931884766,29816,0.0,1.1100006103515625,2017,-0.0028328611898017497,0.012940522379958509,-0.005667515865194872,-0.006413262090645078
2017-11-14,355.0,357.0,355.0,355.0,62.209999084472656,63.209999084472656,61.209999084472656,63.15999984741211,46259,0.0,2.0,2017,0.008522727272727293,0.01241709103997437,-0.015041177410300088,-0.005667515865194872
2017-11-15,356.0,357.0,357.0,357.0,61.869998931884766,62.119998931884766,61.310001373291016,61.5,27356,-1.0,0.80999755859375,2017,0.0028169014084507005,0.012402747706872068,-0.0054653618002182824,-0.015041177410300088
2017-11-17,357.0,357.0,357.0,357.0,62.720001220703125,62.900001525878906,61.09000015258789,61.45000076293945,30936,0.0,1.8100013732910156,2017,0.002808988764045006,0.01149916979077494,0.013738521149065486,-0.0054653618002182824
2017-11-20,358.0,358.0,355.0,358.0,62.220001220703125,62.79999923706055,61.439998626708984,62.720001220703125,23428,0.0,1.3600006103515625,2017,0.0028011204481792618,0.011505256235373592,-0.00797193862035439,0.013738521149065486
2017-11-21,355.0,356.0,355.0,356.0,62.56999969482422,62.84000015258789,62.040000915527344,62.130001068115234,30389,-1.0,0.7999992370605469,2017,-0.008379888268156388,0.011624508451837606,0.005625176265741327,-0.00797193862035439
2017-11-22,356.0,356.0,355.0,356.0,63.31999969482422,63.40999984741211,62.630001068115234,62.709999084472656,29926,0.0,0.779998779296875,2017,0.0028169014084507005,0.010846274115151515,0.011986575094422358,0.005625176265741327
2017-11-24,355.0,356.0,355.0,355.0,63.86000061035156,63.95000076293945,62.88999938964844,63.22999954223633,21047,0.0,1.0600013732910156,2017,-0.002808988764044895,0.010234242800326959,0.008528125681142251,0.011986575094422358
2017-11-27,356.0,356.0,356.0,356.0,63.84000015258789,63.97999954223633,63.099998474121094,63.849998474121094,22019,0.0,0.8800010681152344,2017,0.0028169014084507005,0.010225853264760477,-0.0003131922576341539,0.008528125681142251
2017-11-28,357.0,357.0,356.0,357.0,63.61000061035156,63.900001525878906,63.11000061035156,63.709999084472656,15235,0.0,0.7900009155273438,2017,0.002808988764045006,0.01023376400615192,-0.003602749713135789,-0.0003131922576341539
2017-11-29,356.0,358.0,355.0,355.0,63.11000061035156,64.04000091552734,62.54999923706055,63.34000015258789,10166,1.0,1.4900016784667969,2017,-0.0028011204481792618,0.010243235427684376,-0.007860399232862636,-0.003602749713135789
2017-11-30,357.0,357.0,256.0,357.0,63.56999969482422,64.19999694824219,63.20000076293945,63.34000015258789,2034,0.0,0.9999961853027344,2017,0.002808988764045006,0.009230079262066211,0.007288846142036176,-0.007860399232862636
2017-12-01,357.0,357.0,355.0,357.0,63.4900016784668,63.4900016784668,63.4900016784668,63.4900016784668,28073,0.0,0.0,2017,0.0,0.008114586012001584,-0.0012584240481589015,0.007288846142036176
2017-12-04,356.0,356.0,355.0,356.0,62.45000076293945,63.63999938964844,62.31999969482422,63.4900016784668,27437,0.0,1.3199996948242188,2017,-0.0028011204481792618,0.008114023995769186,-0.016380546354278436,-0.0012584240481589015
2017-12-05,356.0,357.0,356.0,356.0,62.86000061035156,63.130001068115234,62.13999938964844,62.38999938964844,21380,0.0,0.9900016784667969,2017,0.0,0.008102289231141853,0.006565249678194052,-0.016380546354278436
2017-12-06,358.0,358.0,356.0,358.0,61.220001220703125,62.91999816894531,61.13999938964844,62.77000045776367,25263,0.0,1.779998779296875,2017,0.00561797752808979,0.0077417720809259795,-0.026089713231379874,0.006565249678194052
2017-12-07,355.0,356.0,355.0,355.0,62.20000076293945,62.25,61.15999984741211,61.2400016784668,19281,0.0,1.0900001525878906,2017,-0.008379888268156388,0.007820963545500633,0.016007832778430542,-0.026089713231379874
2017-12-08,356.0,358.0,356.0,356.0,63.400001525878906,63.630001068115234,61.939998626708984,61.939998626708984,28508,0.0,1.69000244140625,2017,0.0028169014084507005,0.007199564215274491,0.019292616530873774,0.016007832778430542
2017-12-11,359.0,356.0,355.0,356.0,64.69000244140625,64.91999816894531,62.9900016784668,63.34000015258789,44515,3.0,1.9299964904785156,2017,0.008426966292134797,0.00638865915447792,0.020347017105366794,0.019292616530873774
2017-12-12,356.0,356.0,356.0,356.0,63.34000015258789,65.81999969482422,63.09000015258789,64.73999786376953,55976,0.0,2.729999542236328,2017,-0.00835654596100277,0.00510324833813779,-0.020868793289057885,0.020347017105366794
2017-12-13,357.0,357.0,357.0,357.0,62.439998626708984,64.30999755859375,62.36000061035156,63.900001525878906,34080,0.0,1.9499969482421875,2017,0.002808988764045006,0.005102722862434737,-0.014209054684413913,-0.020868793289057885
2017-12-14,358.0,358.0,357.0,358.0,63.310001373291016,63.5,62.02000045776367,62.84000015258789,29866,0.0,1.4799995422363281,2017,0.0028011204481792618,0.0046931294755831274,0.013933420334988345,-0.014209054684413913
2017-12-15,358.0,358.0,357.0,358.0,63.22999954223633,63.66999816894531,63.08000183105469,63.41999816894531,21478,0.0,0.589996337890625,2017,0.0,0.0046610956206582545,-0.0012636523348495965,0.013933420334988345
2017-12-18,358.0,358.0,355.0,358.0,63.40999984741211,63.90999984741211,63.0,63.31999969482422,20560,0.0,0.9099998474121094,2017,0.0,0.004368156105053878,0.002846754807511065,-0.0012636523348495965
2017-12-19,356.0,356.0,356.0,356.0,63.79999923706055,63.90999984741211,63.29999923706055,63.439998626708984,22157,0.0,0.6100006103515625,2017,-0.005586592178770999,0.00448067398658547,0.006150439845243882,0.002846754807511065
2017-12-20,358.0,358.0,357.0,358.0,64.55999755859375,64.5999984741211,63.68000030517578,63.849998474121094,26006,0.0,0.9199981689453125,2017,0.00561797752808979,0.004588242063849043,0.011912199539521717,0.006150439845243882
2017-12-21,358.0,356.0,356.0,356.0,64.9000015258789,64.91999816894531,64.19000244140625,64.4800033569336,17911,2.0,0.7299957275390625,2017,0.0,0.004445748853941414,0.0052664804854829494,0.011912199539521717
2017-12-22,358.0,356.0,356.0,356.0,65.25,65.27999877929688,64.38999938964844,64.5999984741211,14337,2.0,0.8899993896484375,2017,0.0,0.004425990399302694,0.005392888534548446,0.0052664804854829494
2017-12-26,356.0,357.0,356.0,356.0,67.0199966430664,67.08000183105469,65.01000213623047,65.06999969482422,9850,0.0,2.0699996948242188,2017,-0.005586592178770999,0.004524490222782603,0.027126385334351077,0.005392888534548446
2017-12-27,356.0,357.0,355.0,356.0,66.44000244140625,66.94000244140625,66.05000305175781,66.72000122070312,11890,0.0,0.8899993896484375,2017,0.0,0.004501020139965723,-0.008654047011507293,0.027126385334351077
2017-12-28,357.0,358.0,355.0,355.0,66.72000122070312,66.77999877929688,66.29000091552734,66.41999816894531,2057,2.0,0.48999786376953125,2017,0.002808988764045006,0.004483789013927107,0.004214310189765591,-0.008654047011507293
2017-12-29,357.0,357.0,356.0,357.0,66.5999984741211,66.5999984741211,66.5999984741211,66.5999984741211,12234,0.0,0.0,2017,0.0,0.004218800668516892,-0.0017986022839698856,0.004214310189765591
2018-01-02,357.0,357.0,357.0,357.0,66.56999969482422,67.27999877929688,66.2300033569336,66.41999816894531,24294,0.0,1.0499954223632812,2018,0.0,0.004189701328015869,-0.00045043213189455145,-0.0017986022839698856
2018-01-03,356.0,357.0,355.0,355.0,67.83999633789062,68.01000213623047,66.4000015258789,66.48999786376953,25878,1.0,1.6100006103515625,2018,-0.0028011204481792618,0.004189912171888095,0.019077612271119593,-0.00045043213189455145
2018-01-04,356.0,357.0,356.0,356.0,68.06999969482422,68.26000213623047,67.52999877929688,68.0,22840,0.0,0.7300033569335938,2018,0.0,0.004154439008775543,0.0033903798547985087,0.019077612271119593
2018-01-05,358.0,358.0,357.0,358.0,67.62000274658203,68.08999633789062,67.2699966430664,68.05999755859375,18290,0.0,0.8199996948242188,2018,0.00561797752808979,0.003984119312561511,-0.006610796977517874,0.0033903798547985087
2018-01-08,357.0,357.0,355.0,357.0,67.77999877929688,67.9800033569336,67.44999694824219,67.81999969482422,17704,0.0,0.5300064086914062,2018,-0.0027932960893854997,0.0039929912872921835,0.002366105090448656,-0.006610796977517874
2018-01-09,355.0,358.0,355.0,355.0,68.81999969482422,69.19999694824219,67.69000244140625,67.93000030517578,25548,0.0,1.5099945068359375,2018,-0.0056022408963585235,0.004094468357464176,0.015343773004684813,0.002366105090448656
2018-01-10,358.0,358.0,357.0,358.0,69.19999694824219,69.36000061035156,68.75,69.16999816894531,21538,0.0,0.6100006103515625,2018,0.008450704225352101,0.004349021192432082,0.005521610797777354,0.015343773004684813
2018-01-11,358.0,358.0,358.0,358.0,69.26000213623047,70.02999877929688,69.0,69.08000183105469,33268,0.0,1.029998779296875,2018,0.0,0.0043209701833736075,0.0008671270322910818,0.005521610797777354
2018-01-12,358.0,358.0,358.0,358.0,69.87000274658203,69.91999816894531,68.61000061035156,69.12999725341797,23032,0.0,1.30999755859375,2018,0.0,0.004286192594544492,0.00880740097512156,0.0008671270322910818
2018-01-16,357.0,358.0,357.0,357.0,69.1500015258789,70.37000274658203,68.83999633789062,69.91000366210938,33284,0.0,1.5300064086914062,2018,-0.0027932960893854997,0.004290446164742101,-0.010304868933733502,0.00880740097512156
2018-01-17,358.0,358.0,358.0,358.0,69.37999725341797,69.58999633789062,68.54000091552734,69.38999938964844,20500,0.0,1.0499954223632812,2018,0.0028011204481792618,0.004320619410414213,0.0033260408165427524,-0.010304868933733502
2018-01-18,357.0,358.0,358.0,358.0,69.30999755859375,69.66000366210938,68.80000305175781,69.43000030517578,20117,-1.0,0.8600006103515625,2018,-0.0027932960893854997,0.004320438337750583,-0.0010089319342077019,0.0033260408165427524
2018-01-19,358.0,358.0,358.0,358.0,68.61000061035156,69.1500015258789,68.2699966430664,69.13999938964844,22077,0.0,0.8800048828125,2018,0.0028011204481792618,0.004348324209164762,-0.010099509059287137,-0.0010089319342077019
2018-01-22,358.0,358.0,355.0,358.0,69.02999877929688,69.51000213623047,68.38999938964844,68.77999877929688,23250,0.0,1.1200027465820312,2018,0.0,0.004226016166271946,0.006121529882072929,-0.010099509059287137
2018-01-23,355.0,359.0,355.0,355.0,69.95999908447266,70.23999786376953,69.12000274658203,69.25,23749,0.0,1.1199951171875,2018,-0.008379888268156388,0.004226016166271946,0.0134724079620685,0.006121529882072929
2018-01-24,358.0,358.0,357.0,357.0,70.52999877929688,70.91000366210938,69.54000091552734,69.87999725341797,23732,1.0,1.3700027465820312,2018,0.008450704225352101,0.004473066400193288,0.00814750860896929,0.0134724079620685
2018-01-25,358.0,359.0,358.0,358.0,70.41999816894531,71.26000213623047,69.97000122070312,70.70999908447266,24111,0.0,1.2900009155273438,2018,0.0,0.00419429433219304,-0.001559628700629645,0.00814750860896929
2018-01-26,359.0,359.0,358.0,359.0,70.5199966430664,70.83000183105469,69.83999633789062,70.0999984741211,30361,0.0,0.9900054931640625,2018,0.0027932960893854997,0.003921125029305858,0.0014200294905033495,-0.001559628700629645
2018-01-29,359.0,359.0,358.0,359.0,69.45999908447266,70.63999938964844,69.08000183105469,70.5199966430664,17623,0.0,1.55999755859375,2018,0.0,0.0038922620587136117,-0.01503116291906359,0.0014200294905033495
2018-01-30,357.0,358.0,357.0,357.0,69.0199966430664,69.5199966430664,68.41999816894531,69.5199966430664,12571,0.0,1.0999984741210938,2018,-0.005571030640668551,0.003997568461682196,-0.006334616285714967,-0.01503116291906359
2018-01-31,357.0,359.0,357.0,357.0,69.05000305175781,69.06999969482422,68.30000305175781,68.37999725341797,1494,0.0,0.7699966430664062,2018,0.0,0.003997568461682196,0.00043474949508603977,-0.006334616285714967
2018-02-01,358.0,359.0,358.0,358.0,69.08000183105469,69.08000183105469,69.08000183105469,69.08000183105469,29317,0.0,0.0,2018,0.0028011204481792618,0.0040321974242814,0.0004344500792330397,0.00043474949508603977
2018-02-02,357.0,358.0,357.0,357.0,68.58000183105469,70.01000213623047,67.95999908447266,69.75,27547,0.0,2.0500030517578125,2018,-0.0027932960893854997,0.00392950110664546,-0.007237984753139193,0.0004344500792330397
2018-02-05,357.0,356.0,355.0,355.0,67.62000274658203,68.45999908447266,67.0,68.19999694824219,32399,2.0,1.4599990844726562,2018,0.0,0.0037888634522668923,-0.013998236495204375,-0.007237984753139193
2018-02-06,355.0,359.0,355.0,355.0,66.86000061035156,67.58999633789062,66.55000305175781,66.98999786376953,32169,0.0,1.0399932861328125,2018,-0.0056022408963585235,0.003920244004217017,-0.011239309455202351,-0.013998236495204375
2018-02-07,358.0,359.0,358.0,358.0,65.51000213623047,67.72000122070312,65.16000366210938,67.2300033569336,56412,0.0,2.55999755859375,2018,0.008450704225352101,0.004231775521376428,-0.02019142180372757,-0.011239309455202351
2018-02-08,357.0,357.0,357.0,357.0,64.80999755859375,65.58999633789062,64.11000061035156,65.44000244140625,37936,0.0,1.4799957275390625,2018,-0.0027932960893854997,0.0041340215565164404,-0.010685461071746505,-0.02019142180372757
2018-02-09,358.0,359.0,358.0,358.0,62.790000915527344,64.62999725341797,61.77000045776367,64.37999725341797,34853,0.0,2.859996795654297,2018,0.0028011204481792618,0.004163174162215154,-0.03116797900262469,-0.010685461071746505
2018-02-12,359.0,358.0,358.0,358.0,62.59000015258789,64.41000366210938,62.560001373291016,62.63999938964844,33192,1.0,1.8500022888183594,2018,0.0027932960893854997,0.004162835386415158,-0.003185232680734007,-0.03116797900262469
2018-02-13,358.0,359.0,358.0,358.0,62.720001220703125,63.099998474121094,61.7599983215332,62.7400016784668,38693,0.0,1.3400001525878906,2018,-0.0027855153203342198,0.004198240054129814,0.0020770261670923773,-0.003185232680734007
2018-02-14,359.0,359.0,358.0,359.0,64.36000061035156,64.55999755859375,61.959999084472656,62.470001220703125,40865,0.0,2.5999984741210938,2018,0.0027932960893854997,0.004226783742795502,0.02614794894339223,0.0020770261670923773
2018-02-15,357.0,358.0,357.0,357.0,64.33000183105469,65.0999984741211,63.119998931884766,64.31999969482422,36176,0.0,1.9799995422363281,2018,-0.005571030640668551,0.0043236287409532965,-0.00046610905861377283,0.02614794894339223
2018-02-16,357.0,359.0,357.0,357.0,64.83999633789062,65.19999694824219,64.19000244140625,64.41000366210938,27034,0.0,1.0099945068359375,2018,0.0,0.0043236287409532965,0.007927786294415151,-0.00046610905861377283
2018-02-20,357.0,359.0,357.0,357.0,65.25,65.83000183105469,64.77999877929688,64.86000061035156,34029,0.0,1.0500030517578125,2018,0.0,0.004196293702609455,0.006323314084917486,0.007927786294415151
2018-02-21,359.0,359.0,355.0,359.0,65.41999816894531,65.52999877929688,64.4000015258789,65.11000061035156,26015,0.0,1.1299972534179688,2018,0.0056022408963585235,0.004288369899660645,0.002605335922533536,0.006323314084917486
2018-02-22,356.0,359.0,355.0,356.0,66.38999938964844,66.55000305175781,64.63999938964844,65.01000213623047,29052,0.0,1.910003662109375,2018,-0.00835654596100277,0.004443445767100578,0.014827289022511403,0.002605335922533536
2018-02-23,359.0,359.0,358.0,359.0,67.30999755859375,67.37000274658203,65.80000305175781,66.25,20948,0.0,1.5699996948242188,2018,0.008426966292134797,0.004441909899811363,0.013857481208062072,0.014827289022511403
2018-02-26,358.0,359.0,358.0,358.0,67.5,67.9000015258789,66.73999786376953,67.30000305175781,20385,0.0,1.160003662109375,2018,-0.0027855153203342198,0.004473130258469569,0.002822796735965527,0.013857481208062072
2018-02-27,357.0,358.0,357.0,357.0,66.62999725341797,67.62999725341797,66.37000274658203,67.55999755859375,9005,0.0,1.2599945068359375,2018,-0.0027932960893854997,0.004502314978054709,-0.012888929578993014,0.002822796735965527
2018-02-28,358.0,359.0,358.0,358.0,65.77999877929688,66.87999725341797,65.54000091552734,66.33000183105469,1241,0.0,1.339996337890625,2018,0.0028011204481792618,0.004502062771693999,-0.01275699398407959,-0.012888929578993014
2018-03-01,359.0,358.0,358.0,358.0,65.70999908447266,65.70999908447266,65.70999908447266,65.70999908447266,44819,1.0,0.0,2018,0.0027932960893854997,0.004501901301271281,-0.0010641486184741478,-0.01275699398407959
2018-03-02,358.0,358.0,358.0,358.0,64.37000274658203,64.68000030517578,63.20000076293945,64.23999786376953,39587,0.0,1.4799995422363281,2018,-0.0027855153203342198,0.004501728923138793,-0.020392578854977805,-0.0010641486184741478
2018-03-05,359.0,359.0,355.0,359.0,65.54000091552734,65.87000274658203,64.0999984741211,64.69000244140625,31209,0.0,1.7700042724609375,2018,0.0027932960893854997,0.0045015674406539,0.018176139801507674,-0.020392578854977805
2018-03-06,356.0,356.0,356.0,356.0,65.79000091552734,66.1500015258789,65.30999755859375,65.58999633789062,24251,0.0,0.8400039672851562,2018,-0.00835654596100277,0.004759313966424175,0.0038144643959070468,0.018176139801507674
2018-03-07,359.0,358.0,356.0,358.0,64.33999633789062,65.77999877929688,63.84000015258789,65.43000030517578,36313,1.0,1.9399986267089844,2018,0.008426966292134797,0.004749464682425038,-0.022039892954227036,0.0038144643959070468
2018-03-08,355.0,356.0,355.0,355.0,63.61000061035156,64.55000305175781,63.43000030517578,64.55000305175781,44008,0.0,1.1200027465820312,2018,-0.011142061281337101,0.004945096059192729,-0.011345908751772216,-0.022039892954227036
2018-03-09,356.0,356.0,355.0,356.0,65.48999786376953,65.62000274658203,63.70000076293945,63.849998474121094,33619,0.0,1.9200019836425781,2018,0.0028169014084507005,0.004977013267706483,0.029555057937100893,-0.011345908751772216
2018-03-12,355.0,356.0,355.0,355.0,64.94999694824219,65.83000183105469,64.18000030517578,65.54000091552734,19165,0.0,1.6500015258789062,2018,-0.002808988764044895,0.004966900744217948,-0.008245547917876572,0.029555057937100893
2018-03-13,355.0,355.0,355.0,355.0,64.63999938964844,65.66000366210938,64.04000091552734,64.91999816894531,34247,0.0,1.6200027465820312,2018,0.0,0.004966900744217948,-0.004772864867734872,-0.008245547917876572
2018-03-14,355.0,358.0,355.0,355.0,64.88999938964844,65.19000244140625,64.06999969482422,64.66999816894531,29439,0.0,1.1200027465820312,2018,0.0,0.004868582417589053,0.0038675742939446867,-0.004772864867734872
2018-03-15,357.0,359.0,357.0,357.0,65.12000274658203,65.38999938964844,64.61000061035156,64.8499984741211,22542,0.0,0.779998779296875,2018,0.005633802816901401,0.0049829092626476265,0.0035445116211587635,0.0038675742939446867
2018-03-16,357.0,358.0,357.0,357.0,66.20999908447266,66.41999816894531,64.88999938964844,65.05000305175781,29187,0.0,1.529998779296875,2018,0.0,0.004955010065554078,0.016738272296031642,0.0035445116211587635
2018-03-19,357.0,357.0,357.0,357.0,66.05000305175781,66.3499984741211,65.38999938964844,66.12000274658203,28050,0.0,0.9599990844726562,2018,0.0,0.004928466096812052,-0.0024164935044134195,0.016738272296031642
2018-03-20,355.0,357.0,355.0,355.0,67.41999816894531,67.88999938964844,66.16999816894531,66.19999694824219,35782,0.0,1.720001220703125,2018,-0.0056022408963585235,0.005033933585558376,0.02074178734123522,-0.0024164935044134195
2018-03-21,357.0,357.0,357.0,357.0,69.47000122070312,69.8499984741211,67.47000122070312,67.55999755859375,43370,0.0,2.3799972534179688,2018,0.005633802816901401,0.005034203458301788,0.030406453684866497,0.02074178734123522
2018-03-22,357.0,358.0,357.0,357.0,68.91000366210938,69.91000366210938,68.58000183105469,69.7699966430664,37699,0.0,1.3300018310546875,2018,0.0,0.004786945564473918,-0.008060998254695084,0.030406453684866497
2018-03-23,357.0,358.0,357.0,357.0,70.44999694824219,70.56999969482422,68.80000305175781,68.9000015258789,49285,0.0,1.7699966430664062,2018,0.0,0.004759480300769755,0.022347891514909124,-0.008060998254695084
2018-03-26,357.0,357.0,355.0,357.0,70.12000274658203,71.05000305175781,69.66999816894531,70.63999938964844,28882,0.0,1.3800048828125,2018,0.0,0.004730242105479473,-0.004684091071041396,0.022347891514909124
2018-03-27,356.0,356.0,356.0,356.0,70.11000061035156,71.02999877929688,69.45999908447266,70.20999908447266,15583,0.0,1.5699996948242188,2018,-0.0028011204481792618,0.004723233050863081,-0.00014264312376910393,-0.004684091071041396
2018-03-28,357.0,358.0,355.0,357.0,69.52999877929688,70.25,68.77999877929688,69.68000030517578,16988,0.0,1.470001220703125,2018,0.002808988764045006,0.004730880323215566,-0.008272740350954266,-0.00014264312376910393
2018-03-29,356.0,356.0,355.0,356.0,70.2699966430664,70.43000030517578,69.12999725341797,69.80999755859375,37805,0.0,1.3000030517578125,2018,-0.0028011204481792618,0.004723872334729046,0.010642857425015029,-0.008272740350954266
2018-04-02,355.0,355.0,355.0,355.0,67.63999938964844,70.02999877929688,67.4800033569336,69.41999816894531,25064,0.0,2.5499954223632812,2018,-0.002808988764044895,0.004643197535161385,-0.037427029729017014,0.010642857425015029
2018-04-03,357.0,358.0,357.0,357.0,68.12000274658203,68.41999816894531,67.58999633789062,67.6500015258789,22815,0.0,0.8300018310546875,2018,0.005633802816901401,0.004762979660745167,0.007096442360510435,-0.037427029729017014
2018-04-04,358.0,358.0,355.0,358.0,68.0199966430664,68.2699966430664,66.69999694824219,68.13999938964844,39674,0.0,1.5699996948242188,2018,0.0028011204481792618,0.004790135451623351,-0.0014680871914768412,0.007096442360510435
2018-04-05,355.0,359.0,355.0,355.0,68.33000183105469,68.91999816894531,67.7300033569336,68.3499984741211,28888,0.0,1.1899948120117188,2018,-0.008379888268156388,0.00491533573720907,0.0045575595896458765,-0.0014680871914768412
2018-04-06,355.0,359.0,355.0,355.0,67.11000061035156,68.62000274658203,66.86000061035156,68.58999633789062,30749,0.0,1.7600021362304688,2018,0.0,0.0046776843606129125,-0.01785454687561061,0.0045575595896458765
2018-04-09,359.0,359.0,359.0,359.0,68.6500015258789,68.80000305175781,67.02999877929688,67.02999877929688,23967,0.0,1.7700042724609375,2018,0.011267605633802802,0.004880255554149863,0.022947413224874813,-0.01785454687561061
2018-04-10,358.0,359.0,358.0,358.0,71.04000091552734,71.31999969482422,68.4800033569336,68.55999755859375,45123,0.0,2.839996337890625,2018,-0.0027855153203342198,0.004880255554149864,0.034814265644953934,0.022947413224874813
2018-04-11,358.0,359.0,358.0,358.0,72.05999755859375,73.08000183105469,70.55999755859375,71.02999877929688,50064,0.0,2.5200042724609375,2018,0.0,0.00485145915858903,0.014358060668935968,0.034814265644953934
2018-04-12,358.0,359.0,358.0,358.0,72.0199966430664,72.45999908447266,71.08999633789062,71.93000030517578,38029,0.0,1.3700027465820312,2018,0.0,0.00482465411757242,-0.000555105701950942,0.014358060668935968
2018-04-13,359.0,359.0,359.0,359.0,72.58000183105469,72.86000061035156,71.61000061035156,72.16999816894531,36895,0.0,1.25,2018,0.0027932960893854997,0.00482465411757242,0.007775690281737857,-0.000555105701950942
2018-04-16,359.0,359.0,356.0,359.0,71.41999816894531,72.87999725341797,71.12999725341797,72.62000274658203,33532,0.0,1.75,2018,0.0,0.004795690985823573,-0.015982414340654505,0.007775690281737857
2018-04-17,359.0,359.0,359.0,359.0,71.58000183105469,71.87999725341797,70.83000183105469,71.5999984741211,36784,0.0,1.0499954223632812,2018,0.0,0.0047687195842722385,0.0022403201653811156,-0.015982414340654505
2018-04-18,358.0,359.0,358.0,358.0,73.4800033569336,73.91999816894531,71.6500015258789,71.7699966430664,34300,0.0,2.2699966430664062,2018,-0.0027855153203342198,0.00453435203205452,0.02654374793623715,0.0022403201653811156
2018-04-19,358.0,358.0,358.0,358.0,73.77999877929688,74.73999786376953,73.45999908447266,73.76000213623047,37579,0.0,1.279998779296875,2018,0.0,0.004259611034627506,0.0040826811194609736,0.02654374793623715
2018-04-20,359.0,359.0,358.0,359.0,74.05999755859375,74.19999694824219,72.83000183105469,74.0,32478,0.0,1.3699951171875,2018,0.0027932960893854997,0.0037403436926678885,0.0037950499312755515,0.0040826811194609736
2018-04-23,359.0,359.0,359.0,359.0,74.70999908447266,75.11000061035156,73.12999725341797,73.87999725341797,41835,0.0,1.9800033569335938,2018,0.0,0.0037123192209014273,0.00877668845944335,0.0037950499312755515
2018-04-24,359.0,359.0,359.0,359.0,73.86000061035156,75.45999908447266,73.69999694824219,74.9000015258789,46897,0.0,1.7600021362304688,2018,0.0,0.003666698327932848,-0.0113773053746129,0.00877668845944335
2018-04-25,358.0,358.0,358.0,358.0,74.0,74.18000030517578,73.18000030517578,73.94999694824219,38845,0.0,1.0,2018,-0.0027855153203342198,0.003711646716887974,0.001895469651929771,-0.0113773053746129
2018-04-26,358.0,359.0,358.0,358.0,74.73999786376953,74.94999694824219,74.05999755859375,74.06999969482422,26826,0.0,0.8899993896484375,2018,0.0,0.003711646716887974,0.009999971132020669,0.001895469651929771
2018-04-27,358.0,358.0,358.0,358.0,74.63999938964844,75.01000213623047,74.37999725341797,74.70999908447266,15535,0.0,0.6300048828125,2018,0.0,0.0035716874167930008,-0.0013379512574158703,0.009999971132020669
2018-04-30,359.0,359.0,358.0,359.0,75.16999816894531,75.36000061035156,73.55000305175781,74.37999725341797,1630,0.0,1.80999755859375,2018,0.0027932960893854997,0.0036052580852408375,0.007100733971473927,-0.0013379512574158703
2018-05-01,359.0,359.0,358.0,359.0,75.16999816894531,75.16999816894531,75.16999816894531,75.16999816894531,39208,0.0,0.0,2018,0.0,0.0036052580852408375,0.0,0.007100733971473927
2018-05-02,359.0,358.0,358.0,358.0,73.36000061035156,73.62000274658203,72.37000274658203,73.20999908447266,34769,1.0,1.25,2018,0.0,0.003435867809578825,-0.02407872293046709,0.0
2018-05-03,359.0,359.0,358.0,359.0,73.62000274658203,74.08000183105469,72.4800033569336,73.13999938964844,35839,0.0,1.5999984741210938,2018,0.0,0.0032896177930590155,0.003544194848245086,-0.02407872293046709
2018-05-04,359.0,359.0,358.0,359.0,74.87000274658203,75.05000305175781,73.25,73.76000213623047,30457,0.0,1.8000030517578125,2018,0.0,0.0032896177930590155,0.01697908113780988,0.003544194848245086
2018-05-07,358.0,359.0,358.0,358.0,76.16999816894531,76.33000183105469,74.8499984741211,74.9800033569336,21266,0.0,1.4800033569335938,2018,-0.0027855153203342198,0.003334216804853413,0.017363368167134574,0.01697908113780988
2018-05-08,358.0,359.0,359.0,359.0,74.8499984741211,76.18000030517578,73.0999984741211,75.66000366210938,50813,-1.0,3.0800018310546875,2018,0.0,0.003334216804853413,-0.017329653755491226,0.017363368167134574
2018-05-09,359.0,359.0,359.0,359.0,77.20999908447266,77.41000366210938,75.86000061035156,75.86000061035156,34902,0.0,1.5500030517578125,2018,0.0027932960893854997,0.0033228712306541263,0.031529734915993535,-0.017329653755491226
2018-05-10,359.0,360.0,359.0,359.0,77.47000122070312,77.97000122070312,76.5,77.29000091552734,32445,0.0,1.470001220703125,2018,0.0,0.0032887001416647666,0.0033674671585737226,0.031529734915993535
2018-05-11,360.0,359.0,359.0,359.0,77.12000274658203,77.58999633789062,76.94999694824219,77.41000366210938,25651,1.0,0.6399993896484375,2018,0.0027855153203342198,0.0032715292191277355,-0.004517858120641982,0.0033674671585737226
2018-05-14,358.0,360.0,358.0,358.0,78.2300033569336,78.5199966430664,76.54000091552734,77.08999633789062,29917,0.0,1.9799957275390625,2018,-0.005555555555555536,0.0033997015663375985,0.014393160928676929,-0.004517858120641982
2018-05-15,360.0,360.0,359.0,360.0,78.43000030517578,79.44999694824219,77.9000015258789,78.52999877929688,41100,0.0,1.5499954223632812,2018,0.005586592178770999,0.0033971507907927696,0.0025565248582397615,0.014393160928676929
2018-05-16,360.0,360.0,358.0,360.0,79.27999877929688,79.33000183105469,77.62999725341797,78.12999725341797,31226,0.0,1.7000045776367188,2018,0.0,0.003363929727417225,0.010837670162102464,0.0025565248582397615
2018-05-17,360.0,360.0,358.0,360.0,79.30000305175781,80.5,79.12000274658203,79.23999786376953,38385,0.0,1.3799972534179688,2018,0.0,0.002950144736339009,0.0002523243285690313,0.010837670162102464
2018-05-18,360.0,360.0,358.0,360.0,78.51000213623047,79.86000061035156,78.33000183105469,79.51000213623047,30828,0.0,1.529998779296875,2018,0.0,0.002950144736339009,-0.009962180140292376,0.0002523243285690313
2018-05-21,358.0,359.0,358.0,358.0,79.22000122070312,79.58999633789062,78.11000061035156,78.52999877929688,19520,0.0,1.4799957275390625,2018,-0.005555555555555536,0.002368612840360932,0.009043422050106109,-0.009962180140292376
2018-05-22,360.0,360.0,360.0,360.0,79.56999969482422,80.48999786376953,79.16999816894531,79.48999786376953,29522,0.0,1.3199996948242188,2018,0.005586592178770999,0.0025279497285603664,0.004418056914011093,0.009043422050106109
2018-05-23,360.0,360.0,359.0,360.0,79.80000305175781,79.8499984741211,78.2300033569336,79.48999786376953,30786,0.0,1.6199951171875,2018,0.0,0.0025279497285603664,0.0028905788339290694,0.004418056914011093
2018-05-24,360.0,360.0,359.0,360.0,78.79000091552734,79.83999633789062,78.56999969482422,79.70999908447266,25431,0.0,1.2699966430664062,2018,0.0,0.0025279497285603664,-0.012656667889791806,0.0028905788339290694
2018-05-25,359.0,359.0,359.0,359.0,76.44000244140625,78.86000061035156,76.0,78.86000061035156,42387,0.0,2.8600006103515625,2018,-0.002777777777777768,0.002534643218221069,-0.029826100353020468,-0.012656667889791806
2018-05-29,359.0,359.0,355.0,359.0,75.38999938964844,76.18000030517578,74.51000213623047,75.5,19800,0.0,1.6699981689453125,2018,0.0,0.002534643218221069,-0.013736303221113522,-0.029826100353020468
2018-05-30,356.0,356.0,356.0,356.0,77.5,77.72000122070312,74.87999725341797,75.4000015258789,9673,0.0,2.8400039672851562,2018,-0.00835654596100277,0.0029587048579674292,0.027987805112534403,-0.013736303221113522
2018-05-31,359.0,359.0,359.0,359.0,77.58999633789062,78.72000122070312,77.08000183105469,77.54000091552734,1039,0.0,1.6399993896484375,2018,0.008426966292134797,0.0033171704906430257,0.0011612430695564502,0.027987805112534403
2018-06-01,359.0,359.0,359.0,359.0,77.58999633789062,77.58999633789062,77.58999633789062,77.58999633789062,35684,0.0,0.0,2018,0.0,0.0033171704906430257,0.0,0.0011612430695564502
2018-06-04,358.0,359.0,358.0,358.0,75.29000091552734,76.93000030517578,75.19999694824219,76.61000061035156,31642,0.0,1.7300033569335938,2018,-0.0027855153203342198,0.003317253557883105,-0.02964293763267123,0.0
2018-06-05,358.0,359.0,358.0,358.0,75.37999725341797,75.7300033569336,73.81999969482422,75.5199966430664,43436,0.0,1.910003662109375,2018,0.0,0.003317253557883105,0.0011953292176420938,-0.02964293763267123
2018-06-06,358.0,359.0,358.0,358.0,75.36000061035156,76.26000213623047,74.47000122070312,75.08999633789062,37262,0.0,1.7900009155273438,2018,0.0,0.003317253557883105,-0.0002652778428630098,0.0011953292176420938
2018-06-07,358.0,358.0,357.0,358.0,77.31999969482422,77.37000274658203,75.41999816894531,75.91000366210938,36710,0.0,1.9500045776367188,2018,0.0,0.003277886061408886,0.026008480209638307,-0.0002652778428630098
2018-06-08,358.0,358.0,357.0,358.0,76.45999908447266,77.58000183105469,76.13999938964844,77.26000213623047,21902,0.0,1.44000244140625,2018,0.0,0.003277886061408886,-0.011122615283832293,0.026008480209638307
2018-06-11,358.0,359.0,359.0,359.0,76.45999908447266,76.81999969482422,75.52999877929688,76.38999938964844,22516,-1.0,1.2900009155273438,2018,0.0,0.003277886061408886,0.0,-0.011122615283832293
2018-06-12,358.0,359.0,359.0,359.0,75.87999725341797,77.06999969482422,75.44999694824219,76.44999694824219,26330,-1.0,1.6200027465820312,2018,0.0,0.0032353542635328034,-0.007585689746267277,0.0
2018-06-13,358.0,359.0,358.0,358.0,76.73999786376953,76.87000274658203,75.19999694824219,75.4800033569336,30468,0.0,1.6700057983398438,2018,0.0,0.0032353542635328034,0.0113336932193,-0.007585689746267277
2018-06-14,359.0,359.0,355.0,359.0,75.94000244140625,76.91000366210938,75.7699966430664,76.55000305175781,24181,0.0,1.1400070190429688,2018,0.0027932960893854997,0.003277886061408886,-0.010424751689248835,0.0113336932193
2018-06-15,356.0,359.0,356.0,356.0,73.44000244140625,76.91000366210938,73.06999969482422,76.55000305175781,30144,0.0,3.8400039672851562,2018,-0.00835654596100277,0.0036159726988281354,-0.032920725831276476,-0.010424751689248835
2018-06-18,358.0,358.0,358.0,358.0,75.33999633789062,75.54000091552734,72.44000244140625,73.05000305175781,31861,0.0,3.0999984741210938,2018,0.00561797752808979,0.003772694807361387,0.025871375726059798,-0.032920725831276476
2018-06-19,358.0,358.0,358.0,358.0,75.08000183105469,75.52999877929688,74.44999694824219,75.41999816894531,33282,0.0,1.0800018310546875,2018,0.0,0.0037380865894416316,-0.003450949289536598,0.025871375726059798
2018-06-20,358.0,358.0,358.0,358.0,74.73999786376953,75.8499984741211,74.11000061035156,75.0199966430664,47160,0.0,1.7399978637695312,2018,0.0,0.0037380865894416316,-0.004528555660537115,-0.003450949289536598
2018-06-21,360.0,360.0,359.0,360.0,73.05000305175781,74.68000030517578,72.94000244140625,74.36000061035156,49077,0.0,1.7399978637695312,2018,0.005586592178770999,0.0038431987428917042,-0.022611651864000826,-0.004528555660537115
2018-06-22,358.0,358.0,358.0,358.0,75.55000305175781,75.80999755859375,73.18000030517578,73.37000274658203,59882,0.0,2.6299972534179688,2018,-0.005555555555555536,0.003979603838011055,0.034223133409435835,-0.022611651864000826
2018-06-25,358.0,358.0,358.0,358.0,74.7300033569336,75.12999725341797,73.73999786376953,75.06999969482422,41565,0.0,1.3899993896484375,2018,0.0,0.003942636597833138,-0.010853734767720002,0.034223133409435835
2018-06-26,358.0,358.0,357.0,358.0,76.30999755859375,76.69999694824219,74.12999725341797,74.75,41470,0.0,2.5699996948242188,2018,0.0,0.0038095784702157007,0.02114270213683267,-0.010853734767720002
2018-06-27,357.0,358.0,357.0,357.0,77.62000274658203,78.16999816894531,76.27999877929688,76.4800033569336,24472,0.0,1.8899993896484375,2018,-0.0027932960893854997,0.003691757382535855,0.0171668880867466,0.02114270213683267
2018-06-28,357.0,357.0,357.0,357.0,77.8499984741211,78.4000015258789,77.11000061035156,77.51000213623047,14662,0.0,1.2900009155273438,2018,0.0,0.003691757382535855,0.0029630986781843394,0.0171668880867466
2018-06-29,357.0,360.3800048828125,359.2799987792969,360.3800048828125,79.44000244140625,79.69999694824219,77.7699966430664,77.7699966430664,37117,-3.3800048828125,1.9300003051757812,2018,0.0,0.003691757382535855,0.020423943461138405,0.0029630986781843394
2018-07-02,359.5,360.0,358.3599853515625,358.3599853515625,77.30000305175781,78.93000030517578,77.18000030517578,78.9000015258789,30859,1.1400146484375,1.75,2018,0.007002801120448154,0.003923675197427776,-0.02693856147885787,0.020423943461138405
2018-07-03,360.0,360.0,359.45001220703125,359.7799987792969,77.76000213623047,78.55999755859375,76.68000030517578,77.41999816894531,22785,0.220001220703125,1.8799972534179688,2018,0.0013908205841446364,0.0037895664009570344,0.005950828800933561,-0.02693856147885787
2018-07-05,359.6099853515625,360.0,358.0,359.260009765625,77.38999938964844,78.48999786376953,77.30999755859375,78.11000061035156,27678,0.3499755859375,1.1800003051757812,2018,-0.0010833740234375,0.0036554843352105985,-0.004758265643226345,0.005950828800933561
2018-07-06,360.0,360.0,359.29998779296875,359.29998779296875,77.11000061035156,77.69999694824219,76.37000274658203,77.58000183105469,25487,0.70001220703125,1.3299942016601562,2018,0.0010845489956465837,0.0036611464455717567,-0.003618022761405104,-0.004758265643226345
2018-07-09,360.0,360.0,358.1300048828125,360.0,78.06999969482422,78.30999755859375,77.06999969482422,77.23999786376953,14925,0.0,1.2399978637695312,2018,0.0,0.0036611464455717567,0.01244973514296377,-0.003618022761405104
2018-07-10,358.0,360.04998779296875,359.5,360.04998779296875,78.86000061035156,79.5,78.20999908447266,78.25,19767,-2.04998779296875,1.2900009155273438,2018,-0.005555555555555536,0.0037675691908200457,0.010119135629761189,0.01244973514296377
2018-07-11,360.5,360.5,359.5,360.5,73.4000015258789,78.88999938964844,73.04000091552734,78.83000183105469,48913,0.0,5.849998474121094,2018,0.006983240223463749,0.003982658818577722,-0.06923660971612966,0.010119135629761189
2018-07-12,360.0,360.6400146484375,360.260009765625,360.32000732421875,74.44999694824219,75.12999725341797,72.68000030517578,73.77999877929688,46443,-0.32000732421875,2.4499969482421875,2018,-0.001386962552011095,0.0036597242128061478,0.014305114448711187,-0.06923660971612966
2018-07-13,360.5,360.5,359.0,360.5,75.33000183105469,75.91999816894531,73.2300033569336,74.33000183105469,27308,0.0,2.6899948120117188,2018,0.001388888888888884,0.003337418770270394,0.011820079501471126,0.014305114448711187
2018-07-16,360.0,361.0,358.0,360.0,71.83999633789062,75.37000274658203,71.52999877929688,75.0,27134,0.0,3.8400039672851562,2018,-0.001386962552011095,0.0033490739636470803,-0.04632955540066519,0.011820079501471126
2018-07-17,360.5,360.5,360.5,360.5,72.16000366210938,72.77999877929688,71.36000061035156,71.9000015258789,28197,0.0,1.4199981689453125,2018,0.001388888888888884,0.0033116422146323606,0.004454445163299292,-0.04632955540066519
2018-07-18,360.5,360.5,360.0,360.5,72.9000015258789,73.2699966430664,71.19999694824219,71.63999938964844,25625,0.0,2.0699996948242188,2018,0.0,0.0033116422146323606,0.010254958789007063,0.004454445163299292
2018-07-19,360.5,361.489990234375,359.0,360.5,72.58000183105469,73.80000305175781,71.83000183105469,72.9800033569336,31672,0.0,1.970001220703125,2018,0.0,0.0033116422146323606,-0.0043895704818417425,0.010254958789007063
2018-07-23,360.5,358.9700012207031,358.25,358.25,73.05999755859375,74.48999786376953,72.52999877929688,72.91999816894531,29479,2.25,1.9599990844726562,2018,0.0,0.0033116422146323606,0.006613333086658679,-0.0043895704818417425
2018-07-24,358.9700012207031,361.04998779296875,359.2900085449219,359.2900085449219,73.44000244140625,74.01000213623047,72.68000030517578,73.0,21747,-0.32000732421875,1.3300018310546875,2018,-0.004244102023014951,0.0034112816582917383,0.005201271496179993,0.006613333086658679
2018-07-25,361.04998779296875,361.8599853515625,360.95001220703125,361.45001220703125,73.93000030517578,74.30000305175781,73.08000183105469,73.66000366210938,25329,-0.4000244140625,1.220001220703125,2018,0.005794318648334018,0.0035661868124907403,0.0066720839798510845,0.005201271496179993
2018-07-26,360.95001220703125,361.5,359.6199951171875,360.2799987792969,74.54000091552734,74.81999969482422,73.77999877929688,74.3499984741211,26293,0.670013427734375,1.0400009155273438,2018,-0.00027690233850619084,0.003567318676154524,0.008251056510665933,0.0066720839798510845
2018-07-27,361.5,363.6099853515625,361.04998779296875,362.55999755859375,74.29000091552734,74.8499984741211,73.83000183105469,74.47000122070312,15109,-1.05999755859375,1.0199966430664062,2018,0.0015237228823068438,0.003574039393290424,-0.0033539039029971685,0.008251056510665933
2018-07-30,361.04998779296875,360.5,359.80999755859375,360.0199890136719,74.97000122070312,75.2699966430664,74.1500015258789,74.3499984741211,9053,1.029998779296875,1.1199951171875,2018,-0.0012448470457295802,0.0035540748654692084,0.009153322072898984,-0.0033539039029971685
2018-07-31,360.5,361.3500061035156,359.17999267578125,359.17999267578125,74.25,75.0999984741211,74.18000030517578,74.88999938964844,1463,1.32000732421875,0.9199981689453125,2018,-0.001523300959877405,0.003187078209774337,-0.009603857662794035,0.009153322072898984
2018-08-01,359.5,362.82000732421875,359.5,361.1600036621094,74.25,74.25,74.25,74.25,23660,-1.660003662109375,0.0,2018,-0.00277392510402219,0.0030820019505751793,0.0,-0.009603857662794035
2018-08-02,359.0,361.7200012207031,359.5,361.7200012207031,73.44999694824219,73.73999786376953,71.83999633789062,72.5999984741211,21038,-2.720001220703125,1.9000015258789062,2018,-0.0013908205841446364,0.0030946768221043735,-0.010774451875526059,0.0
2018-08-03,359.5,362.6600036621094,358.0,361.0799865722656,73.20999908447266,73.7300033569336,72.4800033569336,73.44000244140625,15946,-1.579986572265625,1.25,2018,0.0013927576601671099,0.0031035960377219815,-0.003267499982861133,-0.010774451875526059
2018-08-06,360.0,360.5799865722656,359.9200134277344,360.0,73.75,74.45999908447266,73.13999938964844,73.29000091552734,20253,0.0,1.3199996948242188,2018,0.0013908205841446364,0.002940109960500785,0.007376054122118836,-0.003267499982861133
2018-08-07,360.0,361.04998779296875,359.3399963378906,359.70001220703125,74.6500015258789,74.9000015258789,73.5999984741211,73.66000366210938,18289,0.29998779296875,1.3000030517578125,2018,0.0,0.0027464320102048136,0.012203410520391866,0.007376054122118836
2018-08-08,359.5,361.95001220703125,359.5,360.1600036621094,72.27999877929688,74.86000061035156,71.66000366210938,74.52999877929688,23735,-0.660003662109375,3.1999969482421875,2018,-0.001388888888888884,0.002761399464112232,-0.031748194214844316,0.012203410520391866
2018-08-09,360.0,361.5299987792969,358.0,360.760009765625,72.06999969482422,72.87999725341797,71.8499984741211,72.12999725341797,15939,-0.760009765625,1.029998779296875,2018,0.0013908205841446364,0.002770574678130246,-0.0029053553959494938,-0.031748194214844316
2018-08-10,360.0,363.69000244140625,360.0,361.8399963378906,72.80999755859375,73.13999938964844,71.41000366210938,72.0,16195,-1.839996337890625,1.7299957275390625,2018,0.0,0.0027132219146596965,0.01026776560154019,-0.0029053553959494938
2018-08-13,360.0,361.20001220703125,360.0,361.20001220703125,72.61000061035156,73.08999633789062,71.04000091552734,72.98999786376953,17644,-1.20001220703125,2.0499954223632812,2018,0.0,0.0027132219146596965,-0.0027468336073110944,0.01026776560154019
2018-08-14,360.0,362.1600036621094,360.0,360.1600036621094,72.45999908447266,73.93000030517578,72.0999984741211,72.87999725341797,20737,-0.160003662109375,1.8300018310546875,2018,0.0,0.0027132219146596965,-0.0020658521500896976,-0.0027468336073110944
2018-08-15,360.0,361.07000732421875,359.5,360.0,70.76000213623047,72.44000244140625,70.30000305175781,72.16999816894531,25245,0.0,2.1399993896484375,2018,0.0,0.0023980509391085493,-0.023461178163421748,-0.0020658521500896976
2018-08-16,360.0,361.29998779296875,359.5,360.1099853515625,71.43000030517578,71.51000213623047,70.4000015258789,70.7699966430664,18403,-0.1099853515625,1.1100006103515625,2018,0.0,0.002384624133274934,0.009468600179737052,-0.023461178163421748
2018-08-17,360.0,362.05999755859375,360.0,360.6199951171875,71.83000183105469,72.4800033569336,71.2699966430664,71.3499984741211,15051,-0.6199951171875,1.2100067138671875,2018,0.0,0.00237579579415132,0.005599909340192388,0.009468600179737052
2018-08-20,360.510009765625,362.1600036621094,359.5,360.55999755859375,72.20999908447266,72.73999786376953,71.44999694824219,71.77999877929688,18514,-0.04998779296875,1.2900009155273438,2018,0.0014166937934028123,0.0023816036939171086,0.005290230317851474,0.005599909340192388
2018-08-21,360.0,362.239990234375,359.5799865722656,359.7900085449219,72.62999725341797,72.94999694824219,72.05999755859375,72.12999725341797,15578,0.209991455078125,0.8899993896484375,2018,-0.0014146896114106688,0.002396584876796859,0.005816343640359101,0.005290230317851474
2018-08-22,361.5,362.04998779296875,360.0,361.0,74.77999877929688,74.98999786376953,72.68000030517578,72.75,19801,0.5,2.30999755859375,2018,0.004166666666666652,0.002273211489844875,0.02960211492748921,0.005816343640359101
2018-08-23,361.0,362.3599853515625,361.6600036621094,361.6600036621094,74.7300033569336,74.88999938964844,74.20999908447266,74.88999938964844,14222,-0.660003662109375,0.6800003051757812,2018,-0.0013831258644536604,0.0019131168068045714,-0.0006685667715886634,0.02960211492748921
2018-08-24,362.0,363.44000244140625,361.3999938964844,362.7200012207031,75.81999969482422,76.4000015258789,74.69999694824219,74.73999786376953,19745,-0.720001220703125,1.7000045776367188,2018,0.0027700831024930483,0.001955675288306665,0.014585792706103051,-0.0006685667715886634
2018-08-27,360.0799865722656,360.8500061035156,359.5199890136719,359.5199890136719,76.20999908447266,76.3499984741211,75.4000015258789,75.61000061035156,9993,0.55999755859375,0.9499969482421875,2018,-0.005303904496503753,0.0021823862682795333,0.005143753511186899,0.014585792706103051
2018-08-28,360.8500061035156,361.55999755859375,358.7300109863281,359.7900085449219,75.94999694824219,76.95999908447266,75.7300033569336,76.29000091552734,17281,1.05999755859375,1.2299957275390625,2018,0.0021384680070117845,0.002201992293028902,-0.003411653842723128,0.005143753511186899
2018-08-29,361.55999755859375,361.6700134277344,361.25,361.6099853515625,77.13999938964844,77.41999816894531,75.69999694824219,75.91000366210938,8895,-0.04998779296875,1.720001220703125,2018,0.0019675528420926014,0.0022163322224608485,0.015668235539459063,-0.003411653842723128
2018-08-30,361.25,361.54998779296875,359.5899963378906,360.4200134277344,77.7699966430664,78.0,77.20999908447266,77.30999755859375,9125,0.829986572265625,0.7900009155273438,2018,-0.0008573889829820436,0.002223186899767263,0.008166933606464477,0.015668235539459063
2018-08-31,361.54998779296875,362.5,361.6700134277344,362.0199890136719,77.41999816894531,77.79000091552734,77.0999984741211,77.5,17690,-0.470001220703125,0.69000244140625,2018,0.0008304160358996171,0.0022274294554480477,-0.004500430618859963,0.008166933606464477
2018-09-04,359.0199890136719,359.17999267578125,359.04998779296875,359.04998779296875,78.16999816894531,79.70999908447266,77.45999908447266,78.19000244140625,36059,-0.029998779296875,2.25,2018,-0.0069976458711584755,0.002577134384300085,0.009687419500622463,-0.004500430618859963
2018-09-05,359.17999267578125,361.0199890136719,358.17999267578125,358.67999267578125,77.2699966430664,78.05999755859375,76.91999816894531,77.88999938964844,27811,0.5,1.1399993896484375,2018,0.0004456678374620271,0.0024587360316191804,-0.011513388089555487,0.009687419500622463
2018-09-06,361.0199890136719,360.3800048828125,358.9599914550781,360.3800048828125,76.5,77.75,75.63999938964844,77.13999938964844,31739,0.639984130859375,2.1100006103515625,2018,0.005122769573503216,0.0024068853832455547,-0.009965014578986686,-0.011513388089555487
2018-09-07,358.9599914550781,359.29998779296875,359.1000061035156,359.1000061035156,76.83000183105469,77.08000183105469,75.88999938964844,76.58000183105469,17798,-0.1400146484375,1.19000244140625,2018,-0.005706048477320591,0.0026228437808711036,0.004313749425551405,-0.009965014578986686
2018-09-10,359.29998779296875,362.94000244140625,359.29998779296875,359.29998779296875,77.37000274658203,77.91000366210938,76.8499984741211,76.8499984741211,23036,0.0,1.0600051879882812,2018,0.0009471705649213291,0.0026120124030398427,0.007028516239200089,0.004313749425551405
2018-09-11,361.5,362.8500061035156,361.8599853515625,361.8599853515625,79.05999755859375,79.5199966430664,77.36000061035156,77.36000061035156,29921,-0.3599853515625,2.1599960327148438,2018,0.006123051159965254,0.00284627828852655,0.02184302380791081,0.007028516239200089
2018-09-12,362.7099914550781,362.92999267578125,357.0,362.57000732421875,79.73999786376953,80.11000061035156,78.75,79.47000122070312,29906,0.139984130859375,1.3600006103515625,2018,0.0033471409545728914,0.0028922445471505783,0.008601066609846608,0.02184302380791081
2018-09-13,360.5,363.1300048828125,361.0400085449219,361.0400085449219,78.18000030517578,79.7699966430664,77.87000274658203,79.7699966430664,28501,-0.540008544921875,1.899993896484375,2018,-0.00609299855846912,0.0030683555483297445,-0.019563551547354008,0.008601066609846608
2018-09-14,362.5,362.5,359.0199890136719,361.8800048828125,78.08999633789062,78.93000030517578,77.37999725341797,78.36000061035156,24296,0.6199951171875,1.5500030517578125,2018,0.00554785020804438,0.0032105460582646773,-0.0011512403035792707,-0.019563551547354008
2018-09-17,362.0,362.0,361.4100036621094,361.4100036621094,78.05000305175781,78.88999938964844,77.7300033569336,78.06999969482422,21749,0.589996337890625,1.1599960327148438,2018,-0.0013793103448276334,0.0032187386410415584,-0.0005121435268067298,-0.0011512403035792707
2018-09-18,361.0,362.0,358.8699951171875,361.1499938964844,79.02999877929688,79.72000122070312,77.5,77.88999938964844,22637,-0.149993896484375,2.220001220703125,2018,-0.002762430939226568,0.0032564545622435627,0.012555998580668692,-0.0005121435268067298
2018-09-19,362.0,362.0,361.5,362.0,79.4000015258789,79.5,78.5199966430664,78.86000061035156,19118,0.0,0.9800033569335938,2018,0.0027700831024930483,0.003292663053643395,0.004681801243795025,0.012555998580668692
2018-09-20,361.5,362.6400146484375,362.0,362.0,78.69999694824219,79.81999969482422,78.5199966430664,79.33000183105469,22855,-0.5,1.3000030517578125,2018,-0.0013812154696132284,0.0032925364740089445,-0.008816178390230411,0.004681801243795025
2018-09-21,360.0,362.4200134277344,360.82000732421875,360.82000732421875,78.80000305175781,80.12000274658203,78.23999786376953,78.69999694824219,36594,-0.82000732421875,1.8800048828125,2018,-0.004149377593360981,0.003377155986642009,0.001270725633971681,-0.008816178390230411
2018-09-24,362.0,363.0,362.0,362.9100036621094,81.19999694824219,81.4800033569336,79.0999984741211,79.0999984741211,21939,-0.910003662109375,2.3800048828125,2018,0.005555555555555536,0.0035258865215237836,0.030456774156569555,0.001270725633971681
2018-09-25,363.44000244140625,363.3900146484375,361.0199890136719,363.3900146484375,81.87000274658203,82.54000091552734,81.16999816894531,81.44999694824219,30081,0.04998779296875,1.3700027465820312,2018,0.003977907296702332,0.0035926337602195492,0.00825130324533041,0.030456774156569555
2018-09-26,362.5,363.5400085449219,360.9700012207031,361.739990234375,81.33999633789062,82.19000244140625,81.12000274658203,81.51000213623047,17271,0.760009765625,1.0699996948242188,2018,-0.0025864033543137044,0.003631482837784291,-0.00647375584354104,0.00825130324533041
2018-09-27,363.0,363.6099853515625,360.0,363.29998779296875,81.72000122070312,82.41999816894531,81.33999633789062,81.80999755859375,14317,-0.29998779296875,1.0800018310546875,2018,0.0013793103448276334,0.0036371048285826994,0.004671808457354043,-0.00647375584354104
2018-09-28,360.0,364.2300109863281,362.3500061035156,362.3500061035156,82.72000122070312,82.8499984741211,81.54000091552734,81.54000091552734,38868,-2.350006103515625,1.30999755859375,2018,-0.008264462809917328,0.00395810278635998,0.012236906327243835,0.004671808457354043
2018-10-01,362.0,364.1000061035156,363.3500061035156,363.3500061035156,84.9800033569336,85.44000244140625,82.55999755859375,82.91999816894531,34024,-1.350006103515625,2.8800048828125,2018,0.005555555555555536,0.004085643184732676,0.027321108593804544,0.012236906327243835
2018-10-02,362.5,365.1000061035156,363.7699890136719,363.79998779296875,84.80000305175781,85.37000274658203,84.31999969482422,85.05999755859375,25338,-1.29998779296875,1.0500030517578125,2018,0.0013812154696133394,0.0040852818144587145,-0.0021181489534630726,0.027321108593804544
2018-10-03,362.760009765625,362.989990234375,360.0,362.989990234375,86.29000091552734,86.72000122070312,84.01000213623047,84.70999908447266,31424,-0.22998046875,2.7099990844726562,2018,0.0007172683189655693,0.004074906501126221,0.01757072889325384,-0.0021181489534630726
2018-10-04,360.0,364.9200134277344,360.0,364.9200134277344,84.58000183105469,86.41999816894531,84.1500015258789,86.12999725341797,35552,-4.920013427734375,2.2699966430664062,2018,-0.00760836280550381,0.0042492626122150896,-0.019816885691618435,0.01757072889325384
2018-10-05,363.0,363.20001220703125,361.94000244140625,362.4700012207031,84.16000366210938,85.11000061035156,83.91999816894531,84.70999908447266,27778,0.529998779296875,1.19000244140625,2018,0.008333333333333304,0.004512582433909923,-0.004965691178208331,-0.019816885691618435
2018-10-08,363.0,362.55999755859375,362.4700012207031,362.4700012207031,83.91000366210938,84.30999755859375,82.66000366210938,84.11000061035156,31603,0.529998779296875,1.649993896484375,2018,0.0,0.0044863179608190164,-0.0029705321901328796,-0.004965691178208331
2018-10-09,362.55999755859375,363.54998779296875,361.8299865722656,362.20001220703125,85.0,85.44000244140625,83.72000122070312,83.7699966430664,39232,0.3599853515625,1.720001220703125,2018,-0.0012121279377582672,0.004377182120871111,0.012990064239299048,-0.0029705321901328796
2018-10-10,362.5,362.6099853515625,361.7799987792969,362.1400146484375,83.08999633789062,85.16000366210938,82.27999877929688,84.87999725341797,31715,0.3599853515625,2.8800048828125,2018,-0.000165483117270937,0.004362878072325564,-0.022470631318933787,0.012990064239299048
2018-10-11,362.5,363.75,361.5799865722656,362.0400085449219,80.26000213623047,82.61000061035156,79.80000305175781,82.58999633789062,48195,0.459991455078125,2.80999755859375,2018,0.0,0.00434955732917909,-0.03405938532181185,-0.022470631318933787
2018-10-12,362.5,363.6199951171875,362.5,362.8599853515625,80.43000030517578,81.47000122070312,79.22000122070312,80.27999877929688,37537,-0.3599853515625,2.25,2018,0.0,0.004345894192424995,0.0021180932521875917,-0.03405938532181185
2018-10-15,362.5,364.7200012207031,362.5,364.7200012207031,80.77999877929688,81.91000366210938,79.8499984741211,80.97000122070312,31577,-2.220001220703125,2.0600051879882812,2018,0.0,0.004343885620478563,0.0043515911077096625,0.0021180932521875917
2018-10-16,363.5,363.5,361.0,363.25,81.41000366210938,81.73999786376953,79.80000305175781,80.69999694824219,33816,0.25,1.9399948120117188,2018,0.0027586206896552667,0.004155578400861446,0.00779902070231242,0.0043515911077096625
2018-10-17,363.0,363.5400085449219,362.5899963378906,363.2699890136719,80.05000305175781,81.83999633789062,79.16999816894531,81.5999984741211,38202,-0.269989013671875,2.6699981689453125,2018,-0.0013755158184318717,0.004168499998247742,-0.016705571172754397,0.00779902070231242
2018-10-18,363.5,363.9800109863281,363.0,363.739990234375,79.29000091552734,80.33000183105469,78.69000244140625,80.33000183105469,41270,-0.239990234375,1.6399993896484375,2018,0.0013774104683195176,0.004076032544745783,-0.009494092532876919,-0.016705571172754397
2018-10-19,363.0,363.0,361.4200134277344,363.0,79.77999877929688,80.88999938964844,79.22000122070312,79.33999633789062,34401,0.0,1.6699981689453125,2018,-0.0013755158184318717,0.003932485791675901,0.0061798191210964415,-0.009494092532876919
2018-10-22,363.0,363.1099853515625,359.9700012207031,359.9700012207031,79.83000183105469,80.38999938964844,78.97000122070312,80.08000183105469,37080,3.029998779296875,1.4199981689453125,2018,0.0,0.003931582366594199,0.0006267617513524559,0.0061798191210964415
2018-10-23,363.0,364.3800048828125,362.5,363.69000244140625,76.44000244140625,80.12000274658203,75.87999725341797,80.0199966430664,60226,-0.69000244140625,4.2400054931640625,2018,0.0,0.0037774088657633333,-0.042465230012429855,0.0006267617513524559
2018-10-24,363.0,363.1199951171875,361.0,363.05999755859375,76.16999816894531,77.55999755859375,75.12999725341797,76.19000244140625,57413,-0.05999755859375,2.4300003051757812,2018,0.0,0.0037286826359932837,-0.0035322378837953083,-0.042465230012429855
2018-10-25,362.5,363.2699890136719,361.4100036621094,361.9599914550781,76.88999938964844,77.05000305175781,75.37000274658203,75.69999694824219,33325,0.540008544921875,1.6800003051757812,2018,-0.0013774104683195176,0.0035569548045749793,0.009452556623490427,-0.0035322378837953083
2018-10-26,362.5,364.19000244140625,362.5,363.3399963378906,77.62000274658203,77.91000366210938,75.7699966430664,76.62000274658203,33549,-0.839996337890625,2.1400070190429688,2018,0.0,0.003410003457150497,0.009494126189730112,0.009452556623490427
2018-10-29,361.6600036621094,363.0,360.489990234375,361.6600036621094,77.33999633789062,78.01000213623047,76.55000305175781,77.69000244140625,17057,0.0,1.4599990844726562,2018,-0.002317231276939613,0.0034273940502300465,-0.003607400138925354,0.009494126189730112
2018-10-30,363.0,363.0,362.30999755859375,363.0,75.91000366210938,77.31999969482422,75.11000061035156,76.83999633789062,19196,0.0,2.2099990844726562,2018,0.0037051272585357786,0.003452626146913976,-0.018489691537270758,-0.003607400138925354
2018-10-31,363.0,363.0,362.5,363.0,75.47000122070312,76.88999938964844,75.47000122070312,76.18000030517578,2451,0.0,1.4199981689453125,2018,0.0,0.0034181128441202685,-0.005796369650629796,-0.018489691537270758
2018-11-01,363.0,363.0,362.44000244140625,363.0,75.5,75.5,75.5,75.5,33938,0.0,0.0,2018,0.0,0.003406790316300165,0.0003974927628416225,-0.005796369650629796
2018-11-02,363.0,363.0,362.32000732421875,363.0,72.83000183105469,73.4800033569336,72.16999816894531,72.66000366210938,36090,0.0,1.3100051879882812,2018,0.0,0.0033093235571007083,-0.03536421415821611,0.0003974927628416225
2018-11-05,362.5,363.1600036621094,251.0,362.5,73.16999816894531,74.12000274658203,72.2300033569336,72.75,28438,0.0,1.8899993896484375,2018,-0.0013774104683195176,0.0031673852221527567,0.004668355476350472,-0.03536421415821611
2018-11-06,362.5,363.0,361.739990234375,362.5,72.12999725341797,73.2699966430664,71.18000030517578,72.72000122070312,32871,0.0,2.089996337890625,2018,0.0,0.0030793583067901514,-0.014213488336107916,0.004668355476350472
2018-11-07,362.5,363.25,362.5,362.5,72.06999969482422,73.52999877929688,71.3499984741211,71.75,36648,0.0,2.1800003051757812,2018,0.0,0.003042805645887231,-0.0008317975998661797,-0.014213488336107916
2018-11-08,362.5,364.79998779296875,362.489990234375,362.5,70.6500015258789,73.05999755859375,70.51000213623047,72.13999938964844,39896,0.0,2.5499954223632812,2018,0.0,0.003031716012963387,-0.019703041139977895,-0.0008317975998661797
2018-11-09,363.0,364.0,359.05999755859375,363.0,70.18000030517578,70.9800033569336,69.16000366210938,70.94999694824219,32611,0.0,1.8199996948242188,2018,0.0013793103448276334,0.0026119701686188163,-0.006652529519492911,-0.019703041139977895
2018-11-12,364.0,364.0,362.8500061035156,364.0,70.12000274658203,71.86000061035156,68.88999938964844,70.54000091552734,39814,0.0,2.970001220703125,2018,0.0027548209366390353,0.002462692746612614,-0.000854909637116763,-0.006652529519492911
2018-11-13,362.8500061035156,363.5,360.0,362.8500061035156,65.47000122070312,69.66999816894531,64.63999938964844,69.13999938964844,56981,0.0,5.029998779296875,2018,-0.0031593238914405797,0.002525468274810538,-0.06631490792555006,-0.000854909637116763
2018-11-14,362.5,364.5,360.0,362.5,66.12000274658203,67.62000274658203,65.01000213623047,65.27999877929688,47372,0.0,2.6100006103515625,2018,-0.0009646027218634945,0.0025284721985262466,0.009928234515953482,-0.06631490792555006
2018-11-15,364.0,364.0,361.0,364.0,66.62000274658203,67.4000015258789,65.75,65.91999816894531,35140,0.0,1.6500015258789062,2018,0.004137931034482678,0.002201308504939396,0.007562008155328481,0.009928234515953482
2018-11-16,363.0,363.0,362.55999755859375,363.0,66.76000213623047,68.37999725341797,66.0999984741211,66.75,37139,0.0,2.279998779296875,2018,-0.0027472527472527375,0.0016892475087781761,0.002101461781395919,0.007562008155328481
2018-11-19,364.0,364.0,358.0,364.0,66.79000091552734,67.62000274658203,65.2699966430664,67.01000213623047,29353,0.0,2.350006103515625,2018,0.0027548209366390353,0.0017624594317063175,0.00044935258144018775,0.002101461781395919
2018-11-20,362.0,363.04998779296875,362.0,362.0,62.529998779296875,66.95999908447266,61.7599983215332,66.91000366210938,44030,0.0,5.200000762939453,2018,-0.005494505494505475,0.0020256030327849466,-0.06378203440389685,0.00044935258144018775
2018-11-21,363.5,363.5,361.0,363.5,63.47999954223633,64.45999908447266,62.40999984741211,62.40999984741211,41292,0.0,2.049999237060547,2018,0.004143646408839796,0.002165078487656771,0.01519271999816496,-0.06378203440389685
2018-11-23,359.1099853515625,359.4700012207031,358.8599853515625,359.1099853515625,58.79999923706055,62.810001373291016,58.43000030517578,62.619998931884766,56080,0.0,4.380001068115234,2018,-0.012077069184147193,0.0031028683455272496,-0.07372401290050346,0.01519271999816496
2018-11-26,363.5,363.7099914550781,358.57000732421875,363.5,60.47999954223633,61.09000015258789,58.599998474121094,59.150001525878906,35607,0.0,2.490001678466797,2018,0.012224707826321568,0.003856074254454564,0.02857143413221186,-0.07372401290050346
2018-11-27,362.75,363.0,362.45001220703125,362.75,60.209999084472656,61.400001525878906,58.95000076293945,60.40999984741211,47106,0.0,2.450000762939453,2018,-0.0020632737276479185,0.0038762484136558445,-0.004464293316918999,0.02857143413221186
2018-11-28,361.0,364.0,363.0,363.5,58.7599983215332,61.2599983215332,58.560001373291016,60.83000183105469,18435,-2.5,2.6999969482421875,2018,-0.004824259131633313,0.003938926974171333,-0.024082391379962487,-0.004464293316918999
2018-11-29,364.010009765625,364.010009765625,362.3500061035156,364.010009765625,59.5099983215332,60.369998931884766,57.52000045776367,58.77000045776367,8794,0.0,2.8499984741210938,2018,0.008337977190096879,0.004229399853649277,0.012763785252273507,-0.024082391379962487
2018-11-30,363.5,363.510009765625,363.5,363.5,58.709999084472656,59.88999938964844,58.25,59.22999954223633,39344,0.0,1.6399993896484375,2018,-0.0014010872007431674,0.0042309126785505975,-0.013443106362365231,0.012763785252273507
2018-12-03,363.5,364.5899963378906,362.6000061035156,363.5,61.689998626708984,62.59000015258789,59.5,59.88999938964844,33207,0.0,3.0900001525878906,2018,0.0,0.0042228407728157,0.05075795586282794,-0.013443106362365231
2018-12-04,363.5,363.5,360.0,363.5,62.08000183105469,63.560001373291016,61.2400016784668,61.86000061035156,35475,0.0,2.3199996948242188,2018,0.0,0.0042228407728157,0.006321984325297958,0.05075795586282794
2018-12-06,363.0,363.4200134277344,362.7200012207031,363.0,60.060001373291016,61.959999084472656,58.38999938964844,61.70000076293945,60772,0.0,3.5699996948242188,2018,-0.0013755158184318717,0.0042309126785505975,-0.03253866620785428,0.006321984325297958
2018-12-07,363.5,364.0,362.3800048828125,363.5,61.66999816894531,63.709999084472656,59.099998474121094,60.310001373291016,59861,0.0,4.6100006103515625,2018,0.0013774104683195176,0.004238282989702487,0.026806472841178985,-0.03253866620785428
2018-12-10,364.0,364.0,363.5,364.0,59.970001220703125,62.310001373291016,59.560001373291016,61.45000076293945,34114,0.0,2.75,2018,0.0013755158184318717,0.0042360114664997525,-0.027566028842501922,0.026806472841178985
2018-12-11,363.5,364.19000244140625,361.0,363.5,60.20000076293945,61.09000015258789,59.619998931884766,59.88999938964844,31823,0.0,1.470001220703125,2018,-0.0013736263736263687,0.004245061821354559,0.00383524324753437,-0.027566028842501922
2018-12-12,364.5,364.5299987792969,364.0,364.5,60.150001525878906,61.41999816894531,59.9900016784668,60.5099983215332,31651,0.0,1.4299964904785156,2018,0.0027510316368637433,0.004246374605826015,-0.0008305521001144012,0.00383524324753437
2018-12-13,362.0,364.0,362.9200134277344,364.0,61.45000076293945,62.02000045776367,59.34000015258789,60.310001373291016,29600,-2.0,2.6800003051757812,2018,-0.006858710562414272,0.004387312463208847,0.02161262184675472,-0.0008305521001144012
2018-12-14,363.5,364.5799865722656,362.3800048828125,363.5,60.279998779296875,61.75,59.91999816894531,61.65999984741211,24871,0.0,1.8300018310546875,2018,0.004143646408839796,0.0044547116573745976,-0.01903990185705917,0.02161262184675472
2018-12-17,362.5,364.0,361.80999755859375,362.5,59.61000061035156,61.189998626708984,58.630001068115234,60.369998931884766,32165,0.0,2.55999755859375,2018,-0.0027510316368638543,0.004484111181511402,-0.011114767460403852,-0.01903990185705917
2018-12-18,364.0,364.5,362.0,364.0,56.2599983215332,59.220001220703125,55.66999816894531,58.810001373291016,41690,0.0,3.5500030517578125,2018,0.004137931034482678,0.00454844378225585,-0.05619866221300818,-0.011114767460403852
2018-12-19,364.5,364.5,362.57000732421875,364.5,57.2400016784668,58.099998474121094,56.029998779296875,56.209999084472656,47399,0.0,2.0699996948242188,2018,0.0013736263736263687,0.00454532584835553,0.017419185676699644,-0.05619866221300818
2018-12-20,363.5,364.0,363.1700134277344,363.5,54.349998474121094,56.7400016784668,54.279998779296875,56.54999923706055,40553,0.0,2.460002899169922,2018,-0.002743484224965731,0.004576840657552396,-0.05048922291406743,0.017419185676699644
2018-12-21,363.25,364.2799987792969,363.25,363.25,53.81999969482422,55.29999923706055,52.810001373291016,54.81999969482422,40930,0.0,2.4899978637695312,2018,-0.0006877579092159358,0.004579090881057184,-0.009751587749339818,-0.05048922291406743
2018-12-24,363.5,363.9100036621094,363.0,363.5,50.470001220703125,54.63999938964844,50.380001068115234,53.58000183105469,19160,0.0,4.259998321533203,2018,0.0006882312456986117,0.00458040511082305,-0.06224449076768124,-0.009751587749339818
2018-12-26,363.2699890136719,363.5199890136719,363.2699890136719,363.2699890136719,54.470001220703125,55.279998779296875,49.959999084472656,51.130001068115234,16444,0.0,5.319999694824219,2018,-0.0006327675002149036,0.004575785259931405,0.07925500105514516,-0.06224449076768124
2018-12-27,364.0,364.6400146484375,362.8299865722656,364.0,52.15999984741211,54.91999816894531,51.9900016784668,54.91999816894531,8946,0.0,2.9299964904785156,2018,0.002009554899677246,0.004562513263383848,-0.042408689581835746,0.07925500105514516
2018-12-28,364.0,364.0,363.0799865722656,364.0,52.20000076293945,53.5099983215332,51.630001068115234,53.029998779296875,31833,0.0,1.8799972534179688,2018,0.0,0.004523127140997248,0.000766888720175718,-0.042408689581835746
2018-12-31,363.5,364.5,363.1499938964844,363.5,53.79999923706055,54.790000915527344,52.65999984741211,53.060001373291016,21966,0.0,2.1300010681152344,2018,-0.0013736263736263687,0.004527109479585531,0.03065131131678167,0.000766888720175718
2019-01-02,362.1099853515625,364.0,359.1600036621094,362.1099853515625,54.90999984741211,56.560001373291016,52.5,54.25,43517,0.0,4.060001373291016,2019,-0.0038239742735557414,0.004515697312820459,0.02063198189763038,0.03065131131678167
2019-01-03,364.0,364.0,361.989990234375,364.0,55.95000076293945,56.290000915527344,53.93000030517578,54.77000045776367,36535,0.0,2.3600006103515625,2019,0.005219449131187437,0.004592127700861335,0.018940100499314827,0.02063198189763038
2019-01-04,363.5,364.0,363.0,363.5,57.060001373291016,58.29999923706055,55.36000061035156,55.58000183105469,42426,0.0,2.9399986267089844,2019,-0.0013736263736263687,0.004571698854025857,0.019839152729499432,0.018940100499314827
2019-01-07,364.0,364.7300109863281,362.760009765625,364.0,57.33000183105469,58.91999816894531,57.279998779296875,57.369998931884766,41677,0.0,1.6399993896484375,2019,0.0013755158184318717,0.0044595209416715235,0.004731869107350795,0.019839152729499432
2019-01-08,364.0,365.2900085449219,362.0,364.0,58.720001220703125,58.86000061035156,57.11000061035156,57.630001068115234,34135,0.0,1.75,2019,0.0,0.004396676365295395,0.02424558425350498,0.004731869107350795
2019-01-09,363.0,365.55999755859375,363.0,363.0,61.439998626708984,61.68000030517578,58.619998931884766,58.650001525878906,38989,0.0,3.0600013732910156,2019,-0.0027472527472527375,0.0037981536027591996,0.04632148074695297,0.02424558425350498
2019-01-10,364.8800048828125,364.8800048828125,364.0,364.8800048828125,61.68000030517578,61.900001525878906,60.45000076293945,61.33000183105469,31333,0.0,1.4500007629394531,2019,0.00517907681215557,0.0032122469057917907,0.0039062774061076055,0.04632148074695297
2019-01-11,364.5,364.82000732421875,363.7200012207031,364.5,60.47999954223633,62.470001220703125,60.08000183105469,61.25,31369,0.0,2.3899993896484375,2019,-0.00104145164911007,0.003193537470785773,-0.019455265191345328,0.0039062774061076055
2019-01-14,364.5,365.489990234375,363.2300109863281,364.5,58.9900016784668,61.02000045776367,58.90999984741211,60.540000915527344,31241,0.0,2.1100006103515625,2019,0.0,0.003051946974060948,-0.024636208251439973,-0.019455265191345328
2019-01-15,363.5,363.5,361.0,363.5,60.63999938964844,60.849998474121094,59.11000061035156,59.2599983215332,29948,0.0,1.7399978637695312,2019,-0.002743484224965731,0.0026990255298242638,0.027970802919708104,-0.024636208251439973
2019-01-16,363.5,363.5,362.42999267578125,363.5,61.31999969482422,61.43000030517578,60.040000915527344,60.63999938964844,32025,0.0,1.3899993896484375,2019,0.0,0.0026868135036000875,0.011213725462072777,0.027970802919708104
2019-01-17,363.5,363.5,361.8699951171875,363.5,61.18000030517578,61.540000915527344,60.040000915527344,61.18000030517578,30131,0.0,1.5,2019,0.0,0.0026868135036000875,-0.002283095080645503,0.011213725462072777
2019-01-18,362.0,363.0,362.0,362.0,62.70000076293945,62.9900016784668,61.060001373291016,61.189998626708984,39637,0.0,1.9300003051757812,2019,-0.004126547455295726,0.002790622324952133,0.024844727855208637,-0.002283095080645503
2019-01-22,361.92999267578125,363.0,361.760009765625,361.92999267578125,61.5,63.119998931884766,60.58000183105469,62.7400016784668,53602,0.0,2.539997100830078,2019,-0.00019339039839438854,0.002780816972713284,-0.019138767916072275,0.024844727855208637
2019-01-23,363.0,363.0,361.5899963378906,363.0,61.13999938964844,62.29999923706055,60.220001220703125,61.56999969482422,35364,0.0,2.079998016357422,2019,0.002956393075655539,0.0028242433783282903,-0.005853668461000994,-0.019138767916072275
2019-01-24,362.0,362.5,360.95001220703125,362.0,61.09000015258789,61.5,60.40999984741211,61.02000045776367,35861,0.0,1.0900001525878906,2019,-0.0027548209366391463,0.0028532821409752297,-0.0008177827536748339,-0.005853668461000994
2019-01-25,362.0,362.1300048828125,361.55999755859375,362.0,61.63999938964844,61.90999984741211,60.709999084472656,61.13999938964844,30262,0.0,1.2000007629394531,2019,0.0,0.0028444701102673833,0.009003097654064263,-0.0008177827536748339
2019-01-28,361.25,362.0,361.0,361.25,59.93000030517578,61.66999816894531,59.47999954223633,61.33000183105469,34315,0.0,2.1899986267089844,2019,-0.002071823204419898,0.0028118991607269323,-0.027741711573732175,0.009003097654064263
2019-01-29,361.5,362.0,360.8699951171875,361.5,61.31999969482422,61.790000915527344,59.7599983215332,59.97999954223633,18715,0.0,2.0300025939941406,2019,0.0006920415224913601,0.002527661807163411,0.023193715711167684,-0.027741711573732175
2019-01-30,361.0,362.20001220703125,361.0,361.0,61.650001525878906,62.63999938964844,61.06999969482422,61.25,12039,0.0,1.5699996948242188,2019,-0.0013831258644536604,0.0024107021803380355,0.005381634584100237,0.023193715711167684
2019-01-31,361.5,361.5,360.0,361.5,61.88999938964844,62.31999969482422,61.63999938964844,61.689998626708984,1288,0.0,0.6800003051757812,2019,0.0013850415512466352,0.0023794560384718584,0.0038929092916371033,0.005381634584100237
2019-02-01,362.4200134277344,362.8500061035156,361.5,362.4200134277344,61.869998931884766,61.869998931884766,61.869998931884766,61.869998931884766,30044,0.0,0.0,2019,0.0025449887350881273,0.0022982586949135044,-0.00032316138246746284,0.0038929092916371033
2019-02-04,360.5,361.25,360.5,360.5,62.5099983215332,63.630001068115234,61.279998779296875,62.70000076293945,36025,0.0,2.3500022888183594,2019,-0.005297757730250763,0.0024633384720507464,0.0103442605575772,-0.00032316138246746284
2019-02-05,360.5,361.5,358.0,360.5,61.97999954223633,63.02000045776367,61.720001220703125,62.779998779296875,27285,0.0,1.2999992370605469,2019,0.0,0.002422574976626922,-0.008478624116588729,0.0103442605575772
2019-02-06,361.0,362.9800109863281,361.0,361.0,62.689998626708984,62.79999923706055,61.04999923706055,62.040000915527344,26542,0.0,1.75,2019,0.001386962552011095,0.002439889218776263,0.011455293477193873,-0.008478624116588729
2019-02-07,360.5,362.6499938964844,360.5,360.5,61.630001068115234,62.900001525878906,60.61000061035156,62.65999984741211,33982,0.0,2.2900009155273438,2019,-0.0013850415512465242,0.0024430996384719613,-0.016908559288788094,0.011455293477193873
2019-02-08,360.5,361.0,358.0,360.5,62.099998474121094,62.349998474121094,61.04999923706055,61.599998474121094,36111,0.0,1.2999992370605469,2019,0.0,0.0024426208160584326,0.0076261138708468845,-0.016908559288788094
2019-02-11,360.5,361.0299987792969,360.5,360.5,61.5099983215332,62.34000015258789,60.900001525878906,62.0,35285,0.0,1.4399986267089844,2019,0.0,0.0024057319191215956,-0.009500807843558334,0.0076261138708468845
2019-02-12,358.0,361.19000244140625,360.5,360.5,62.41999816894531,63.31999969482422,61.540000915527344,61.599998474121094,36801,-2.5,1.779998779296875,2019,-0.006934812760055475,0.0026903404188901342,0.014794340306355291,-0.009500807843558334
2019-02-13,361.0,362.67999267578125,360.5,361.0,63.61000061035156,63.959999084472656,62.650001525878906,62.650001525878906,33859,0.0,1.30999755859375,2019,0.008379888268156499,0.0031392995618352566,0.019064442106925483,0.014794340306355291
2019-02-14,361.0,361.0,360.75,361.0,64.56999969482422,64.80999755859375,63.279998779296875,63.630001068115234,39526,0.0,1.529998779296875,2019,0.0,0.0030648924703353887,0.015091952134275388,0.019064442106925483
2019-02-15,359.0,361.0,360.0199890136719,361.0,66.25,66.4000015258789,64.43000030517578,64.61000061035156,36154,-2.0,1.970001220703125,2019,-0.005540166204986097,0.0030507252027521265,0.026018279589839377,0.015091952134275388
2019-02-19,361.2900085449219,362.6400146484375,360.5,361.2900085449219,66.44999694824219,66.83000183105469,65.58000183105469,66.30999755859375,46238,0.0,1.25,2019,0.006378853885576241,0.0032893639983649836,0.0030188218602593686,0.026018279589839377
2019-02-20,361.0,361.57000732421875,359.0,361.0,67.08000183105469,67.37000274658203,65.62999725341797,66.36000061035156,29155,0.0,1.7400054931640625,2019,-0.000802702920265852,0.003277451577367665,0.009480886557500012,0.0030188218602593686
2019-02-21,361.5,361.5,361.0,361.5,67.06999969482422,67.31999969482422,66.69999694824219,67.1500015258789,27113,0.0,0.6200027465820312,2019,0.0013850415512466352,0.003291122126993046,-0.00014910757241271,0.009480886557500012
2019-02-22,361.5,362.5400085449219,3.0,361.5,67.12000274658203,67.7300033569336,66.83000183105469,66.88999938964844,23973,0.0,0.9000015258789062,2019,0.0,0.0032565447786767053,0.0007455352912677515,-0.00014910757241271
2019-02-25,361.0,361.54998779296875,361.0,361.0,64.76000213623047,67.47000122070312,64.55999755859375,66.80000305175781,31914,0.0,2.910003662109375,2019,-0.0013831258644536604,0.003104268777041181,-0.03516091349492301,0.0007455352912677515
2019-02-26,361.5,361.6099853515625,360.7900085449219,361.5,65.20999908447266,65.72000122070312,64.33999633789062,64.72000122070312,18661,0.0,1.3800048828125,2019,0.0013850415512466352,0.0031172600093479163,0.00694868643295532,-0.03516091349492301
2019-02-27,359.0,361.6400146484375,359.9100036621094,361.0,66.38999938964844,66.69999694824219,65.30000305175781,65.54000091552734,10200,-2.0,1.399993896484375,2019,-0.006915629322268302,0.003344005886100345,0.018095389077481983,0.00694868643295532
2019-02-28,361.0,362.20001220703125,358.0,361.0,66.02999877929688,66.36000061035156,65.75,66.31999969482422,28959,0.0,0.6100006103515625,2019,0.0055710306406684396,0.0034929972611836093,-0.00542251263234228,0.018095389077481983
2019-03-01,361.0,361.739990234375,360.5,361.0,65.06999969482422,67.13999938964844,64.58999633789062,66.41000366210938,38355,0.0,2.5500030517578125,2019,0.0,0.0034929972611836093,-0.014538832382557265,-0.00542251263234228
2019-03-04,361.0,361.989990234375,360.0,361.0,65.66999816894531,66.33999633789062,65.01000213623047,65.01000213623047,28931,0.0,1.3299942016601562,2019,0.0,0.0034929972611836093,0.009220815689796602,-0.014538832382557265
2019-03-05,360.0,361.4800109863281,358.0,360.0,65.86000061035156,66.22000122070312,65.04000091552734,65.72000122070312,28346,0.0,1.1800003051757812,2019,-0.0027700831024930483,0.0034492454273690174,0.0028932914070964877,0.009220815689796602
2019-03-06,360.0,361.4200134277344,359.5,360.0,65.98999786376953,66.16999816894531,65.2300033569336,65.62999725341797,41210,0.0,0.9399948120117188,2019,0.0,0.0034493981366026005,0.001973842274722637,0.0028932914070964877
2019-03-07,359.0,361.17999267578125,359.0,359.0,66.30000305175781,66.98999786376953,65.76000213623047,65.93000030517578,35738,0.0,1.2299957275390625,2019,-0.002777777777777768,0.00342885328476445,0.004697760236759718,0.001973842274722637
2019-03-08,359.5,361.2300109863281,356.0,359.5,65.73999786376953,66.08000183105469,64.01000213623047,66.06999969482422,49867,0.0,2.0699996948242188,2019,0.0013927576601671099,0.003412691552261474,-0.008446533366689435,0.004697760236759718
2019-03-11,358.5,361.54998779296875,358.5,358.5,66.58000183105469,66.77999877929688,65.6500015258789,65.7300033569336,37538,0.0,1.1299972534179688,2019,-0.0027816411682892728,0.0034440022250959235,0.012777669525117163,-0.008446533366689435
2019-03-12,358.5,360.989990234375,358.5,358.5,66.66999816894531,67.38999938964844,66.3499984741211,66.68000030517578,37897,0.0,1.0400009155273438,2019,0.0,0.0034283594982518384,0.001351702244151154,0.012777669525117163
2019-03-13,358.5,361.44000244140625,357.0,358.5,67.55000305175781,67.75,66.70999908447266,66.87999725341797,36739,0.0,1.0400009155273438,2019,0.0,0.003424134848954207,0.013199413634038537,0.001351702244151154
2019-03-14,359.0,361.3800048828125,359.0,359.0,67.2300033569336,68.12999725341797,67.02999877929688,67.58999633789062,32817,0.0,1.0999984741210938,2019,0.001394700139470073,0.0034306065648135645,-0.004737226948443363,0.013199413634038537
2019-03-15,357.0,361.1700134277344,359.0,359.0,67.16000366210938,67.70999908447266,66.13999938964844,67.12999725341797,34969,-2.0,1.5699996948242188,2019,-0.005571030640668551,0.003554069830834296,-0.0010411972531457758,-0.004737226948443363
2019-03-18,358.5,361.2900085449219,358.5,358.5,67.54000091552734,67.69000244140625,66.69999694824219,67.05000305175781,31752,0.0,0.9900054931640625,2019,0.004201680672268893,0.003613955634997383,0.005658088634565628,-0.0010411972531457758
2019-03-19,360.739990234375,361.9800109863281,360.4599914550781,361.9800109863281,67.61000061035156,68.22000122070312,67.13999938964844,67.44999694824219,30329,-1.240020751953125,1.0800018310546875,2019,0.006248229384588466,0.0036836719621575055,0.0010364183280329176,0.005658088634565628
2019-03-20,359.5,360.760009765625,359.5,359.5,68.5,68.56999969482422,67.19000244140625,67.5199966430664,35132,0.0,1.3799972534179688,2019,-0.0034373517434798107,0.0037376594586730353,0.013163724029195967,0.0010364183280329176
2019-03-21,360.0,360.57000732421875,357.42999267578125,360.0,67.86000061035156,68.69999694824219,67.61000061035156,68.31999969482422,35417,0.0,1.089996337890625,2019,0.0013908205841446364,0.003737711946534161,-0.009343056783188919,0.013163724029195967
2019-03-22,359.0,361.3399963378906,359.0,359.0,67.02999877929688,67.97000122070312,66.20999908447266,67.70999908447266,45565,0.0,1.7600021362304688,2019,-0.002777777777777768,0.0037629708312342117,-0.012231090828019764,-0.009343056783188919
2019-03-25,358.5,361.1600036621094,358.5,358.5,67.20999908447266,67.63999938964844,66.37000274658203,66.93000030517578,36691,0.0,1.2699966430664062,2019,-0.0013927576601671099,0.003769869590119954,0.0026853693637747256,-0.012231090828019764
2019-03-26,359.0,361.5299987792969,356.0,359.0,67.97000122070312,68.22000122070312,67.25,67.25,38187,0.0,0.970001220703125,2019,0.001394700139470073,0.0037807315950374987,0.011307873033523874,0.0026853693637747256
2019-03-27,359.5,361.0299987792969,359.5,359.5,67.83000183105469,68.3499984741211,67.19999694824219,67.87000274658203,26692,0.0,1.1500015258789062,2019,0.0013927576601671099,0.003563513344655425,-0.0020597232180981084,0.011307873033523874
2019-03-28,359.5,360.2699890136719,359.5,359.5,67.81999969482422,68.0,66.55000305175781,67.87000274658203,11876,0.0,1.4499969482421875,2019,0.0,0.0032063284319664813,-0.0001474588819174727,-0.0020597232180981084
2019-03-29,360.2699890136719,360.489990234375,360.04998779296875,360.2699890136719,68.38999938964844,68.87999725341797,67.81999969482422,68.0,43566,0.0,1.05999755859375,2019,0.0021418331395601786,0.0032331444532511236,0.008404595950886051,-0.0001474588819174727
2019-04-01,359.5,360.7200012207031,357.0,359.5,69.01000213623047,69.19000244140625,67.54000091552734,67.54000091552734,49439,0.0,1.6500015258789062,2019,-0.0021372554949133926,0.0030909027441442336,0.009065693114713946,0.008404595950886051
2019-04-02,359.5,361.1300048828125,357.0,360.30999755859375,69.37000274658203,69.5199966430664,68.69000244140625,69.20999908447266,46166,-0.80999755859375,0.8299942016601562,2019,0.0,0.002850658647900836,0.00521664395316046,0.009065693114713946
2019-04-03,359.0,359.7699890136719,358.8999938964844,358.95001220703125,69.30999755859375,69.95999908447266,68.80000305175781,69.79000091552734,46550,0.04998779296875,1.1599960327148438,2019,-0.0013908205841446364,0.002857234054176241,-0.0008650019549154564,0.00521664395316046
2019-04-04,359.5,359.7099914550781,357.0,359.6099853515625,69.4000015258789,70.01000213623047,68.87999725341797,69.48999786376953,37531,-0.1099853515625,1.1300048828125,2019,0.0013927576601671099,0.0028573802520720612,0.0012985712084185863,-0.0008650019549154564
2019-04-05,357.0,359.5,358.9700012207031,359.17999267578125,70.33999633789062,70.47000122070312,68.93000030517578,69.26000213623047,36491,-2.17999267578125,1.5400009155273438,2019,-0.006954102920723182,0.0031128471447105497,0.013544593535220528,0.0012985712084185863
2019-04-08,360.0,360.0,358.0,359.30999755859375,71.0999984741211,71.19000244140625,70.44000244140625,70.5,40966,0.69000244140625,0.75,2019,0.008403361344537785,0.0034967706153912264,0.010804693997703119,0.013544593535220528
2019-04-09,359.5,359.5,358.6000061035156,359.04998779296875,70.61000061035156,71.33999633789062,70.30000305175781,71.08000183105469,37189,0.45001220703125,1.0399932861328125,2019,-0.001388888888888884,0.0034931891462189777,-0.006891671930877474,0.010804693997703119
2019-04-10,357.0,359.760009765625,357.0,359.3900146484375,71.7300033569336,71.79000091552734,70.58000183105469,70.83000183105469,46506,-2.3900146484375,1.2099990844726562,2019,-0.006954102920723182,0.0034957537606355752,0.01586181471322412,-0.006891671930877474
2019-04-11,359.5,359.739990234375,359.0,359.6199951171875,70.83000183105469,71.68000030517578,70.58000183105469,71.66000366210938,39968,-0.1199951171875,1.0999984741210938,2019,0.007002801120448154,0.003585600214168785,-0.012547072128247905,0.01586181471322412
2019-04-12,359.8699951171875,359.82000732421875,357.0,359.82000732421875,71.55000305175781,71.86000061035156,70.9000015258789,70.91999816894531,32729,0.04998779296875,0.9599990844726562,2019,0.001029193650034843,0.003591830559244494,0.010165201215446729,-0.012547072128247905
2019-04-15,359.5,360.0799865722656,357.0,359.5,71.18000030517578,71.6500015258789,70.77999877929688,71.62000274658203,28582,0.0,0.8700027465820312,2019,-0.00102813549950731,0.0035957634107728394,-0.0051712471111200475,0.010165201215446729
2019-04-16,357.0,359.94000244140625,359.5,359.94000244140625,71.72000122070312,71.94000244140625,70.75,71.2699966430664,43907,-2.94000244140625,1.19000244140625,2019,-0.006954102920723182,0.003778110695361182,0.007586413503964051,-0.0051712471111200475
2019-04-17,359.5,360.2699890136719,357.0,359.8900146484375,71.62000274658203,72.26000213623047,71.45999908447266,71.83999633789062,40910,-0.3900146484375,0.8000030517578125,2019,0.007002801120448154,0.0040050126792967,-0.0013942899110300777,0.007586413503964051
2019-04-18,357.0,360.1700134277344,359.0,360.1700134277344,71.97000122070312,72.02999877929688,71.20999908447266,71.55000305175781,38122,-3.170013427734375,0.8199996948242188,2019,-0.006954102920723182,0.004172585185585223,0.004886881607077287,-0.0013942899110300777
2019-04-22,359.5,359.5,357.0,359.32000732421875,74.04000091552734,74.51000213623047,71.9000015258789,72.05000305175781,48893,0.17999267578125,2.6100006103515625,2019,0.007002801120448154,0.0043666001955973205,0.028761979431907392,0.004886881607077287
2019-04-23,357.0,359.5,357.0,358.8599853515625,74.51000213623047,74.7300033569336,73.98999786376953,74.19999694824219,50165,-1.8599853515625,0.7400054931640625,2019,-0.006954102920723182,0.004522233584997332,0.006347936451801983,0.028761979431907392
2019-04-24,360.0,360.0,359.5,359.9599914550781,74.56999969482422,74.72000122070312,74.0,74.31999969482422,46326,0.040008544921875,0.720001220703125,2019,0.008403361344537785,0.004783277576498116,0.000805228249544987,0.006347936451801983
2019-04-25,359.5,361.55999755859375,358.0,360.5299987792969,74.3499984741211,75.58999633789062,74.0,74.52999877929688,62237,-1.029998779296875,1.589996337890625,2019,-0.001388888888888884,0.004791496196521026,-0.0029502644710134307,0.000805228249544987
2019-04-26,360.0,360.0,359.0799865722656,359.8299865722656,72.1500015258789,74.41000366210938,71.29000091552734,74.30000305175781,32803,0.170013427734375,3.1200027465820312,2019,0.0013908205841446364,0.004791460211097374,-0.02958973763809747,-0.0029502644710134307
2019-04-29,360.0,360.0,358.6099853515625,360.0,72.04000091552734,72.5,71.11000061035156,71.69999694824219,16694,0.0,1.3899993896484375,2019,0.0,0.004670365039186346,-0.0015246099518391176,-0.02958973763809747
2019-04-30,356.0,359.0299987792969,357.989990234375,357.989990234375,72.80000305175781,73.19999694824219,71.7300033569336,72.0999984741211,43783,-1.989990234375,1.4699935913085938,2019,-0.011111111111111072,0.005049445994880284,0.010549724133424698,-0.0015246099518391176
2019-05-01,359.0299987792969,358.95001220703125,358.8800048828125,358.95001220703125,72.18000030517578,72.36000061035156,71.29000091552734,71.5199966430664,32617,0.079986572265625,1.0699996948242188,2019,0.008511232526114743,0.005165001845615947,-0.008516520887248191,0.010549724133424698
2019-05-02,358.8800048828125,361.1700134277344,359.2699890136719,359.2699890136719,70.75,72.22000122070312,69.68000030517578,72.1500015258789,51722,-0.389984130859375,2.5400009155273438,2019,-0.0004177753864422762,0.005127928421270831,-0.019811586299941286,-0.008516520887248191
2019-05-03,361.1700134277344,362.2300109863281,359.510009765625,362.2300109863281,70.8499984741211,71.54000091552734,69.95999908447266,70.31999969482422,39000,-1.05999755859375,1.5800018310546875,2019,0.006380986719139337,0.00525545281467759,0.0014134059946444566,-0.019811586299941286
2019-05-06,359.5,361.2799987792969,357.0,359.2200012207031,71.23999786376953,71.79000091552734,68.76000213623047,70.5999984741211,36208,0.279998779296875,3.029998779296875,2019,-0.004623898346058364,0.005301181365217198,0.005504578659813131,0.0014134059946444566
2019-05-07,359.5,361.19000244140625,358.9700012207031,361.19000244140625,69.87999725341797,71.30999755859375,69.38999938964844,71.16000366210938,48729,-1.69000244140625,1.9199981689453125,2019,0.0,0.005294114127521209,-0.019090407792435093,0.005504578659813131
2019-05-08,359.5,360.7799987792969,359.0,359.2900085449219,70.37000274658203,70.80000305175781,69.31999969482422,69.81999969482422,45312,0.209991455078125,1.4800033569335938,2019,0.0,0.0052885317128309565,0.007012099490889545,-0.019090407792435093
2019-05-09,355.0,360.9599914550781,355.0,360.9599914550781,70.38999938964844,70.63999938964844,69.4000015258789,70.2300033569336,46554,-5.959991455078125,1.2399978637695312,2019,-0.012517385257301838,0.005756707363545232,0.00028416430703326334,0.007012099490889545
2019-05-10,356.0,359.5,358.6300048828125,358.6300048828125,70.62000274658203,71.2300033569336,70.16999816894531,70.30000305175781,50395,-2.6300048828125,1.0600051879882812,2019,0.0028169014084507005,0.005786416424452607,0.0032675573082532328,0.00028416430703326334
2019-05-13,359.5,360.510009765625,358.5,359.4800109863281,70.2300033569336,72.56999969482422,69.7300033569336,70.9000015258789,62747,0.019989013671875,2.839996337890625,2019,0.00983146067415741,0.006062491865333636,-0.005522506010767758,0.0032675573082532328
2019-05-14,359.5,360.57000732421875,355.0,360.57000732421875,71.23999786376953,71.63999938964844,69.93000030517578,69.98999786376953,57905,-1.07000732421875,1.7099990844726562,2019,0.0,0.0060497054769864285,0.014381239620661734,-0.005522506010767758
2019-05-15,359.5,361.0799865722656,356.0,361.0799865722656,71.7699966430664,72.25,70.41999816894531,70.9800033569336,48596,-1.579986572265625,1.8300018310546875,2019,0.0,0.0060497054769864285,0.007439623739326606,0.014381239620661734
2019-05-16,356.0,360.0,357.0,359.3900146484375,72.62000274658203,73.3499984741211,71.81999969482422,71.94999694824219,56835,-3.3900146484375,1.529998779296875,2019,-0.009735744089012566,0.006303238552515849,0.011843474199155324,0.007439623739326606
2019-05-17,356.0,360.80999755859375,357.0,360.80999755859375,72.20999908447266,73.2300033569336,71.77999877929688,72.86000061035156,43365,-4.80999755859375,1.4500045776367188,2019,0.0,0.006295766823735501,-0.005645877810555033,0.011843474199155324
2019-05-20,360.0,360.1000061035156,359.5,360.0,71.97000122070312,73.38999938964844,71.58999633789062,73.0999984741211,48963,0.0,1.8000030517578125,2019,0.011235955056179803,0.006505928806298873,-0.003323609843683517,-0.005645877810555033
2019-05-21,355.0,360.0199890136719,359.3299865722656,359.3299865722656,72.18000030517578,72.5199966430664,71.61000061035156,72.02999877929688,55652,-4.329986572265625,0.9099960327148438,2019,-0.01388888888888884,0.006814176029374095,0.0029178696805725046,-0.003323609843683517
2019-05-23,360.510009765625,360.4800109863281,356.0,360.4800109863281,67.76000213623047,70.7300033569336,67.0,70.69999694824219,80487,0.029998779296875,3.7300033569335938,2019,0.015521154269366289,0.007406907134870289,-0.061235773763613666,0.0029178696805725046
2019-05-24,355.0,359.7300109863281,355.0,358.2099914550781,68.69000244140625,69.30000305175781,67.31999969482422,68.01000213623047,66452,-3.209991455078125,1.9800033569335938,2019,-0.015283930033474391,0.00782553704259138,0.013724915523261494,-0.061235773763613666
2019-05-28,359.739990234375,359.7099914550781,358.9800109863281,359.7099914550781,70.11000061035156,70.58000183105469,68.55000305175781,69.0999984741211,65297,0.029998779296875,2.029998779296875,2019,0.013352085167253502,0.008106677944447412,0.020672559593466255,0.013724915523261494
2019-05-29,359.7900085449219,359.67999267578125,359.2200012207031,359.67999267578125,69.44999694824219,70.08999633789062,68.06999969482422,70.05000305175781,32769,0.110015869140625,2.0199966430664062,2019,0.00013904017319377182,0.008104614371224958,-0.009413830500123122,0.020672559593466255
2019-05-30,356.0,360.19000244140625,355.0,359.6000061035156,66.87000274658203,69.94999694824219,66.30000305175781,69.7300033569336,19076,-3.600006103515625,3.649993896484375,2019,-0.010533946065510835,0.008329872181330137,-0.037148946220730616,-0.009413830500123122
2019-05-31,356.0,360.489990234375,360.3699951171875,360.489990234375,64.48999786376953,66.7300033569336,64.41999816894531,66.70999908447266,67969,-4.489990234375,2.3100051879882812,2019,0.0,0.008234312341298651,-0.03559151764703872,-0.037148946220730616
2019-06-03,359.5,359.5,305.95001220703125,359.5,61.279998779296875,62.83000183105469,60.459999084472656,61.599998474121094,60640,0.0,2.3700027465820312,2019,0.00983146067415741,0.008333580199454004,-0.04977514639174818,-0.03559151764703872
2019-06-04,355.0,358.0299987792969,305.95001220703125,358.0299987792969,61.970001220703125,62.099998474121094,60.220001220703125,60.84000015258789,58666,-3.029998779296875,1.8799972534179688,2019,-0.012517385257301838,0.008553433646184506,0.011259831187192537,-0.04977514639174818
2019-06-05,306.20001220703125,306.20001220703125,305.9599914550781,306.20001220703125,60.630001068115234,62.2599983215332,59.45000076293945,61.47999954223633,67012,0.0,2.80999755859375,2019,-0.13746475434639083,0.026411610286015314,-0.02162336818125188,0.011259831187192537
2019-06-06,305.95001220703125,306.70001220703125,305.95001220703125,305.95001220703125,61.66999816894531,62.41999816894531,60.13999938964844,60.58000183105469,51701,0.0,2.279998779296875,2019,-0.0008164597976272336,0.02641946106084023,0.017153176356729416,-0.02162336818125188
2019-06-07,306.20001220703125,306.70001220703125,305.8999938964844,306.20001220703125,63.290000915527344,63.58000183105469,61.779998779296875,62.220001220703125,44888,0.0,1.8000030517578125,2019,0.0008171269489305466,0.02632523262528165,0.026268895649129487,0.017153176356729416
2019-06-10,306.20001220703125,356.0,305.95001220703125,305.9700012207031,62.290000915527344,64.12999725341797,62.04999923706055,63.689998626708984,34096,0.230010986328125,2.079998016357422,2019,0.0,0.026333050941710533,-0.015800284176558876,0.026268895649129487
2019-06-11,305.9100036621094,359.8599853515625,305.9100036621094,305.9100036621094,62.290000915527344,62.869998931884766,62.0099983215332,62.36000061035156,41448,0.0,0.8600006103515625,2019,-0.0009471212715882471,0.026317033648704302,0.0,-0.015800284176558876
2019-06-12,356.0,356.0,355.0,356.0,59.970001220703125,62.11000061035156,59.56999969482422,62.11000061035156,47691,0.0,2.5400009155273438,2019,0.16374095563483815,0.04053747520512606,-0.03724513823607767,0.0
2019-06-13,356.0,359.5,355.0,359.5,61.310001373291016,62.63999938964844,59.7599983215332,59.81999969482422,72728,-3.5,2.8800010681152344,2019,0.0,0.04047929316196059,0.022344507675702507,-0.03724513823607767
2019-06-14,356.0,359.5,355.0,359.5,62.0099983215332,62.56999969482422,60.7400016784668,61.380001068115234,38166,-3.5,1.8299980163574219,2019,0.0,0.040453064093804766,0.011417337017825213,0.022344507675702507
2019-06-17,359.5,361.8500061035156,359.5,361.5299987792969,60.939998626708984,62.349998474121094,60.720001220703125,61.970001220703125,46699,-2.029998779296875,1.6299972534179688,2019,0.00983146067415741,0.04048833314347194,-0.017255276951888887,0.011417337017825213
2019-06-18,360.5,360.260009765625,356.0,359.8500061035156,62.13999938964844,62.83000183105469,60.25,61.02000045776367,46430,0.649993896484375,2.5800018310546875,2019,0.0027816411682892728,0.040476675562917584,0.019691512799173472,-0.017255276951888887
2019-06-19,356.0,360.1600036621094,360.04998779296875,360.1600036621094,61.81999969482422,62.52000045776367,61.38999938964844,62.25,51499,-4.160003662109375,1.1300010681152344,2019,-0.012482662968099856,0.04053783043782655,-0.005149657192908275,0.019691512799173472
2019-06-20,355.0,359.9599914550781,356.0,359.0799865722656,64.44999694824219,64.80999755859375,62.16999816894531,62.209999084472656,64896,-4.079986572265625,2.6399993896484375,2019,-0.002808988764044895,0.04054216630048603,0.042542822167599637,-0.005149657192908275
2019-06-21,355.0,360.2900085449219,360.0299987792969,360.2900085449219,65.19999694824219,65.75,63.9900016784668,64.73999786376953,51282,-5.290008544921875,1.7599983215332031,2019,0.0,0.04054216630048603,0.011636928402064983,0.042542822167599637
2019-06-24,359.489990234375,359.8699951171875,357.5299987792969,359.489990234375,64.86000061035156,65.80000305175781,64.0999984741211,65.54000091552734,39427,0.0,1.7000045776367188,2019,0.012647859815140938,0.04052680420610093,-0.0052146680031369685,0.011636928402064983
2019-06-25,359.5,360.1700134277344,359.510009765625,359.75,65.05000305175781,65.95999908447266,64.18000030517578,64.72000122070312,37722,-0.25,1.779998779296875,2019,2.7844351433659043e-05,0.04052617149210404,0.002929423984247226,-0.0052146680031369685
2019-06-26,356.0,360.5299987792969,355.0,360.5299987792969,66.48999786376953,66.86000061035156,65.61000061035156,65.7699966430664,26217,-4.529998779296875,1.25,2019,-0.009735744089012566,0.04053841174799693,0.022136737040057808,0.002929423984247226
2019-06-27,356.0,360.1099853515625,355.0,359.7099914550781,66.55000305175781,66.79000091552734,65.6500015258789,66.08999633789062,13127,-3.709991455078125,1.1399993896484375,2019,0.0,0.04053841174799693,0.000902469392632943,0.022136737040057808
2019-06-28,355.0,360.25,355.0,360.25,66.55000305175781,66.77999877929688,66.05999755859375,66.6500015258789,32575,-5.25,0.720001220703125,2019,-0.002808988764044895,0.040542747548048985,0.0,0.000902469392632943
2019-07-01,359.5,361.2799987792969,356.0,360.20001220703125,65.05999755859375,66.73999786376953,64.22000122070312,65.27999877929688,46308,-0.70001220703125,2.5199966430664062,2019,0.012676056338028152,0.04055672182216176,-0.022389262582080516,0.0
2019-07-02,361.739990234375,361.8599853515625,355.0,361.8599853515625,62.400001525878906,65.5,62.22999954223633,65.19000244140625,47774,-0.1199951171875,3.270000457763672,2019,0.006230849052503373,0.04056679210241562,-0.040885277167728495,-0.022389262582080516
2019-07-03,360.2699890136719,360.2799987792969,360.239990234375,360.2799987792969,63.81999969482422,64.0,62.06999969482422,62.75,35881,-0.010009765625,1.9300003051757812,2019,-0.004063695638822473,0.04053396741007461,0.022756380356119044,-0.040885277167728495
2019-07-05,359.7900085449219,360.0,355.0,359.7699890136719,64.2300033569336,64.5199966430664,62.90999984741211,63.880001068115234,34614,0.02001953125,1.6099967956542969,2019,-0.0013322799105861538,0.04044169723737338,0.0064243758080528846,0.022756380356119044
2019-07-08,359.5,361.1199951171875,356.0,361.1199951171875,64.11000061035156,65.12999725341797,63.79999923706055,64.37000274658203,29582,-1.6199951171875,1.3299980163574219,2019,-0.0008060494678402419,0.04035246039771765,-0.0018683285117573334,0.0064243758080528846
2019-07-09,356.0,360.0,355.0,360.0,64.16000366210938,65.0199966430664,63.7400016784668,63.91999816894531,28731,-4.0,1.2799949645996094,2019,-0.009735744089012566,0.040289426104466425,0.0007799571249689219,-0.0018683285117573334
2019-07-10,355.0,359.67999267578125,355.0,359.67999267578125,67.01000213623047,67.12999725341797,64.48999786376953,64.48999786376953,40838,-4.67999267578125,2.6399993896484375,2019,-0.002808988764044895,0.04022473114808554,0.044420173183440825,0.0007799571249689219
2019-07-11,356.0,359.5,358.1700134277344,358.1700134277344,66.5199966430664,67.63999938964844,66.44000244140625,66.72000122070312,37676,-2.170013427734375,1.1999969482421875,2019,0.0028169014084507005,0.04022726684617106,-0.007312423183749361,0.044420173183440825
2019-07-12,355.0,360.2200012207031,359.510009765625,360.20001220703125,66.72000122070312,67.2699966430664,66.51000213623047,66.77999877929688,31996,-5.20001220703125,0.7599945068359375,2019,-0.002808988764044895,0.040179440807367066,0.0030066835196926878,-0.007312423183749361
2019-07-15,359.5,359.7200012207031,359.5,359.7200012207031,66.4800033569336,67.45999908447266,66.06999969482422,66.6500015258789,35583,-0.220001220703125,1.3899993896484375,2019,0.012676056338028152,0.040238700707515174,-0.003597090218503518,0.0030066835196926878
2019-07-16,355.0,361.30999755859375,360.07000732421875,360.07000732421875,64.3499984741211,67.08000183105469,63.849998474121094,66.12999725341797,41087,-5.07000732421875,3.2300033569335938,2019,-0.012517385257301838,0.040278296924603975,-0.032039783021315826,-0.003597090218503518
2019-07-17,361.30999755859375,361.6099853515625,360.010009765625,361.6099853515625,63.65999984741211,65.27999877929688,63.22999954223633,64.33000183105469,34392,-0.29998779296875,2.049999237060547,2019,0.01777464101012316,0.04032419129156302,-0.010722589635903002,-0.032039783021315826
2019-07-18,356.0,359.67999267578125,355.0,359.67999267578125,61.93000030517578,64.45999908447266,61.290000915527344,63.630001068115234,48628,-3.67999267578125,3.1699981689453125,2019,-0.014696514335263089,0.030871025265191906,-0.027175613358199735,-0.010722589635903002
2019-07-19,356.0,361.260009765625,359.2699890136719,359.2699890136719,62.470001220703125,63.34000015258789,61.84000015258789,62.58000183105469,36709,-3.269989013671875,1.5,2019,0.0,0.030865665181977833,0.008719536781307102,-0.027175613358199735
2019-07-22,361.4100036621094,361.9100036621094,355.0,361.9100036621094,63.2599983215332,64.0199966430664,62.77000045776367,62.90999984741211,33851,-0.5,1.2499961853027344,2019,0.01519663950030714,0.030902350240313993,0.012646023457548283,0.008719536781307102
2019-07-23,355.0,360.55999755859375,360.0,360.55999755859375,63.83000183105469,64.44999694824219,62.65999984741211,63.290000915527344,31220,-5.55999755859375,1.7899971008300781,2019,-0.017736099159286756,0.031188667592409604,0.009010488849909848,0.012646023457548283
2019-07-24,355.0,361.3399963378906,360.9599914550781,360.9700012207031,63.18000030517578,64.66000366210938,62.59000015258789,64.23999786376953,42616,-5.970001220703125,2.0700035095214844,2019,0.0,0.031182530941273896,-0.010183323002235345,0.009010488849909848
2019-07-25,355.0,361.6600036621094,359.5,361.6600036621094,63.38999938964844,64.2300033569336,63.029998779296875,63.150001525878906,27929,-6.660003662109375,1.2000045776367188,2019,0.0,0.00883253556996066,0.00332382215033733,-0.010183323002235345
2019-07-26,355.0,361.6099853515625,360.7300109863281,361.6099853515625,63.459999084472656,63.959999084472656,63.02000045776367,63.2400016784668,26232,-6.6099853515625,0.9399986267089844,2019,0.0,0.00883253556996066,0.0011042703186341374,0.00332382215033733
2019-07-29,359.510009765625,359.510009765625,356.0,359.510009765625,63.709999084472656,63.90999984741211,62.90999984741211,63.119998931884766,14517,0.0,1.0,2019,0.012704252860915588,0.009134700195606608,0.00393948949900258,0.0011042703186341374
2019-07-30,359.5,361.7200012207031,355.0,361.4100036621094,64.72000122070312,65.04000091552734,63.849998474121094,63.849998474121094,11005,-1.910003662109375,1.19000244140625,2019,-2.784280090428748e-05,0.00895811577104412,0.01585311804653,0.00393948949900258
2019-07-31,359.5,361.7900085449219,355.0,359.5,65.16999816894531,65.36000061035156,64.54000091552734,64.61000061035156,34287,0.0,0.8199996948242188,2019,0.0,0.008943129685865043,0.006952981145776693,0.01585311804653
2019-08-01,355.0,364.1499938964844,356.0,364.1499938964844,60.5,64.5199966430664,60.029998779296875,64.29000091552734,63060,-9.149993896484375,4.489997863769531,2019,-0.012517385257301838,0.008944795751582087,-0.07165871260021994,0.006952981145776693
2019-08-02,355.0,361.45001220703125,356.0,360.5299987792969,61.88999938964844,62.93000030517578,60.88999938964844,61.099998474121094,47421,-5.529998779296875,2.0400009155273438,2019,0.0,0.00892966383533867,0.022975196523114638,-0.07165871260021994
2019-08-05,360.989990234375,361.6700134277344,357.0,360.989990234375,59.810001373291016,61.54999923706055,59.66999816894531,61.54999923706055,47722,0.0,1.8800010681152344,2019,0.01687321192781699,0.009443741613003575,-0.03360798249911301,0.022975196523114638
2019-08-06,362.0,362.25,361.989990234375,362.0,58.939998626708984,60.540000915527344,58.56999969482422,60.0,34335,0.0,1.970001220703125,2019,0.002797888564636475,0.009177949440910063,-0.014546108119143808,-0.03360798249911301
2019-08-07,363.0,362.5,358.0,362.0,56.22999954223633,59.189998626708984,55.880001068115234,58.560001373291016,52628,1.0,3.30999755859375,2019,0.0027624309392264568,0.00918900747670488,-0.045978947194013076,-0.014546108119143808
2019-08-08,361.5,362.2699890136719,357.0,361.6700134277344,57.380001068115234,58.0099983215332,56.77000045776367,57.369998931884766,36965,-0.170013427734375,1.2399978637695312,2019,-0.004132231404958664,0.009032250735295322,0.020451743468628436,-0.045978947194013076
2019-08-09,361.5,363.3800048828125,362.7200012207031,362.7200012207031,58.529998779296875,59.099998474121094,57.119998931884766,57.650001525878906,34015,-1.220001220703125,1.9799995422363281,2019,0.0,0.009032250735295322,0.020041786158499608,0.020451743468628436
2019-08-12,362.0,363.3399963378906,363.1199951171875,363.1199951171875,58.56999969482422,58.869998931884766,57.880001068115234,58.36000061035156,30960,-1.1199951171875,0.9899978637695312,2019,0.0013831258644536604,0.009010885886293134,0.0006834258732548726,0.020041786158499608
2019-08-13,363.3299865722656,363.260009765625,362.6400146484375,362.6400146484375,61.29999923706055,61.5,57.97999954223633,58.400001525878906,45522,0.689971923828125,3.520000457763672,2019,0.003673996055982398,0.008743921296258289,0.046610885375804045,0.0006834258732548726
2019-08-14,363.260009765625,364.54998779296875,362.6700134277344,364.54998779296875,59.47999954223633,61.08000183105469,58.22999954223633,60.97999954223633,45545,-1.28997802734375,2.8500022888183594,2019,-0.0001925984896011812,0.00867433806265936,-0.029690044330765497,0.046610885375804045
2019-08-15,362.6700134277344,363.94000244140625,363.1600036621094,363.94000244140625,58.22999954223633,59.41999816894531,57.689998626708984,59.04999923706055,45864,-1.269989013671875,1.7299995422363281,2019,-0.0016241709024653606,0.008644605175734775,-0.02101546754573158,-0.029690044330765497
2019-08-16,363.1600036621094,364.6600036621094,363.20001220703125,364.6600036621094,58.63999938964844,59.5,58.290000915527344,58.41999816894531,25244,-1.5,1.2099990844726562,2019,0.0013510635460149967,0.008641471004356326,0.007041041570242879,-0.02101546754573158
2019-08-19,363.20001220703125,363.2699890136719,362.7699890136719,362.7699890136719,59.7400016784668,59.91999816894531,58.59000015258789,58.630001068115234,30652,0.430023193359375,1.3299980163574219,2019,0.00011016781726636005,0.008638874504833034,0.018758565829940066,0.007041041570242879
2019-08-20,363.2699890136719,363.2699890136719,362.0299987792969,363.2699890136719,60.029998779296875,60.31999969482422,58.959999084472656,59.7400016784668,30782,0.0,1.3600006103515625,2019,0.00019266741268930687,0.008425631687140047,0.0048543202658564155,0.018758565829940066
2019-08-21,362.0299987792969,362.010009765625,361.5,361.510009765625,60.29999923706055,61.40999984741211,60.04999923706055,60.060001373291016,33717,0.519989013671875,1.3600006103515625,2019,-0.0034134122605110617,0.008435049820338065,0.004497758841480959,0.0048543202658564155
2019-08-22,362.0199890136719,362.4800109863281,361.8599853515625,362.4599914550781,59.91999816894531,60.88999938964844,59.470001220703125,60.41999816894531,33800,-0.44000244140625,1.4199981689453125,2019,-2.7648994996964937e-05,0.008426279360210055,-0.006301842005359215,0.004497758841480959
2019-08-23,361.8599853515625,361.7300109863281,361.20001220703125,361.20001220703125,59.34000015258789,60.279998779296875,58.31999969482422,60.040000915527344,41613,0.65997314453125,1.9599990844726562,2019,-0.00044197466152440246,0.008404375597071875,-0.009679539954626004,-0.006301842005359215
2019-08-26,361.7300109863281,361.2550048828125,357.0,361.24700927734375,58.70000076293945,60.16999816894531,58.27000045776367,58.400001525878906,26628,0.483001708984375,1.8999977111816406,2019,-0.0003591841333550061,0.008093594992547819,-0.010785294708505755,-0.009679539954626004
2019-08-27,361.2099914550781,359.6000061035156,356.0,359.6000061035156,59.5099983215332,60.13999938964844,58.5099983215332,58.709999084472656,30198,1.6099853515625,1.6300010681152344,2019,-0.001437590234307784,0.0077363951871738,0.013798936082896063,-0.010785294708505755
2019-08-28,356.0,357.0,356.0,356.0,60.4900016784668,61.04999923706055,59.81999969482422,60.13999938964844,17141,0.0,1.2299995422363281,2019,-0.014423719106136823,0.007502520677490578,0.016467877408408382,0.013798936082896063
2019-08-29,358.0,358.0,357.0,358.0,61.08000183105469,61.18000030517578,60.0099983215332,60.4900016784668,10658,0.0,1.1700019836425781,2019,0.00561797752808979,0.00707863381423143,0.009753680545820265,0.016467877408408382
2019-08-30,358.0,358.0,358.0,358.0,60.43000030517578,61.13999938964844,60.29999923706055,61.029998779296875,41940,0.0,0.8400001525878906,2019,0.0,0.00707863381423143,-0.010641805933090609,0.009753680545820265
2019-09-03,358.0,358.0,357.0,358.0,58.2599983215332,59.25,57.220001220703125,59.06999969482422,51149,0.0,2.029998779296875,2019,0.0,0.006488401864417929,-0.03590934920873601,-0.010641805933090609
2019-09-04,357.0,357.0,357.0,357.0,60.70000076293945,60.959999084472656,58.09000015258789,58.2400016784668,36192,0.0,2.8699989318847656,2019,-0.0027932960893854997,0.005618642138690625,0.041881265219748665,-0.03590934920873601
2019-09-05,357.0,357.0,357.0,357.0,60.95000076293945,62.38999938964844,60.25,60.5099983215332,37813,0.0,2.1399993896484375,2019,0.0,0.005618642138690625,0.004118616093208294,0.041881265219748665
2019-09-06,357.0,357.0,357.0,357.0,61.540000915527344,61.880001068115234,59.40999984741211,60.810001373291016,37585,0.0,2.470001220703125,2019,0.0,0.005618642138690625,0.009680068009886522,0.004118616093208294
2019-09-09,358.0,358.0,358.0,358.0,62.59000015258789,62.9900016784668,61.540000915527344,61.540000915527344,31505,0.0,1.4500007629394531,2019,0.0028011204481792618,0.00563840032484754,0.017062060796876333,0.009680068009886522
2019-09-10,357.0,357.0,357.0,357.0,62.380001068115234,63.77000045776367,62.16999816894531,62.7400016784668,32170,0.0,1.6000022888183594,2019,-0.0027932960893854997,0.005151247398507636,-0.003355153921723919,0.017062060796876333
2019-09-11,357.0,358.0,357.0,357.0,60.810001373291016,63.25,60.52000045776367,62.68000030517578,37485,0.0,2.729999542236328,2019,0.0,0.005151285849692744,-0.025168317857350964,-0.003355153921723919
2019-09-12,357.0,358.0,357.0,357.0,60.380001068115234,61.38999938964844,58.90999984741211,61.029998779296875,44952,0.0,2.479999542236328,2019,0.0,0.005151285849692744,-0.007071210252671434,-0.025168317857350964
2019-09-13,357.0,361.0,357.0,357.0,60.220001220703125,60.79999923706055,59.599998474121094,60.40999984741211,26153,0.0,1.2000007629394531,2019,0.0,0.004598090141823337,-0.0026498814935695947,-0.007071210252671434
2019-09-16,361.0,361.0,358.0,361.0,69.0199966430664,71.0,64.77999877929688,67.0,69899,0.0,6.220001220703125,2019,0.011204481792717047,0.00501742092667741,0.1461307745596312,-0.0026498814935695947
2019-09-17,359.0,359.0,358.0,359.0,64.55000305175781,69.25,63.560001373291016,68.16999816894531,87185,0.0,5.689998626708984,2019,-0.005540166204986097,0.004089086869058439,-0.06476374686636033,0.1461307745596312
2019-09-18,358.0,358.0,358.0,358.0,63.599998474121094,64.98999786376953,63.06999969482422,64.25,37459,0.0,1.9199981689453125,2019,-0.0027855153203342198,0.004076099790358311,-0.014717343651788561,-0.06476374686636033
2019-09-19,359.0,358.0,358.0,358.0,64.4000015258789,65.56999969482422,63.470001220703125,63.650001525878906,36971,1.0,2.0999984741210938,2019,0.0027932960893854997,0.0040769194949615345,0.012578664637599601,-0.014717343651788561
2019-09-20,358.0,358.0,357.0,357.0,64.27999877929688,65.2699966430664,64.05000305175781,64.9800033569336,23355,1.0,1.2199935913085938,2019,-0.0027855153203342198,0.004041223602912457,-0.0018633966419054904,0.012578664637599601
2019-09-23,358.0,359.0,358.0,358.0,64.7699966430664,65.31999969482422,63.540000915527344,65.31999969482422,25895,0.0,1.779998779296875,2019,0.0,0.004041223602912457,0.007622866724872335,-0.0018633966419054904
2019-09-24,359.0,359.0,358.0,359.0,63.099998474121094,64.52999877929688,62.349998474121094,64.4800033569336,30503,0.0,2.1800003051757812,2019,0.0027932960893854997,0.004069773032783835,-0.025783514829378684,0.007622866724872335
2019-09-25,358.0,359.0,358.0,358.0,62.38999938964844,62.810001373291016,61.220001220703125,62.43000030517578,25272,0.0,1.5900001525878906,2019,-0.0027855153203342198,0.0040245753546368605,-0.011251966745511766,-0.025783514829378684
2019-09-26,358.0,358.0,358.0,358.0,62.7400016784668,62.91999816894531,61.459999084472656,62.58000183105469,11043,0.0,1.4599990844726562,2019,0.0,0.004025210862973483,0.005609910117685191,-0.011251966745511766
2019-09-27,359.0,359.0,358.0,359.0,61.90999984741211,62.720001220703125,60.77000045776367,62.529998779296875,9063,0.0,1.9500007629394531,2019,0.0027932960893854997,0.0040624716337926935,-0.01322922870337695,0.005609910117685191
2019-09-30,358.0,358.0,358.0,358.0,60.779998779296875,62.08000183105469,60.77000045776367,61.880001068115234,34510,0.0,1.3100013732910156,2019,-0.0027855153203342198,0.004073597393566256,-0.018252319026010655,-0.01322922870337695
2019-10-01,358.0,358.0,358.0,358.0,58.88999938964844,60.09000015258789,58.40999984741211,59.529998779296875,41174,0.0,1.6800003051757812,2019,0.0,0.004073107032879676,-0.031095745765171268,-0.018252319026010655
2019-10-02,359.0,359.0,358.0,359.0,57.689998626708984,59.4900016784668,57.22999954223633,59.220001220703125,40386,0.0,2.2600021362304688,2019,0.0027932960893854997,0.004115209680165818,-0.020376987185881767,-0.031095745765171268
2019-10-03,358.0,359.0,358.0,358.0,57.709999084472656,57.9900016784668,56.150001525878906,57.5,49093,0.0,1.8400001525878906,2019,-0.0027855153203342198,0.004100852278047855,0.0003466884770284562,-0.020376987185881767
2019-10-04,358.0,359.0,358.0,358.0,58.369998931884766,58.95000076293945,57.599998474121094,57.599998474121094,41717,0.0,1.3500022888183594,2019,0.0,0.004100933797531211,0.0114364903462576,0.0003466884770284562
2019-10-07,358.0,359.0,358.0,358.0,58.349998474121094,59.66999816894531,57.70000076293945,57.70000076293945,28765,0.0,1.9699974060058594,2019,0.0,0.0041014378809804,-0.00034264961674934646,0.0114364903462576
2019-10-08,359.0,359.0,358.0,359.0,58.2400016784668,58.93000030517578,57.369998931884766,58.470001220703125,38868,0.0,1.5600013732910156,2019,0.0027932960893854997,0.004141365478808551,-0.0018851207974424078,-0.00034264961674934646
2019-10-09,357.0,358.0,357.0,357.0,58.31999969482422,59.34000015258789,57.95000076293945,58.099998474121094,36036,0.0,1.3899993896484375,2019,-0.005571030640668551,0.004249778415656925,0.0013735922742426077,-0.0018851207974424078
2019-10-10,357.0,359.0,357.0,357.0,59.099998474121094,59.529998779296875,57.11000061035156,58.38999938964844,36561,0.0,2.4199981689453125,2019,0.0,0.003320771629927154,0.013374464735570024,0.0013735922742426077
2019-10-11,359.0,359.0,359.0,359.0,60.5099983215332,60.689998626708984,59.209999084472656,59.58000183105469,51613,0.0,1.4799995422363281,2019,0.0056022408963585235,0.003319870873646285,0.02385786605442175,0.013374464735570024
2019-10-14,359.0,359.0,358.0,359.0,59.349998474121094,60.75,58.5099983215332,60.560001373291016,39154,0.0,2.240001678466797,2019,0.0,0.003319870873646285,-0.019170383070384434,0.02385786605442175
2019-10-15,358.0,360.0,358.0,358.0,58.7400016784668,59.68000030517578,58.0,59.290000915527344,49695,0.0,1.6800003051757812,2019,-0.0027855153203342198,0.003361407851078317,-0.010277958068023896,-0.019170383070384434
2019-10-16,359.0,360.0,359.0,359.0,59.41999816894531,59.72999954223633,58.349998474121094,58.7599983215332,43443,0.0,1.3800010681152344,2019,0.0027932960893854997,0.003355754775408293,0.011576378465235848,-0.010277958068023896
2019-10-17,359.0,360.0,359.0,359.0,59.90999984741211,60.029998779296875,58.63999938964844,59.099998474121094,44951,0.0,1.3899993896484375,2019,0.0,0.003355754775408293,0.008246410191289577,0.011576378465235848
2019-10-18,360.0,360.0,360.0,360.0,59.41999816894531,60.27000045776367,59.0,59.880001068115234,33528,0.0,1.2700004577636719,2019,0.0027855153203342198,0.0033886437374893883,-0.00817896310657329,0.008246410191289577
2019-10-21,359.0,360.0,359.0,359.0,58.959999084472656,59.540000915527344,58.2599983215332,59.36000061035156,35588,0.0,1.2800025939941406,2019,-0.002777777777777768,0.003398839488287932,-0.007741486008881582,-0.00817896310657329
2019-10-22,359.0,360.0,359.0,359.0,59.70000076293945,60.2599983215332,58.77000045776367,59.04999923706055,37803,0.0,1.4899978637695312,2019,0.0,0.0033548627225188318,0.012550910616646815,-0.007741486008881582
2019-10-23,360.0,360.0,360.0,360.0,61.16999816894531,61.29999923706055,58.849998474121094,59.630001068115234,37010,0.0,2.450000762939453,2019,0.0027855153203342198,0.0033877604268636383,0.02462307181272938,0.012550910616646815
2019-10-24,359.0,359.0,359.0,359.0,61.66999816894531,61.90999984741211,60.65999984741211,61.09000015258789,35367,0.0,1.25,2019,-0.002777777777777768,0.003433457037775089,0.008173941719256783,0.02462307181272938
2019-10-25,360.0,360.0,359.0,360.0,62.02000045776367,62.11000061035156,60.939998626708984,61.52000045776367,31392,0.0,1.1700019836425781,2019,0.0027855153203342198,0.003465601608075872,0.005675406181455234,0.008173941719256783
2019-10-28,358.0,359.0,358.0,358.0,61.56999969482422,62.34000015258789,61.20000076293945,61.9900016784668,24870,0.0,1.1399993896484375,2019,-0.005555555555555536,0.0029583753420212738,-0.007255736207965824,0.005675406181455234
2019-10-29,359.0,359.0,358.0,358.0,61.59000015258789,61.97999954223633,60.66999816894531,61.650001525878906,16903,1.0,1.3100013732910156,2019,0.0027932960893854997,0.0028355301764771226,0.00032484095927887147,-0.007255736207965824
2019-10-30,358.0,359.0,358.0,358.0,60.61000061035156,61.90999984741211,60.470001220703125,61.310001373291016,13275,0.0,1.4399986267089844,2019,-0.0027855153203342198,0.0028355301764771226,-0.0159116665011918,0.00032484095927887147
2019-10-31,360.0,361.0,360.0,360.0,60.22999954223633,61.029998779296875,60.06999969482422,60.689998626708984,36213,0.0,0.9599990844726562,2019,0.005586592178770999,0.002972821820611569,-0.006269610036109041,-0.0159116665011918
2019-11-01,360.0,361.0,360.0,360.0,61.689998626708984,61.810001373291016,59.400001525878906,59.54999923706055,28361,0.0,2.4099998474121094,2019,0.0,0.002922766227203543,0.024240396738652414,-0.006269610036109041
2019-11-04,360.0,361.0,360.0,360.0,62.130001068115234,62.779998779296875,61.290000915527344,62.0,28961,0.0,1.4899978637695312,2019,0.0,0.002922766227203543,0.007132476109599883,0.024240396738652414
2019-11-05,357.0,357.0,357.0,357.0,62.959999084472656,63.16999816894531,61.900001525878906,62.060001373291016,27103,0.0,1.2699966430664062,2019,-0.008333333333333304,0.003266730184023479,0.013359053630909612,0.007132476109599883
2019-11-06,359.0,358.0,358.0,358.0,61.7400016784668,63.31999969482422,61.59000015258789,62.939998626708984,34901,1.0,1.7299995422363281,2019,0.0056022408963585235,0.0033926500178003524,-0.019377341546161775,0.013359053630909612
2019-11-07,358.0,361.0,358.0,358.0,62.290000915527344,62.900001525878906,61.63999938964844,61.779998779296875,33158,0.0,1.2600021362304688,2019,-0.0027855153203342198,0.0034333137013872824,0.008908312635377946,-0.019377341546161775
2019-11-08,360.0,360.0,359.0,360.0,62.5099983215332,62.689998626708984,60.65999984741211,62.34000015258789,34325,0.0,2.029998779296875,2019,0.005586592178770999,0.0035474965395384936,0.0035318253776268627,0.008908312635377946
2019-11-11,360.0,360.0,360.0,360.0,62.18000030517578,62.75,61.58000183105469,62.5099983215332,23316,0.0,1.1699981689453125,2019,0.0,0.003505606373194172,-0.005279123743693104,0.0035318253776268627
2019-11-12,359.0,359.0,358.0,359.0,62.060001373291016,62.849998474121094,61.79999923706055,62.16999816894531,30687,0.0,1.0499992370605469,2019,-0.002777777777777768,0.003547279880240813,-0.0019298638034065396,-0.005279123743693104
2019-11-13,358.0,358.0,358.0,358.0,62.369998931884766,62.72999954223633,61.22999954223633,61.970001220703125,33278,0.0,1.5,2019,-0.0027855153203342198,0.0035473991234874916,0.00499512651843359,-0.0019298638034065396
2019-11-14,358.0,359.0,358.0,358.0,62.279998779296875,63.20000076293945,62.13999938964844,62.54999923706055,27803,0.0,1.0600013732910156,2019,0.0,0.0035105924238822933,-0.001443003914208485,0.00499512651843359
2019-11-15,358.0,359.0,358.0,358.0,63.29999923706055,63.63999938964844,61.70000076293945,62.33000183105469,32240,0.0,1.9399986267089844,2019,0.0,0.0035105924238822933,0.016377656996723333,-0.001443003914208485
2019-11-18,358.0,359.0,358.0,358.0,62.439998626708984,63.58000183105469,61.939998626708984,63.29999923706055,29294,0.0,1.6400032043457031,2019,0.0,0.0035105924238822933,-0.013586107752242338,0.016377656996723333
2019-11-19,359.0,360.0,360.0,360.0,60.90999984741211,62.54999923706055,60.630001068115234,62.33000183105469,32258,-1.0,1.9199981689453125,2019,0.0027932960893854997,0.0035105924238822933,-0.024503504371353624,-0.013586107752242338
2019-11-20,359.0,359.0,359.0,359.0,62.400001525878906,62.79999923706055,60.29999923706055,60.7400016784668,39331,0.0,2.5,2019,0.0,0.003349040962979736,0.02446234907567657,-0.024503504371353624
2019-11-21,360.0,360.0,360.0,360.0,63.970001220703125,64.02999877929688,61.93000030517578,62.439998626708984,36374,0.0,2.0999984741210938,2019,0.0027855153203342198,0.003381995421972976,0.025160250904370463,0.02446234907567657
2019-11-22,360.0,360.0,359.0,360.0,63.38999938964844,64.30000305175781,62.9900016784668,63.66999816894531,33785,0.0,1.3100013732910156,2019,0.0,0.003229473235416357,-0.009066778489711491,0.025160250904370463
2019-11-25,360.0,360.0,360.0,360.0,63.650001525878906,63.790000915527344,62.959999084472656,63.459999084472656,25178,0.0,0.8300018310546875,2019,0.0,0.003229473235416357,0.004101627050542733,-0.009066778489711491
2019-11-26,360.0,360.0,360.0,360.0,64.2699966430664,64.30999755859375,63.45000076293945,63.5099983215332,23433,0.0,0.8599967956542969,2019,0.0,0.0031834324015392467,0.009740692888049907,0.004101627050542733
2019-11-27,360.0,360.0,360.0,360.0,64.05999755859375,64.5999984741211,63.529998779296875,64.13999938964844,15263,0.0,1.0699996948242188,2019,0.0,0.003145304901376727,-0.003267451306072422,0.009740692888049907
2019-11-29,360.0,360.0,360.0,360.0,62.43000030517578,64.04000091552734,62.400001525878906,64.04000091552734,47386,0.0,1.6399993896484375,2019,0.0,0.003145304901376727,-0.02544485350513881,-0.003267451306072422
2019-12-02,360.0,360.0,360.0,360.0,60.91999816894531,62.08000183105469,60.5,60.79999923706055,39023,0.0,1.5800018310546875,2019,0.0,0.0031040621093904306,-0.024187123640063146,-0.02544485350513881
2019-12-03,360.0,360.0,360.0,360.0,60.81999969482422,61.59000015258789,60.29999923706055,60.90999984741211,32863,0.0,1.2900009155273438,2019,0.0,0.0030593086144720624,-0.001641472047385406,-0.024187123640063146
2019-12-04,360.0,360.0,360.0,360.0,63.0,63.529998779296875,60.9900016784668,61.15999984741211,41730,0.0,2.539997100830078,2019,0.0,0.0030593086144720624,0.03584347773946628,-0.001641472047385406
2019-12-05,359.0,359.0,359.0,359.0,63.38999938964844,63.900001525878906,62.75,63.04999923706055,38903,0.0,1.1500015258789062,2019,-0.002777777777777768,0.00305935013261042,0.006190466502356218,0.03584347773946628
2019-12-06,360.0,360.0,359.0,360.0,64.38999938964844,64.86000061035156,62.83000183105469,63.290000915527344,43303,0.0,2.029998779296875,2019,0.0027855153203342198,0.0030593086144720624,0.015775359041308112,0.006190466502356218
2019-12-09,360.0,360.0,360.0,360.0,64.25,64.5,63.61000061035156,64.4000015258789,32410,0.0,0.8899993896484375,2019,0.0,0.003016882216409157,-0.0021742412016693136,0.015775359041308112
2019-12-10,359.0,359.0,359.0,359.0,64.33999633789062,64.68000030517578,63.77000045776367,64.0,31170,0.0,0.9099998474121094,2019,-0.002777777777777768,0.002879870483228588,0.0014007212123055002,-0.0021742412016693136
2019-12-11,360.0,360.0,359.0,360.0,63.720001220703125,64.25,63.0099983215332,64.16000366210938,31647,0.0,1.2400016784667969,2019,0.0027855153203342198,0.0028796196224359894,-0.009636231776133597,0.0014007212123055002
2019-12-12,359.0,360.0,359.0,359.0,64.19999694824219,64.83999633789062,63.869998931884766,63.88999938964844,32866,0.0,0.9699974060058594,2019,-0.002777777777777768,0.002879352901022116,0.007532889490641015,-0.009636231776133597
2019-12-13,359.0,360.0,360.0,360.0,65.22000122070312,65.77999877929688,64.38999938964844,64.41000366210938,34575,-1.0,1.3899993896484375,2019,0.0,0.002686254258615971,0.01588791777176035,0.007532889490641015
2019-12-16,360.0,360.0,360.0,360.0,65.33999633789062,65.6500015258789,64.87999725341797,64.9800033569336,31476,0.0,0.7700042724609375,2019,0.0027855153203342198,0.0027371041825781984,0.001839851501710843,0.01588791777176035
2019-12-17,360.0,360.0,360.0,360.0,66.0999984741211,66.2300033569336,65.12000274658203,65.37000274658203,35092,0.0,1.1100006103515625,2019,0.0,0.0027371041825781984,0.011631499522900102,0.001839851501710843
2019-12-18,360.0,360.0,360.0,360.0,66.16999816894531,66.41999816894531,65.56999969482422,65.83000183105469,31943,0.0,0.8499984741210938,2019,0.0,0.0022394640923007894,0.0010589969204253258,0.011631499522900102
2019-12-19,359.0,360.0,359.0,359.0,66.54000091552734,66.77999877929688,66.04000091552734,66.12000274658203,29280,0.0,0.7399978637695312,2019,-0.002777777777777768,0.0020690428194263684,0.005591699513687987,0.0010589969204253258
2019-12-20,359.0,360.0,359.0,359.0,66.13999938964844,66.70999908447266,65.7300033569336,66.5199966430664,33986,0.0,0.9799957275390625,2019,0.0,0.0020010166063874086,-0.0060114445502744696,0.005591699513687987
2019-12-23,360.0,360.0,360.0,360.0,66.38999938964844,66.5999984741211,65.80999755859375,66.20999908447266,21599,0.0,0.7900009155273438,2019,0.0027855153203342198,0.0017901767546923898,0.0037798609360000235,-0.0060114445502744696
2019-12-24,359.0,359.0,359.0,359.0,67.19999694824219,67.25,66.37000274658203,66.51000213623047,18562,0.0,0.8799972534179688,2019,-0.002777777777777768,0.0018607071754394833,0.012200595963856031,0.0037798609360000235
2019-12-26,360.0,360.0,359.0,360.0,67.91999816894531,67.94999694824219,67.19000244140625,67.37000274658203,10745,0.0,0.7599945068359375,2019,0.0027855153203342198,0.001860933038257531,0.01071430436608023,0.012200595963856031
2019-12-27,359.0,359.0,359.0,359.0,68.16000366210938,68.29000091552734,67.58000183105469,67.91999816894531,8223,0.0,0.7099990844726562,2019,-0.002777777777777768,0.0018605206201402218,0.0035336498768310243,0.01071430436608023
2019-12-30,360.0,360.0,360.0,360.0,68.44000244140625,68.91000366210938,68.18000030517578,68.20999908447266,34100,0.0,0.7300033569335938,2019,0.0027855153203342198,0.0019240554537745117,0.004107963090567157,0.0035336498768310243
2019-12-31,359.0,360.0,359.0,359.0,66.0,66.91999816894531,65.63999938964844,66.68000030517578,30892,0.0,1.279998779296875,2019,-0.002777777777777768,0.001998777648161743,-0.035651700093015326,0.004107963090567157
2020-01-02,360.0,360.0,360.0,360.0,66.25,66.56999969482422,65.7300033569336,66.47000122070312,25810,0.0,0.839996337890625,2020,0.0027855153203342198,0.0020580366738222676,0.0037878787878788955,-0.035651700093015326
2020-01-03,359.0,360.0,360.0,360.0,68.5999984741211,69.4800033569336,66.22000122070312,66.29000091552734,78848,-1.0,3.2600021362304688,2020,-0.002777777777777768,0.002066156119035287,0.03547167508107307,0.0037878787878788955
2020-01-06,359.0,360.0,359.0,359.0,68.91000366210938,70.72000122070312,68.19000244140625,69.06999969482422,51933,0.0,2.529998779296875,2020,0.0,0.002066156119035287,0.004519026164486517,0.03547167508107307
2020-01-07,360.0,360.0,360.0,360.0,68.2699966430664,68.73999786376953,67.6500015258789,68.58000183105469,41178,0.0,1.089996337890625,2020,0.0027855153203342198,0.002066156119035287,-0.00928757778306255,0.004519026164486517
2020-01-08,360.0,360.0,359.0,360.0,65.44000244140625,71.98999786376953,64.94000244140625,68.47000122070312,85232,0.0,7.049995422363281,2020,0.0,0.002066156119035287,-0.04145297115592539,-0.00928757778306255
2020-01-09,359.0,360.0,359.0,360.0,65.37000274658203,66.08999633789062,64.55000305175781,65.79000091552734,50520,-1.0,1.5399932861328125,2020,-0.002777777777777768,0.002127580323061022,-0.0010696774482380489,-0.04145297115592539
2020-01-10,360.0,360.0,360.0,360.0,64.9800033569336,65.66000366210938,64.86000061035156,65.41000366210938,46595,0.0,0.8000030517578125,2020,0.0027855153203342198,0.0021914893628340406,-0.005966029880101642,-0.0010696774482380489
2020-01-13,359.0,360.0,359.0,359.0,64.19999694824219,65.25,63.91999816894531,65.18000030517578,35430,0.0,1.3300018310546875,2020,-0.002777777777777768,0.002249504825480288,-0.01200379144960717,-0.005966029880101642
2020-01-14,360.0,360.0,360.0,360.0,64.48999786376953,65.04000091552734,63.90999984741211,64.22000122070312,34682,0.0,1.1300010681152344,2020,0.0027855153203342198,0.0023100324692461264,0.004517148431660178,-0.01200379144960717
2020-01-15,360.0,360.0,359.0,360.0,64.0,64.61000061035156,63.54999923706055,64.45999908447266,34164,0.0,1.0600013732910156,2020,0.0,0.0023100324692461264,-0.007598044347971844,0.004517148431660178
2020-01-16,360.0,360.0,359.0,360.0,64.62000274658203,64.95999908447266,63.91999816894531,64.30999755859375,38391,0.0,1.0400009155273438,2020,0.0,0.0023100324692461264,0.009687542915344238,-0.007598044347971844
2020-01-17,360.0,360.0,359.0,360.0,64.8499984741211,65.13999938964844,64.48999786376953,64.75,35541,0.0,0.6500015258789062,2020,0.0,0.0023100324692461264,0.003559203308007186,0.009687542915344238
2020-01-21,360.0,360.0,360.0,360.0,64.58999633789062,66.0,64.05999755859375,65.4000015258789,50484,0.0,1.94000244140625,2020,0.0,0.0022496257960767977,-0.004009285155715525,0.003559203308007186
2020-01-22,360.0,360.0,360.0,360.0,63.209999084472656,64.58999633789062,62.529998779296875,64.54000091552734,35127,0.0,2.05999755859375,2020,0.0,0.0021914893628340406,-0.021365495148796265,-0.004009285155715525
2020-01-23,360.0,360.0,359.0,360.0,62.040000915527344,62.779998779296875,61.25,62.630001068115234,43330,0.0,1.529998779296875,2020,0.0,0.0021914893628340406,-0.018509700773476467,-0.021365495148796265
2020-01-24,359.0,360.0,360.0,360.0,60.689998626708984,62.459999084472656,60.220001220703125,62.119998931884766,43263,-1.0,2.2399978637695312,2020,-0.002777777777777768,0.0021914893628340406,-0.021760191310385424,-0.018509700773476467
2020-01-27,360.0,360.0,360.0,360.0,59.31999969482422,60.4900016784668,58.5,60.279998779296875,39367,0.0,1.9900016784667969,2020,0.0027855153203342198,0.0021914893628340406,-0.02257371828777477,-0.021760191310385424
2020-01-28,360.0,360.0,359.0,360.0,59.5099983215332,60.11000061035156,58.5,58.95000076293945,41537,0.0,1.6100006103515625,2020,0.0,0.0021277314798659225,0.0032029438247882513,-0.02257371828777477
2020-01-29,360.0,360.0,359.0,360.0,59.810001373291016,60.61000061035156,59.25,59.66999816894531,21453,0.0,1.3600006103515625,2020,0.0,0.0021277314798659225,0.005041220974951077,0.0032029438247882513
2020-01-30,360.0,360.0,360.0,360.0,58.290000915527344,59.61000061035156,57.72999954223633,59.61000061035156,17435,0.0,1.8800010681152344,2020,0.0,0.0020661561190352873,-0.025413817469705835,0.005041220974951077
2020-01-31,359.0,360.0,359.0,359.0,58.15999984741211,59.529998779296875,57.97999954223633,59.06999969482422,68547,0.0,1.5499992370605469,2020,-0.002777777777777768,0.002127580323061022,-0.0022302464586272386,-0.025413817469705835
2020-02-03,359.0,360.0,359.0,359.0,54.45000076293945,56.7599983215332,54.06999969482422,55.849998474121094,66338,0.0,2.6899986267089844,2020,0.0,0.002127580323061022,-0.0637895305056081,-0.0022302464586272386
2020-02-04,359.0,361.0,359.0,359.0,53.959999084472656,55.63999938964844,53.689998626708984,54.150001525878906,52393,0.0,1.9500007629394531,2020,0.0,0.0020661561190352873,-0.008999112426097633,-0.0637895305056081
2020-02-05,361.0,361.0,360.0,360.0,55.279998779296875,56.470001220703125,53.880001068115234,53.880001068115234,56117,1.0,2.5900001525878906,2020,0.0055710306406684396,0.0023027710334693886,0.02446255962231958,-0.008999112426097633
2020-02-06,361.0,360.0,360.0,360.0,54.93000030517578,56.560001373291016,54.2400016784668,55.56999969482422,50605,1.0,2.3199996948242188,2020,0.0,0.0022499669534860054,-0.006331376299743563,0.02446255962231958
2020-02-07,360.0,360.0,360.0,360.0,54.470001220703125,55.470001220703125,54.209999084472656,55.36000061035156,43796,0.0,1.2600021362304688,2020,-0.0027700831024930483,0.0022496285964530506,-0.008374277843018918,-0.006331376299743563
2020-02-10,360.0,361.0,360.0,360.0,53.27000045776367,54.70000076293945,53.11000061035156,54.2400016784668,35920,0.0,1.5900001525878906,2020,0.0,0.00219149217487082,-0.022030489003979525,-0.008374277843018918
2020-02-11,361.0,361.0,360.0,360.0,54.0099983215332,54.65999984741211,53.349998474121094,53.349998474121094,36294,1.0,1.3100013732910156,2020,0.002777777777777768,0.0021831795707571095,0.013891455930364671,-0.022030489003979525
2020-02-12,361.0,360.0,360.0,360.0,55.790000915527344,56.29999923706055,54.18000030517578,54.18000030517578,43350,1.0,2.1199989318847656,2020,0.0,0.002127397488867254,0.03295690889300529,0.013891455930364671
2020-02-13,360.0,360.0,360.0,360.0,56.34000015258789,56.83000183105469,54.970001220703125,56.34000015258789,48775,0.0,1.8600006103515625,2020,-0.0027700831024930483,0.0021270396666413826,0.009858383725307895,0.03295690889300529
2020-02-14,361.0,361.0,360.0,361.0,57.31999969482422,57.529998779296875,56.15999984741211,56.400001525878906,41913,0.0,1.3699989318847656,2020,0.002777777777777768,0.002126702604758596,0.017394383024177396,0.009858383725307895
2020-02-18,360.0,360.0,360.0,360.0,57.75,57.81999969482422,56.290000915527344,57.34000015258789,47337,0.0,1.529998779296875,2020,-0.0027700831024930483,0.0021263446657756257,0.007501749955777015,0.017394383024177396
2020-02-19,361.0,362.0,361.0,361.0,59.119998931884766,59.40999984741211,57.540000915527344,57.70000076293945,36217,0.0,1.8699989318847656,2020,0.002777777777777768,0.0021818252391205177,0.023722925227441793,0.007501749955777015
2020-02-20,362.0,362.0,362.0,362.0,59.310001373291016,60.02000045776367,58.900001525878906,59.34000015258789,34207,0.0,1.1199989318847656,2020,0.0027700831024930483,0.0021811933134828552,0.003213843789563686,0.023722925227441793
2020-02-21,362.0,362.0,362.0,362.0,58.5,59.27000045776367,57.7400016784668,59.15999984741211,39006,0.0,1.529998779296875,2020,0.0,0.0021811933134828552,-0.013657078983912885,0.003213843789563686
2020-02-24,362.0,362.0,362.0,362.0,56.29999923706055,58.119998931884766,55.13999938964844,58.02000045776367,28258,0.0,2.979999542236328,2020,0.0,0.0021087539380706642,-0.03760685064853764,-0.013657078983912885
2020-02-25,361.0,364.0,361.0,361.0,54.95000076293945,56.970001220703125,54.61000061035156,56.220001220703125,27751,0.0,2.3600006103515625,2020,-0.002762430939226568,0.002124622354126124,-0.02397865883508632,-0.03760685064853764
2020-02-26,363.0,364.0,363.0,363.0,53.43000030517578,55.439998626708984,53.040000915527344,55.08000183105469,26216,0.0,2.3999977111816406,2020,0.005540166204986097,0.0022743179083511084,-0.02766151841054787,-0.02397865883508632
2020-02-27,364.0,364.0,364.0,364.0,52.18000030517578,53.439998626708984,51.04999923706055,53.439998626708984,9616,0.0,2.3899993896484375,2020,0.0027548209366390353,0.002273201291246089,-0.023395096254171466,-0.02766151841054787
2020-02-28,364.0,364.0,364.0,364.0,50.52000045776367,51.4900016784668,50.119998931884766,51.369998931884766,53362,0.0,1.3700027465820312,2020,0.0,0.002273201291246089,-0.03181295204491308,-0.023395096254171466
2020-03-02,364.0,364.0,364.0,364.0,51.900001525878906,52.779998779296875,48.380001068115234,49.040000915527344,47286,0.0,4.399997711181641,2020,0.0,0.002273201291246089,0.027315935384223833,-0.03181295204491308
2020-03-03,363.0,363.0,363.0,363.0,51.86000061035156,53.869998931884766,51.2400016784668,52.97999954223633,42862,0.0,2.6299972534179688,2020,-0.0027472527472527375,0.002342924466376225,-0.000770730527000052,0.027315935384223833
2020-03-04,364.0,364.0,364.0,364.0,51.130001068115234,53.029998779296875,51.040000915527344,51.72999954223633,39712,0.0,1.9899978637695312,2020,0.0027548209366390353,0.0023852036666288604,-0.014076350436652674,-0.000770730527000052
2020-03-05,363.0,364.0,363.0,363.0,49.9900016784668,52.0099983215332,49.70000076293945,51.650001525878906,39679,0.0,2.30999755859375,2020,-0.0027472527472527375,0.002451753509837305,-0.022296095557082674,-0.014076350436652674
2020-03-06,364.0,364.0,363.0,364.0,45.27000045776367,50.43000030517578,45.15999984741211,50.119998931884766,69464,0.0,5.270000457763672,2020,0.0027548209366390353,0.0024921775258605152,-0.09441890502548766,-0.022296095557082674
2020-03-09,364.0,365.0,364.0,364.0,34.36000061035156,39.2400016784668,31.25,39.2400016784668,76517,0.0,7.990001678466797,2020,0.0,0.0024217474396783525,-0.24099844791455216,-0.09441890502548766
2020-03-10,364.0,365.0,364.0,364.0,37.220001220703125,38.209999084472656,33.439998626708984,33.459999084472656,67054,0.0,4.770000457763672,2020,0.0,0.002382754970130982,0.08323633758871174,-0.24099844791455216
2020-03-11,364.0,365.0,364.0,364.0,35.790000915527344,39.619998931884766,35.36000061035156,37.79999923706055,60513,0.0,4.259998321533203,2020,0.0,0.002382754970130982,-0.03842021113047045,0.08323633758871174
2020-03-12,364.0,364.0,364.0,364.0,33.220001220703125,36.529998779296875,32.47999954223633,36.130001068115234,67484,0.0,4.049999237060547,2020,0.0,0.002382754970130982,-0.07180775716910459,-0.03842021113047045
2020-03-13,364.0,365.0,363.0,364.0,33.849998474121094,35.9900016784668,32.16999816894531,32.86000061035156,50707,0.0,3.8200035095214844,2020,0.0,0.002382754970130982,0.018964395853945604,-0.07180775716910459
2020-03-16,364.0,364.0,364.0,364.0,30.049999237060547,34.54999923706055,29.34000015258789,34.459999084472656,43527,0.0,5.209999084472656,2020,0.0,0.0023090003244831256,-0.11225995297948721,0.018964395853945604
2020-03-17,365.0,365.0,365.0,365.0,28.729999542236328,31.219999313354492,28.459999084472656,29.700000762939453,32969,0.0,2.760000228881836,2020,0.0027472527472527375,0.002344184623519469,-0.0439267796451811,-0.11225995297948721
2020-03-18,364.0,364.0,364.0,364.0,24.8799991607666,29.190000534057617,24.510000228881836,28.65999984741211,47500,0.0,4.680000305175781,2020,-0.002739726027397249,0.0024187450878701187,-0.1340062806408957,-0.0439267796451811
2020-03-19,364.0,365.0,364.0,364.0,28.469999313354492,29.3799991607666,24.979999542236328,26.440000534057617,41724,0.0,4.399999618530273,2020,0.0,0.0022187156711803756,0.14429261550173123,-0.1340062806408957
2020-03-20,364.0,365.0,364.0,364.0,26.979999542236328,30.93000030517578,26.790000915527344,28.0,51866,0.0,4.1399993896484375,2020,0.0,0.0022187156711803756,-0.052335785284660874,0.14429261550173123
2020-03-23,364.0,365.0,364.0,364.0,27.030000686645508,27.520000457763672,24.68000030517578,26.5,31642,0.0,2.8400001525878906,2020,0.0,0.0021438558851843903,0.0018532670592119604,-0.052335785284660874
2020-03-24,364.0,365.0,364.0,364.0,27.149999618530273,28.639999389648438,26.690000534057617,27.639999389648438,30946,0.0,1.9499988555908203,2020,0.0,0.0021438558851843903,0.0044394720250249264,0.0018532670592119604
2020-03-25,364.0,365.0,364.0,364.0,27.389999389648438,28.280000686645508,25.729999542236328,27.600000381469727,27352,0.0,2.5500011444091797,2020,0.0,0.0020957522593716567,0.008839770699457405,0.0044394720250249264
2020-03-26,364.0,369.8089294433594,369.7755432128906,369.7858581542969,26.34000015258789,27.670000076293945,26.040000915527344,27.59000015258789,26819,-5.785858154296875,1.6299991607666016,2020,0.0,0.0020957522593716567,-0.038335131816665036,0.008839770699457405
2020-03-27,364.0,369.8089294433594,369.7755432128906,369.7858581542969,24.93000030517578,27.0,24.170000076293945,26.709999084472656,23547,-5.785858154296875,2.8299999237060547,2020,0.0,0.0020163445537176574,-0.05353074560531379,-0.038335131816665036
2020-03-30,364.0,369.8089294433594,369.7755432128906,369.7858581542969,22.760000228881836,24.25,21.690000534057617,24.0,9112,-5.785858154296875,2.559999465942383,2020,0.0,0.00196510958973565,-0.08704372441758157,-0.05353074560531379
2020-03-31,364.0,369.8089294433594,369.7755432128906,369.7858581542969,22.739999771118164,23.860000610351562,22.579999923706055,22.959999084472656,40694,-5.785858154296875,1.2800006866455078,2020,0.0,0.0018802054478337102,-0.0008787547259464512,-0.08704372441758157
2020-04-01,364.0,369.8089294433594,369.7755432128906,369.7858581542969,24.739999771118164,26.270000457763672,24.540000915527344,25.93000030517578,43466,-5.785858154296875,1.7299995422363281,2020,0.0,0.0018251393729165504,0.08795074846659312,-0.0008787547259464512
2020-04-02,364.0,369.8089294433594,369.7755432128906,369.7858581542969,29.940000534057617,32.599998474121094,25.43000030517578,25.6299991607666,65518,-5.785858154296875,7.1699981689453125,2020,0.0,0.001763726375285009,0.21018596649341958,0.08795074846659312
2020-04-03,364.0,369.8089294433594,369.7755432128906,369.7858581542969,34.11000061035156,35.0,28.280000686645508,29.959999084472656,55373,-5.785858154296875,6.719999313354492,2020,0.0,0.001763726375285009,0.13927855717806192,0.21018596649341958
2020-04-06,364.0,369.8089294433594,369.7755432128906,369.7858581542969,33.04999923706055,34.22999954223633,30.549999237060547,31.25,36779,-5.785858154296875,3.6800003051757812,2020,0.0,0.001763726375285009,-0.03107597051667399,0.13927855717806192
2020-04-07,364.0,369.8089294433594,369.7755432128906,369.7858581542969,31.8700008392334,34.18000030517578,31.729999542236328,33.310001373291016,36246,-5.785858154296875,2.450000762939453,2020,0.0,0.0016743783020289128,-0.03570343192334968,-0.03107597051667399
2020-04-08,364.0,369.8089294433594,369.7755432128906,369.7858581542969,32.84000015258789,33.869998931884766,31.549999237060547,32.40999984741211,39293,-5.785858154296875,2.3199996948242188,2020,0.0,0.0013475169962941782,0.03043612449988964,-0.03570343192334968
2020-04-09,364.0,369.8089294433594,369.7755432128906,369.7858581542969,31.479999542236328,36.43000030517578,31.239999771118164,33.65999984741211,48214,-5.785858154296875,5.190000534057617,2020,0.0,0.0012501910384013855,-0.041412929477236626,0.03043612449988964
2020-04-13,364.0,369.8089294433594,369.7755432128906,369.7858581542969,31.739999771118164,33.22999954223633,30.639999389648438,33.0,28098,-5.785858154296875,2.5900001525878906,2020,0.0,0.0012501910384013855,0.008259219589028088,-0.041412929477236626
2020-04-14,387.0,386.0,385.0,385.0,29.600000381469727,32.380001068115234,29.399999618530273,32.09000015258789,32146,2.0,2.980001449584961,2020,0.06318681318681318,0.011603683223356646,-0.0674227915904313,0.008259219589028088
2020-04-15,385.0,386.0,383.0,385.0,27.690000534057617,30.420000076293945,27.170000076293945,30.010000228881836,32129,0.0,3.25,2020,-0.0051679586563307955,0.011646938783920696,-0.06452702104043928,-0.0674227915904313
2020-04-16,385.5,386.5,385.5,385.5,27.81999969482422,29.010000228881836,27.200000762939453,28.059999465942383,30922,0.0,1.8099994659423828,2020,0.0012987012987013546,0.011646832138090979,0.004694805282026149,-0.06452702104043928
2020-04-17,386.0,386.07000732421875,385.9100036621094,386.0,28.079999923706055,29.0,27.600000381469727,28.469999313354492,44417,0.0,1.3999996185302734,2020,0.0012970168612191912,0.01161361384375998,0.009345802722284358,0.004694805282026149
2020-04-20,384.6099853515625,386.0,381.82000732421875,384.6099853515625,25.56999969482422,28.239999771118164,25.3799991607666,28.049999237060547,46467,0.0,2.8600006103515625,2020,-0.00360107421875,0.01165937739600068,-0.08938747278139458,0.009345802722284358
2020-04-21,389.0,389.0,385.8500061035156,389.0,19.329999923706055,27.229999542236328,17.520000457763672,25.959999084472656,83111,0.0,9.709999084472656,2020,0.011414198319434465,0.011780818029352448,-0.2440359736250306,-0.08938747278139458
2020-04-22,360.0,389.510986328125,387.0,389.487548828125,20.3700008392334,22.459999084472656,16.0,19.559999465942383,51051,-29.487548828125,6.459999084472656,2020,-0.07455012853470433,0.01832412245889905,0.053802427296024025,-0.2440359736250306
2020-04-23,389.5,390.6300048828125,389.0,389.5,21.329999923706055,23.18000030517578,20.059999465942383,21.299999237060547,44993,0.0,3.1200008392333984,2020,0.08194444444444438,0.023680268372225675,0.04712808271581714,0.053802427296024025
2020-04-24,389.5,390.3434143066406,360.0,389.98583984375,21.440000534057617,22.670000076293945,20.510000228881836,21.790000915527344,36158,-0.48583984375,2.1599998474121094,2020,0.0,0.023680268372225675,0.005157084423113689,0.04712808271581714
2020-04-27,360.0,389.6400146484375,360.0,360.0,19.989999771118164,21.90999984741211,19.110000610351562,21.299999237060547,25906,0.0,2.799999237060547,2020,-0.07573812580231065,0.02766164545663897,-0.0676306309151492,0.005157084423113689
2020-04-28,389.5,390.0000915527344,387.3111267089844,389.96929931640625,20.459999084472656,21.270000457763672,18.729999542236328,20.170000076293945,21996,-0.46929931640625,2.5400009155273438,2020,0.08194444444444438,0.031448038755404854,0.023511721797693674,-0.0676306309151492
2020-04-29,389.0,390.9700012207031,389.0,389.0,22.540000915527344,23.829999923706055,20.350000381469727,20.75,14425,0.0,3.479999542236328,2020,-0.0012836970474967568,0.03145659267681007,0.1016618731245802,0.023511721797693674
2020-04-30,389.0,389.5,386.76544189453125,389.0,25.270000457763672,25.809999465942383,23.110000610351562,23.110000610351562,42900,0.0,2.6999988555908203,2020,0.0,0.0314445300809725,0.12111798719385525,0.1016618731245802
2020-05-01,389.489990234375,389.5,388.0,389.489990234375,26.440000534057617,27.950000762939453,25.75,26.719999313354492,28681,0.0,2.200000762939453,2020,0.0012596149983932214,0.03144165310749813,0.04629996260781577,0.12111798719385525
2020-05-04,389.010009765625,389.3999938964844,389.0,389.010009765625,27.200000762939453,28.079999923706055,25.479999542236328,26.209999084472656,30309,0.0,2.6000003814697266,2020,-0.0012323306908635923,0.0314461521475294,0.02874433485365757,0.04629996260781577
2020-05-05,388.0,390.17999267578125,389.3900146484375,389.489990234375,30.969999313354492,31.690000534057617,27.799999237060547,27.940000534057617,38518,-1.489990234375,3.8900012969970703,2020,-0.002596359323076336,0.03145738842125491,0.1386028839951996,0.02874433485365757
2020-05-06,389.5,389.510009765625,389.5,389.5,29.719999313354492,32.4900016784668,28.670000076293945,31.8799991607666,37505,0.0,3.8200016021728516,2020,0.0038659793814432852,0.03145426376756293,-0.040361641191932196,0.1386028839951996
2020-05-07,389.5,389.5,366.3500061035156,389.5,29.459999084472656,31.84000015258789,29.06999969482422,30.1200008392334,36701,0.0,2.770000457763672,2020,0.0,0.03145426376756293,-0.008748325534617574,-0.040361641191932196
2020-05-08,389.0,389.0299987792969,389.0,389.0,30.969999313354492,31.1299991607666,29.399999618530273,29.43000030517578,20277,0.0,1.7299995422363281,2020,-0.0012836970474967568,0.03145898512798068,0.05125594962009705,-0.008748325534617574
2020-05-11,389.0,389.55999755859375,388.55999755859375,389.1000061035156,29.6299991607666,31.450000762939453,29.360000610351562,30.68000030517578,33638,-0.100006103515625,2.0900001525878906,2020,0.0,0.03145898512798068,-0.043267684284709396,0.05125594962009705
2020-05-12,389.010009765625,389.5,389.0,389.010009765625,29.979999542236328,30.68000030517578,29.450000762939453,30.06999969482422,25820,0.0,1.2299995422363281,2020,2.5732045308535234e-05,0.03145890955189246,0.01181236555460874,-0.043267684284709396
2020-05-13,389.96673583984375,390.4800109863281,388.0,390.4800109863281,29.190000534057617,30.540000915527344,28.8700008392334,29.469999313354492,25072,-0.513275146484375,1.6700000762939453,2020,0.002459386777206918,0.031454854609139715,-0.026350867919985976,0.01181236555460874
2020-05-14,389.5,389.7799987792969,387.0,389.5,31.1299991607666,31.489999771118164,28.899999618530273,29.389999389648438,25953,0.0,2.5900001525878906,2020,-0.0011968606472000376,0.0314592540067143,0.06646106855823719,-0.026350867919985976
2020-05-15,387.0,389.5,385.7200012207031,389.5,32.5,32.900001525878906,30.959999084472656,31.350000381469727,29410,-2.5,1.94000244140625,2020,-0.006418485237484006,0.03150029358563158,0.04400902268446005,0.06646106855823719
2020-05-18,386.510009765625,386.510009765625,385.5899963378906,386.510009765625,34.810001373291016,35.720001220703125,32.709999084472656,32.709999084472656,28869,0.0,3.0100021362304688,2020,-0.0012661246366278966,0.03150463546538132,0.07107696533203134,0.04400902268446005
2020-05-19,389.5,390.0,389.5,389.5,34.650001525878906,35.86000061035156,34.20000076293945,35.439998626708984,24952,0.0,1.6599998474121094,2020,0.0077358675295060575,0.03151530467514974,-0.004596375785692275,0.07107696533203134
2020-05-20,389.510009765625,390.57000732421875,387.0,389.510009765625,35.75,36.400001525878906,34.369998931884766,34.43000030517578,25571,0.0,2.0300025939941406,2020,2.5699013157964856e-05,0.03151522807499226,0.03174598631112735,-0.004596375785692275
2020-05-21,388.0,389.5,387.2300109863281,388.0,36.060001373291016,36.97999954223633,35.709999084472656,35.79999923706055,29933,0.0,1.2700004577636719,2020,-0.003876690528527349,0.03153478132764707,0.00867136708506333,0.03174598631112735
2020-05-22,389.5,389.5199890136719,387.0,389.5,35.130001068115234,36.22999954223633,33.54999923706055,35.939998626708984,31482,0.0,2.6800003051757812,2020,0.0038659793814432852,0.031531654364712176,-0.025790356898450217,0.00867136708506333
2020-05-26,390.07000732421875,390.07000732421875,389.510009765625,390.07000732421875,36.16999816894531,36.68000030517578,34.459999084472656,35.130001068115234,29328,0.0,2.220001220703125,2020,0.0014634334383023528,0.03152840578466562,0.029604243359218074,-0.025790356898450217
2020-05-27,390.0,390.0,382.0899963378906,390.0,34.7400016784668,36.18000030517578,34.0,36.099998474121094,16676,0.0,2.1800003051757812,2020,-0.00017947374292881513,0.029392613345816145,-0.03953543165247586,0.029604243359218074
2020-05-28,389.5,390.0,380.1340637207031,389.5,35.290000915527344,35.88999938964844,33.38999938964844,34.34000015258789,9367,0.0,2.5,2020,-0.0012820512820512775,0.02937453911303629,0.0158318713439054,-0.03953543165247586
2020-05-29,387.0,387.0,386.07000732421875,387.0,35.33000183105469,35.36000061035156,34.18000030517578,35.029998779296875,32101,0.0,1.1800003051757812,2020,-0.006418485237484006,0.02940382606843726,0.0011334914845453348,0.0158318713439054
2020-06-01,360.0,387.4790344238281,386.1099853515625,387.4735107421875,38.31999969482422,38.68000030517578,37.16999816894531,37.540000915527344,26475,-27.4735107421875,1.5100021362304688,2020,-0.06976744186046513,0.03208181011755528,0.08463056067948904,0.0011334914845453348
2020-06-02,384.0,387.0,360.75,387.0,39.56999969482422,39.790000915527344,38.34000015258789,38.47999954223633,27662,-3.0,1.4500007629394531,2020,0.06666666666666665,0.03442688594421049,0.03262004201343549,0.08463056067948904
2020-06-03,387.0,387.6300048828125,385.0,387.5,39.790000915527344,40.529998779296875,38.75,39.52000045776367,34099,-0.5,1.779998779296875,2020,0.0078125,0.03439384665637784,0.005559798392717807,0.03262004201343549
2020-06-04,387.0,387.5,384.0,387.0,39.9900016784668,40.099998474121094,39.060001373291016,39.380001068115234,22661,0.0,1.0399971008300781,2020,0.0,0.031350435954854726,0.005026407598332172,0.005559798392717807
2020-06-05,384.0,387.7200012207031,387.0,387.0,42.29999923706055,42.47999954223633,39.720001220703125,39.93000030517578,28827,-3.0,2.759998321533203,2020,-0.007751937984496138,0.027603780653883164,0.05776437763536291,0.005026407598332172
2020-06-08,387.0,387.3999938964844,387.0,387.0,40.79999923706055,43.43000030517578,40.68000030517578,42.40999984741211,28718,0.0,2.75,2020,0.0078125,0.027641636717873244,-0.03546099354738985,0.05776437763536291
2020-06-09,387.0,387.5,386.3399963378906,387.0,41.18000030517578,41.43000030517578,39.849998474121094,40.95000076293945,26258,0.0,1.5800018310546875,2020,0.0,0.023640125886163925,0.009313751843653462,-0.03546099354738985
2020-06-10,384.0,387.5,384.2900085449219,387.0,41.72999954223633,41.9900016784668,40.130001068115234,40.869998931884766,23565,-3.0,1.8600006103515625,2020,-0.007751937984496138,0.018349582487093972,0.013355979431389553,0.009313751843653462
2020-06-11,387.0,387.5299987792969,385.393310546875,387.0,38.54999923706055,41.310001373291016,37.83000183105469,41.310001373291016,36881,0.0,3.479999542236328,2020,0.0078125,0.018408004674157045,-0.07620417781114985,0.013355979431389553
2020-06-12,385.0,387.5,387.04998779296875,387.5,38.72999954223633,39.439998626708984,37.0,38.380001068115234,29653,-2.5,2.4399986267089844,2020,-0.0051679586563307955,0.01843210052089815,0.004669268709160734,-0.07620417781114985
2020-06-15,387.0,387.6300048828125,384.0,387.0,39.720001220703125,39.880001068115234,37.2400016784668,38.689998626708984,30674,0.0,2.6399993896484375,2020,0.0051948051948051965,0.01845668106642234,0.025561623810172573,0.004669268709160734
2020-06-16,387.0,387.5,382.3603515625,387.0,40.959999084472656,41.65999984741211,38.970001220703125,39.77000045776367,35087,0.0,2.6899986267089844,2020,0.0,0.018455326274387455,0.031218474966290044,0.025561623810172573
2020-06-17,384.0,387.5,386.1099853515625,387.0,40.709999084472656,41.45000076293945,40.029998779296875,40.709999084472656,29078,-3.0,1.4200019836425781,2020,-0.007751937984496138,0.018504206449428497,-0.006103515761424205,0.031218474966290044
2020-06-18,387.0,387.4813537597656,384.0,387.460205078125,41.5099983215332,41.63999938964844,40.04999923706055,40.58000183105469,31042,-0.460205078125,1.5900001525878906,2020,0.0078125,0.01854793195546658,0.019651173054574533,-0.006103515761424205
2020-06-19,384.0,387.5,384.0,387.0,42.189998626708984,42.93000030517578,41.0099983215332,41.41999816894531,34079,-3.0,1.9200019836425781,2020,-0.007751937984496138,0.01860116827399408,0.016381602810690454,0.019651173054574533
2020-06-22,387.0,387.0,384.0,387.0,43.08000183105469,43.16999816894531,41.5099983215332,41.54999923706055,24433,0.0,1.6599998474121094,2020,0.0078125,0.018658727228390206,0.021095122856493065,0.016381602810690454
2020-06-23,387.5,387.5,385.989990234375,387.5,42.630001068115234,43.93000030517578,42.209999084472656,43.16999816894531,27036,0.0,1.720001220703125,2020,0.0012919896640826156,0.01866022465988819,-0.010445699717103185,0.021095122856493065
2020-06-24,387.5,387.5,384.989990234375,387.5,40.310001373291016,42.88999938964844,39.619998931884766,42.33000183105469,28537,0.0,3.270000457763672,2020,0.0,0.01866022594675902,-0.054421760185210166,-0.010445699717103185
2020-06-25,387.5,388.2699890136719,387.04998779296875,387.5,41.04999923706055,41.63999938964844,39.470001220703125,40.43000030517578,32530,0.0,2.1699981689453125,2020,0.0,0.018654629663483177,0.018357673990550882,-0.054421760185210166
2020-06-26,384.0,387.0,386.8299865722656,387.0,41.02000045776367,41.779998779296875,40.290000915527344,41.470001220703125,13481,-3.0,1.4899978637695312,2020,-0.00903225806451613,0.018726063437470086,-0.000730786354553481,0.018357673990550882
2020-06-29,387.0,387.0,384.0,387.0,41.709999084472656,41.939998626708984,40.060001373291016,40.310001373291016,9783,0.0,1.8799972534179688,2020,0.0078125,0.01874606014036571,0.01682102922986184,-0.000730786354553481
2020-06-30,387.0,387.5,385.8599853515625,387.0,41.150001525878906,41.619998931884766,40.939998626708984,41.54999923706055,29381,0.0,0.6800003051757812,2020,0.0,0.01874413892139771,-0.013425978683423656,0.01682102922986184
2020-07-01,387.5,387.7900085449219,384.7900085449219,387.5,42.029998779296875,42.619998931884766,41.029998779296875,41.720001220703125,26731,0.0,1.5900001525878906,2020,0.0012919896640826156,0.0186918062356123,0.021385108646096773,-0.013425978683423656
2020-07-02,387.0,387.5,385.0,387.0,43.13999938964844,43.220001220703125,41.75,42.02000045776367,21825,0.0,1.470001220703125,2020,-0.001290322580645209,0.018693283479759085,0.026409722640732713,0.021385108646096773
2020-07-06,387.5,387.5,384.28045654296875,387.5,43.099998474121094,43.709999084472656,42.75,42.75,28969,0.0,0.9599990844726562,2020,0.0012919896640826156,0.018680572176168368,-0.0009272349581196382,0.026409722640732713
2020-07-07,387.0,387.1499938964844,384.75,387.0,43.08000183105469,43.45000076293945,42.459999084472656,43.150001525878906,18827,0.0,0.9900016784667969,2020,-0.001290322580645209,0.018668697146759432,-0.000463959252305135,-0.0009272349581196382
2020-07-08,387.0,387.54998779296875,384.0,387.0,43.290000915527344,43.459999084472656,42.779998779296875,42.959999084472656,19171,0.0,0.6800003051757812,2020,0.0,0.018666530635386657,0.004874630351600295,-0.000463959252305135
2020-07-09,384.0,387.5,384.0,387.0,42.349998474121094,43.5,41.93000030517578,43.380001068115234,23249,-3.0,1.5699996948242188,2020,-0.007751937984496138,0.01871885006423598,-0.021714077651337926,0.004874630351600295
2020-07-10,387.5,387.5899963378906,386.80999755859375,387.5,43.2400016784668,43.40999984741211,41.31999969482422,42.400001525878906,24083,0.0,2.0900001525878906,2020,0.00911458333333326,0.01879700974052788,0.02101542470868223,-0.021714077651337926
2020-07-13,386.9599914550781,387.0199890136719,386.5,386.9599914550781,42.720001220703125,43.33000183105469,42.189998626708984,43.11000061035156,22911,0.0,1.1400032043457031,2020,-0.0013935704385080738,0.01876019531971117,-0.012025912062409327,0.02101542470868223
2020-07-14,387.0,387.010009765625,384.0,387.0,42.900001525878906,43.20000076293945,41.79999923706055,42.31999969482422,21724,0.0,1.4000015258789062,2020,0.00010339194181652189,0.013329740774603416,0.00421349016929673,-0.012025912062409327
2020-07-15,386.5,387.6400146484375,385.55999755859375,386.5,43.790000915527344,43.84000015258789,42.70000076293945,43.150001525878906,23596,0.0,1.1399993896484375,2020,-0.0012919896640827266,0.005556543035655886,0.020745905780715557,0.00421349016929673
2020-07-16,387.0,387.5,385.0,387.0,43.369998931884766,43.810001373291016,43.13999938964844,43.63999938964844,20484,0.0,0.6700019836425781,2020,0.001293661060802087,0.005374322287608505,-0.00959127597308751,0.020745905780715557
2020-07-17,387.5,388.29998779296875,386.17999267578125,387.5,43.13999938964844,43.459999084472656,42.630001068115234,43.34000015258789,21774,0.0,0.8299980163574219,2020,0.0012919896640826156,0.00537938076585769,-0.005303194556162127,-0.00959127597308751
2020-07-20,387.0,388.010009765625,387.0,387.0,43.279998779296875,43.43000030517578,42.369998931884766,43.09000015258789,18019,0.0,1.0600013732910156,2020,-0.001290322580645209,0.005181658842019377,0.003245233927426261,-0.005303194556162127
2020-07-21,385.0,388.2699890136719,383.6810302734375,387.5,44.31999969482422,44.880001068115234,43.119998931884766,43.18000030517578,24167,-2.5,1.7600021362304688,2020,-0.0051679586563307955,0.0050711027016138305,0.024029596692706656,0.003245233927426261
2020-07-22,387.0,387.0,382.739990234375,387.0,44.290000915527344,44.400001525878906,43.619998931884766,43.900001525878906,19676,0.0,0.7800025939941406,2020,0.0051948051948051965,0.005164594287925423,-0.0006768677685793367,0.024029596692706656
2020-07-23,387.5,387.69000244140625,385.8599853515625,387.5,43.310001373291016,44.77000045776367,43.130001068115234,44.349998474121094,25759,0.0,1.6399993896484375,2020,0.0012919896640826156,0.004955439650415193,-0.022126880153049533,-0.0006768677685793367
2020-07-24,387.5,387.5,385.69000244140625,387.5,43.34000015258789,43.900001525878906,42.79999923706055,43.36000061035156,21918,0.0,1.1000022888183594,2020,0.0,0.004748782899137215,0.0006926524669974565,-0.022126880153049533
2020-07-27,387.0,389.5799865722656,384.0,387.0,43.40999984741211,43.77000045776367,42.380001068115234,43.400001525878906,22507,0.0,1.3899993896484375,2020,-0.001290322580645209,0.004653566862056047,0.0016151290857815415,0.0006926524669974565
2020-07-28,387.5,388.2099914550781,387.0,387.5,43.220001220703125,43.81999969482422,43.0099983215332,43.619998931884766,17828,0.0,0.8100013732910156,2020,0.0012919896640826156,0.004562290330859874,-0.004376840068574972,0.0016151290857815415
2020-07-29,387.5,388.7900085449219,384.21875,387.5,43.75,43.939998626708984,43.20000076293945,43.29999923706055,10911,0.0,0.7399978637695312,2020,0.0,0.004562290330859874,0.012262812686895552,-0.004376840068574972
2020-07-30,387.0,387.5,371.0,387.0,42.939998626708984,43.81999969482422,41.380001068115234,43.79999923706055,8373,0.0,2.4399986267089844,2020,-0.001290322580645209,0.004327596755550854,-0.018514317103794697,0.012262812686895552
2020-07-31,373.0,387.67999267578125,374.0,381.5,43.29999923706055,43.52000045776367,43.06999969482422,43.31999969482422,23641,-8.5,0.4500007629394531,2020,-0.036175710594315236,0.007767934484084368,0.008383805818932721,-0.018514317103794697
2020-08-03,383.5,387.9700012207031,377.5,383.5,44.150001525878906,44.45000076293945,42.88999938964844,43.54999923706055,26883,0.0,1.5600013732910156,2020,0.02815013404825728,0.009331558669473808,0.01963053819388616,0.008383805818932721
2020-08-04,379.0,386.0899963378906,379.0,379.0,44.43000030517578,44.81999969482422,43.2400016784668,43.90999984741211,27305,0.0,1.5799980163574219,2020,-0.011734028683181186,0.00944884094759816,0.006341987986857811,0.01963053819388616
2020-08-05,379.0,385.8900146484375,379.0,379.0,45.16999816894531,46.2400016784668,44.25,44.400001525878906,29337,0.0,1.9900016784667969,2020,0.0,0.009442614472644465,0.01665536481401575,0.006341987986857811
2020-08-06,385.8900146484375,388.0299987792969,373.0,385.8900146484375,45.09000015258789,45.709999084472656,44.849998474121094,45.2400016784668,23131,0.0,0.8600006103515625,2020,0.01817945817529676,0.010052441955657075,-0.001771043161396868,0.01665536481401575
2020-08-07,378.5,385.32000732421875,376.0,378.5,44.400001525878906,45.25,44.2599983215332,45.119998931884766,20363,0.0,0.9900016784667969,2020,-0.01915057235976969,0.010637572664843121,-0.015302697369127927,-0.001771043161396868
2020-08-10,386.3599853515625,386.3599853515625,378.0,386.3599853515625,44.9900016784668,45.2599983215332,44.400001525878906,44.61000061035156,13672,0.0,0.8599967956542969,2020,0.020766143597258813,0.011211174016028903,0.013288291268278574,-0.015302697369127927
2020-08-11,380.79998779296875,386.1700134277344,373.0,378.0,44.5,45.779998779296875,44.40999984741211,44.9900016784668,19786,2.79998779296875,1.3699989318847656,2020,-0.014390717904015138,0.011426565437384689,-0.010891346081041031,0.013288291268278574
2020-08-12,372.0,385.1199951171875,372.0,380.0,45.43000030517578,45.619998931884766,44.5099983215332,44.58000183105469,16995,-8.0,1.1100006103515625,2020,-0.023109212381994815,0.012149517503779357,0.0208988832623771,-0.010891346081041031
2020-08-13,374.0,385.7200012207031,374.0,381.0,44.959999084472656,45.58000183105469,44.81999969482422,45.43000030517578,13877,-7.0,0.7600021362304688,2020,0.005376344086021501,0.012201701011503013,-0.01034561341725504,0.0208988832623771
2020-08-14,380.0,385.7300109863281,380.0,380.0,44.79999923706055,45.41999816894531,44.47999954223633,45.04999923706055,16681,0.0,0.9399986267089844,2020,0.016042780748663166,0.012596798767381292,-0.0035587155398179027,-0.01034561341725504
2020-08-17,385.7300109863281,385.7300109863281,380.0,385.7300109863281,45.369998931884766,45.41999816894531,44.5,44.959999084472656,19441,0.0,0.9199981689453125,2020,0.015078976279810918,0.012913131480557642,0.012723207690429783,-0.0035587155398179027
2020-08-18,378.0,383.7200012207031,380.5,380.5,45.459999084472656,45.540000915527344,44.77000045776367,45.380001068115234,18063,-2.5,0.7700004577636719,2020,-0.020039952210516798,0.013418011654151797,0.0019836930726626623,0.012723207690429783
2020-08-19,382.0,384.8900146484375,381.510009765625,382.0,45.369998931884766,45.4900016784668,44.810001373291016,45.040000915527344,18063,0.0,0.6800003051757812,2020,0.010582010582010692,0.013575128007342493,-0.001979765824910218,0.0019836930726626623
2020-08-20,384.8900146484375,387.9700012207031,384.8900146484375,384.8900146484375,44.900001525878906,45.27000045776367,44.0099983215332,45.27000045776367,24042,0.0,1.2600021362304688,2020,0.007565483372873105,0.013574950104798058,-0.010359211308589189,-0.001979765824910218
2020-08-21,386.0899963378906,386.0899963378906,384.6700134277344,386.0899963378906,44.349998474121094,45.119998931884766,43.599998474121094,44.90999984741211,25495,0.0,1.5200004577636719,2020,0.003117726217317429,0.013482483222129847,-0.012249510758720272,-0.010359211308589189
2020-08-24,386.0199890136719,386.0899963378906,385.3399963378906,386.0199890136719,45.130001068115234,45.16999816894531,44.279998779296875,44.41999816894531,21033,0.0,0.8899993896484375,2020,-0.00018132384905789056,0.013480082055678843,0.01758743226224202,-0.012249510758720272
2020-08-25,385.3399963378906,386.3299865722656,385.3399963378906,385.3399963378906,45.86000061035156,46.040000915527344,44.9900016784668,44.9900016784668,23808,0.0,1.0499992370605469,2020,-0.0017615478346567626,0.013483922539640035,0.01617548249410694,0.01758743226224202
2020-08-26,385.55999755859375,385.55999755859375,385.5199890136719,385.55999755859375,45.63999938964844,46.09000015258789,45.54999923706055,45.97999954223633,16657,0.0,0.5400009155273438,2020,0.0005709275517566947,0.013482319028554767,-0.0047972354508313275,0.01617548249410694
2020-08-27,385.5199890136719,386.54998779296875,384.5064697265625,385.5199890136719,45.09000015258789,45.81999969482422,44.560001373291016,45.619998931884766,10776,0.0,1.2599983215332031,2020,-0.00010376736480754989,0.013480134516104724,-0.012050816047672663,-0.0047972354508313275
2020-08-28,386.2200012207031,386.9599914550781,385.760009765625,386.2200012207031,45.04999923706055,45.290000915527344,44.81999969482422,45.04999923706055,21040,0.0,0.470001220703125,2020,0.0018157611199931534,0.01348225750457223,-0.0008871349610107826,-0.012050816047672663
2020-08-31,386.9599914550781,386.9599914550781,384.67999267578125,386.9599914550781,45.279998779296875,46.5099983215332,45.220001220703125,45.709999084472656,18967,0.0,1.2899971008300781,2020,0.0019159811300195617,0.013484565208713203,0.005105428327002448,-0.0008871349610107826
2020-09-01,384.67999267578125,385.8900146484375,384.2900085449219,384.67999267578125,45.58000183105469,46.220001220703125,45.470001220703125,45.56999969482422,19914,0.0,0.75,2020,-0.005892078844439319,0.013494936020757164,0.006625509272208285,0.005105428327002448
2020-09-02,385.8900146484375,388.6099853515625,385.7799987792969,385.8900146484375,44.43000030517578,46.040000915527344,44.20000076293945,45.849998474121094,31416,0.0,1.8400001525878906,2020,0.0031455287399781984,0.01347322093612037,-0.02523039665819815,0.006625509272208285
2020-09-03,385.7799987792969,386.7900085449219,373.0,385.7799987792969,44.06999969482422,44.61000061035156,43.15999984741211,44.369998931884766,30615,0.0,1.4500007629394531,2020,-0.0002850964393076305,0.013471051874844571,-0.008102647037560917,-0.02523039665819815
2020-09-04,373.0,385.0799865722656,380.5,380.5,42.65999984741211,44.540000915527344,42.29999923706055,43.869998931884766,32210,-7.5,2.240001678466797,2020,-0.03312768629720553,0.014761883347786508,-0.03199455087760539,-0.008102647037560917
2020-09-08,386.19000244140625,386.6199951171875,374.0,386.19000244140625,39.779998779296875,42.45000076293945,39.29999923706055,42.220001220703125,52172,0.0,3.1500015258789062,2020,0.035361936840231145,0.016197981245384345,-0.0675105738025441,-0.03199455087760539
2020-09-09,378.0,383.8399963378906,381.0,383.0,40.790000915527344,41.20000076293945,39.279998779296875,39.79999923706055,30286,-5.0,1.9200019836425781,2020,-0.021207184001737267,0.016653304119009487,0.025389697516936982,-0.0675105738025441
2020-09-10,380.0,383.0199890136719,380.0,380.0,40.060001373291016,40.95000076293945,39.720001220703125,40.63999938964844,24171,0.0,1.2299995422363281,2020,0.005291005291005346,0.016688871981607952,-0.017896531646275138,0.025389697516936982
2020-09-11,380.5,383.1000061035156,380.5,380.5,39.83000183105469,40.349998474121094,39.380001068115234,39.95000076293945,24576,0.0,0.9699974060058594,2020,0.001315789473684159,0.016691486617991195,-0.0057413762943521185,-0.017896531646275138
2020-09-14,380.5,385.0400085449219,377.0,380.5,39.61000061035156,40.09000015258789,39.310001373291016,39.77000045776367,22118,0.0,0.779998779296875,2020,0.0,0.015265840974153226,-0.005523505161669218,-0.0057413762943521185
2020-09-15,376.0,385.1700134277344,375.0,383.0,40.529998779296875,40.81999969482422,39.38999938964844,39.65999984741211,25333,-7.0,1.4300003051757812,2020,-0.01182654402102501,0.014520585891510084,0.023226411380182777,-0.005523505161669218
2020-09-16,376.0,387.0799865722656,374.0,383.0,42.220001220703125,42.439998626708984,40.58000183105469,40.75,29327,-7.0,1.8599967956542969,2020,0.0,0.01436632709630043,0.041697569511635946,0.023226411380182777
2020-09-17,384.0,387.9800109863281,383.20751953125,384.0,43.29999923706055,43.5099983215332,41.52000045776367,42.2599983215332,27245,0.0,1.9899978637695312,2020,0.02127659574468077,0.014890374177294927,0.0255802459765877,0.041697569511635946
2020-09-18,384.0,384.92999267578125,382.8935852050781,384.0,43.150001525878906,43.810001373291016,42.529998779296875,43.2599983215332,26032,0.0,1.2800025939941406,2020,0.0,0.014513076598372048,-0.0034641504347477925,0.0255802459765877
2020-09-21,382.5,385.19000244140625,375.0,382.5,41.439998626708984,43.279998779296875,40.97999954223633,43.02000045776367,24298,0.0,2.299999237060547,2020,-0.00390625,0.01408215219525029,-0.03962926625030039,-0.0034641504347477925
2020-09-22,381.0,385.2200012207031,381.0,381.0,41.720001220703125,42.189998626708984,41.209999084472656,41.790000915527344,19914,0.0,0.9799995422363281,2020,-0.0039215686274509665,0.013565643418085922,0.006756819577056428,-0.03962926625030039
2020-09-23,381.0,386.989990234375,381.0,381.0,41.77000045776367,42.63999938964844,41.25,41.7400016784668,23779,0.0,1.3899993896484375,2020,0.0,0.013304931875846304,0.0011984476413613443,0.006756819577056428
2020-09-24,386.989990234375,388.1600036621094,377.0,386.989990234375,41.939998626708984,42.02000045776367,41.119998931884766,41.5,21940,0.0,0.9000015258789062,2020,0.01572175914534113,0.012849903407784798,0.004069862750353703,0.0011984476413613443
2020-09-25,376.0,386.55999755859375,376.0,380.5,41.91999816894531,42.33000183105469,41.529998779296875,41.93000030517578,17141,-4.5,0.8000030517578125,2020,-0.02839864211402232,0.013923975566026493,-0.0004768826518495306,0.004069862750353703
2020-09-28,380.0,384.94000244140625,376.0,380.0,42.43000030517578,42.619998931884766,41.47999954223633,41.849998474121094,11999,0.0,1.1399993896484375,2020,0.010638297872340496,0.013746725482958687,0.012166082025458769,-0.0004768826518495306
2020-09-29,382.5,384.7799987792969,377.0,382.5,41.029998779296875,42.52000045776367,40.439998626708984,42.43000030517578,8209,0.0,2.0800018310546875,2020,0.006578947368421018,0.013512773276123567,-0.03299555776124108,0.012166082025458769
2020-09-30,382.5,385.1499938964844,378.0,382.5,40.95000076293945,40.970001220703125,40.41999816894531,40.75,35524,0.0,0.5500030517578125,2020,0.0,0.012982690128548417,-0.001949744546368093,-0.03299555776124108
2020-10-01,380.5,381.0,378.16107177734375,380.5,40.93000030517578,42.560001373291016,39.91999816894531,42.02000045776367,36595,0.0,2.640003204345703,2020,-0.005228758169934622,0.012878803181861182,-0.0004884116579009223,-0.001949744546368093
2020-10-02,378.0,383.55999755859375,377.0,382.0,39.27000045776367,40.81999969482422,38.790000915527344,40.790000915527344,37290,-4.0,2.029998779296875,2020,-0.006570302233902758,0.01284909544568641,-0.04055704458917864,-0.0004884116579009223
2020-10-05,382.0,386.4100036621094,377.0,382.0,41.290000915527344,41.779998779296875,39.209999084472656,39.220001220703125,30456,0.0,2.5699996948242188,2020,0.010582010582010692,0.01299346369398601,0.05143876837832617,-0.04055704458917864
2020-10-06,377.0,384.4700012207031,377.0,382.5,42.650001525878906,42.84000015258789,41.220001220703125,41.52000045776367,37426,-5.5,1.6199989318847656,2020,-0.01308900523560208,0.01320234500995921,0.03293777137796394,0.05143876837832617
2020-10-07,382.5,385.94000244140625,382.5,382.5,41.9900016784668,42.41999816894531,41.36000061035156,41.939998626708984,30170,0.0,1.05999755859375,2020,0.01458885941644561,0.013491478647667622,-0.015474790710420905,0.03293777137796394
2020-10-08,384.17999267578125,385.4100036621094,384.17999267578125,384.17999267578125,43.34000015258789,43.470001220703125,41.86000061035156,42.060001373291016,33351,0.0,1.6100006103515625,2020,0.0043921377144606755,0.013516616871613273,0.03215047440241947,-0.015474790710420905
2020-10-09,377.0,383.0400085449219,382.5,382.5,42.849998474121094,43.560001373291016,42.61000061035156,43.40999984741211,26041,-5.5,0.9500007629394531,2020,-0.01868913741648337,0.013939367635853921,-0.011305991618404287,0.03215047440241947
2020-10-12,382.5,383.0400085449219,382.5,382.5,41.720001220703125,42.810001373291016,41.349998474121094,42.689998626708984,24754,0.0,1.4600028991699219,2020,0.01458885941644561,0.014209749704535075,-0.02637099868510895,-0.011305991618404287
2020-10-13,383.0400085449219,383.0400085449219,382.8999938964844,383.0400085449219,42.45000076293945,42.66999816894531,41.650001525878906,41.83000183105469,22528,0.0,1.0199966430664062,2020,0.0014117870455474524,0.014207428356419737,0.017497591583819805,-0.02637099868510895
2020-10-14,380.5,380.5,378.0,380.5,43.31999969482422,43.43000030517578,42.130001068115234,42.41999816894531,28837,0.0,1.2999992370605469,2020,-0.006631183396666018,0.014218201319153197,0.02049467411657413,0.017497591583819805
2020-10-15,380.5,383.0799865722656,379.5199890136719,380.5,43.15999984741211,43.599998474121094,41.560001373291016,43.40999984741211,40144,0.0,2.039997100830078,2020,0.0,0.014203764660027585,-0.0036934406403337228,0.02049467411657413
2020-10-16,376.0,383.20001220703125,377.3478698730469,379.5,42.93000030517578,43.20000076293945,42.27000045776367,43.040000915527344,24159,-3.5,0.9300003051757812,2020,-0.01182654402102501,0.014356832246866817,-0.005328997753694775,-0.0036934406403337228
2020-10-19,380.5,383.0,378.0,380.5,42.619998931884766,43.220001220703125,42.369998931884766,42.7400016784668,26265,0.0,0.8500022888183594,2020,0.01196808510638303,0.013161612686395263,-0.007221089473266162,-0.005328997753694775
2020-10-20,380.0,383.0,380.0,380.0,43.15999984741211,43.310001373291016,42.189998626708984,42.43000030517578,31677,0.0,1.1200027465820312,2020,-0.0013140604467805073,0.01142419796676923,0.01267012972924686,-0.007221089473266162
2020-10-21,380.0,382.3500061035156,377.0,380.0,41.72999954223633,43.040000915527344,41.459999084472656,42.81999969482422,31681,0.0,1.5800018310546875,2020,0.0,0.010732282099461653,-0.03313253730841992,0.01267012972924686
2020-10-22,378.0,381.1000061035156,380.5,381.0,42.459999084472656,42.790000915527344,41.470001220703125,41.720001220703125,30590,-3.0,1.3199996948242188,2020,-0.0052631578947368585,0.010733703244846439,0.017493399239016716,-0.03313253730841992
2020-10-23,377.0,382.0400085449219,380.5,380.5,41.77000045776367,42.79999923706055,41.5,42.439998626708984,26207,-3.5,1.2999992370605469,2020,-0.002645502645502673,0.01073979427568315,-0.016250556796674864,0.017493399239016716
2020-10-26,377.0,381.4700012207031,380.5,380.5,40.459999084472656,41.630001068115234,40.220001220703125,41.630001068115234,28463,-3.5,1.4099998474121094,2020,0.0,0.01073979427568315,-0.031362254223953,-0.016250556796674864
2020-10-27,377.0,381.5799865722656,379.5,380.5,41.20000076293945,41.470001220703125,40.400001525878906,40.52000045776367,26720,-3.5,1.0699996948242188,2020,0.0,0.010514991044184855,0.018289710707155793,-0.031362254223953
2020-10-28,380.510009765625,381.4200134277344,380.05999755859375,380.510009765625,39.119998931884766,40.709999084472656,38.7400016784668,40.709999084472656,21228,0.0,1.9699974060058594,2020,0.009310370731100859,0.010647216706795488,-0.050485480401391336,0.018289710707155793
2020-10-29,380.0,385.79998779296875,379.32000732421875,380.0,37.650001525878906,39.5,36.68000030517578,39.31999969482422,14205,0.0,2.8199996948242188,2020,-0.0013403320610123615,0.009896101298150705,-0.03757662183389621,-0.050485480401391336
2020-10-30,386.9599914550781,386.9599914550781,379.94000244140625,386.9599914550781,37.459999084472656,38.02000045776367,37.0,37.619998931884766,43651,0.0,1.0200004577636719,2020,0.018315766987047732,0.010464025813727108,-0.005046545383953105,-0.03757662183389621
2020-11-02,380.0,385.2900085449219,376.0,380.0,38.970001220703125,39.34000015258789,35.72999954223633,37.41999816894531,40454,0.0,3.6100006103515625,2020,-0.017986333493823503,0.010963456763140847,0.04030972165336677,-0.005046545383953105
2020-11-03,377.0,385.260009765625,379.0,381.0,39.709999084472656,40.439998626708984,38.650001525878906,39.220001220703125,39534,-4.0,1.7899971008300781,2020,-0.007894736842105288,0.011034229922749196,0.0189889104590637,0.04030972165336677
2020-11-04,382.5,384.9700012207031,377.0,382.5,41.22999954223633,41.34000015258789,39.40999984741211,40.150001525878906,39329,0.0,1.9300003051757812,2020,0.01458885941644561,0.011364119476378816,0.038277524371890914,0.0189889104590637
2020-11-05,382.5,384.70001220703125,381.5084228515625,382.5,40.93000030517578,41.52000045776367,40.34000015258789,41.16999816894531,30961,0.0,1.1800003051757812,2020,0.0,0.010979334523118884,-0.007276236730326069,0.038277524371890914
2020-11-06,378.0,383.489990234375,377.0,382.5,39.45000076293945,40.779998779296875,39.33000183105469,40.77000045776367,33078,-4.5,1.4499969482421875,2020,-0.0117647058823529,0.009877742167360763,-0.03615928490597098,-0.007276236730326069
2020-11-09,377.0,385.2799987792969,378.0,381.5,42.400001525878906,43.4900016784668,39.61000061035156,39.70000076293945,55156,-4.5,3.8800010681152344,2020,-0.002645502645502673,0.009690768060849298,0.07477821814672247,-0.03615928490597098
2020-11-10,379.5,380.70001220703125,378.0,379.5,43.61000061035156,44.06999969482422,41.54999923706055,42.130001068115234,41973,0.0,2.520000457763672,2020,0.006631299734747964,0.009692039013483129,0.028537713229423556,0.07477821814672247
2020-11-11,379.5,386.0899963378906,379.5,379.5,43.79999923706055,45.310001373291016,43.61000061035156,43.959999084472656,43047,0.0,1.7000007629394531,2020,0.0,0.009692039013483129,0.004356767348081325,0.028537713229423556
2020-11-12,380.70001220703125,380.75,378.0,380.70001220703125,43.529998779296875,44.47999954223633,43.279998779296875,43.779998779296875,36578,0.0,1.2000007629394531,2020,0.003162087502058597,0.009663452850629022,-0.006164394120245054,0.004356767348081325
2020-11-13,379.0,385.19000244140625,377.0,379.0,42.779998779296875,43.34000015258789,42.630001068115234,43.33000183105469,34737,0.0,0.7099990844726562,2020,-0.004465490287682838,0.00962118283791561,-0.017229497381853975,-0.006164394120245054
2020-11-16,378.0,382.7015686035156,378.0,380.70001220703125,43.81999969482422,44.68000030517578,42.63999938964844,42.72999954223633,37770,-2.70001220703125,2.0400009155273438,2020,-0.0026385224274406704,0.009426880385243922,0.024310447526956214,-0.017229497381853975
2020-11-17,377.0,382.22076416015625,378.0,380.70001220703125,43.75,44.22999954223633,43.08000183105469,43.900001525878906,27858,-3.70001220703125,1.1499977111816406,2020,-0.002645502645502673,0.009126671205542397,-0.0015974371362783568,0.024310447526956214
2020-11-18,379.0,383.1533508300781,379.0,380.70001220703125,44.34000015258789,44.880001068115234,43.4900016784668,43.779998779296875,28668,-1.70001220703125,1.3899993896484375,2020,0.0053050397877985045,0.008766650421741549,0.013485717773437544,-0.0015974371362783568
2020-11-19,378.0,382.97296142578125,379.0,380.70001220703125,44.20000076293945,44.58000183105469,43.790000915527344,44.15999984741211,25836,-2.70001220703125,0.7900009155273438,2020,-0.0026385224274406704,0.00873164751093956,-0.0031574061607274606,0.013485717773437544
2020-11-20,379.0,383.9412536621094,378.0,380.70001220703125,44.959999084472656,45.189998626708984,44.0,44.220001220703125,24489,-1.70001220703125,1.1899986267089844,2020,0.002645502645502562,0.008040925312685167,0.017194531864588525,-0.0031574061607274606
2020-11-23,378.0,383.3710021972656,377.0,380.70001220703125,46.060001373291016,46.119998931884766,44.900001525878906,45.130001068115234,35378,-2.70001220703125,1.2199974060058594,2020,-0.0026385224274406704,0.007580429537102622,0.024466243576910074,0.017194531864588525
2020-11-24,377.0,380.70001220703125,377.0,380.70001220703125,47.86000061035156,48.029998779296875,45.84000015258789,45.84000015258789,31692,-3.70001220703125,2.1899986267089844,2020,-0.002645502645502673,0.007583798455497839,0.03907944384266382,0.024466243576910074
2020-11-25,378.0,380.70001220703125,377.0,380.70001220703125,48.61000061035156,49.04999923706055,47.599998474121094,47.86000061035156,24897,-2.70001220703125,1.4500007629394531,2020,0.0026525198938991412,0.007514159931171876,0.015670706026647663,0.03907944384266382
2020-11-27,380.70001220703125,380.70001220703125,378.0,380.70001220703125,48.18000030517578,49.06999969482422,47.36000061035156,48.900001525878906,12454,0.0,1.7099990844726562,2020,0.007142889436590583,0.0076326991934923235,-0.008845922645066007,0.015670706026647663
2020-11-30,377.0,383.3215026855469,376.8728332519531,380.70001220703125,47.59000015258789,47.95000076293945,46.849998474121094,47.75,37651,-3.70001220703125,1.1000022888183594,2020,-0.009718970550017025,0.007528647761196928,-0.012245748211929919,-0.008845922645066007
2020-12-01,376.0,380.70001220703125,377.0,380.70001220703125,47.41999816894531,48.29999923706055,46.88999938964844,47.70000076293945,31987,-4.70001220703125,1.4099998474121094,2020,-0.0026525198938992522,0.007201053765443171,-0.0035722206996743333,-0.012245748211929919
2020-12-02,378.0,380.70001220703125,374.7236022949219,380.70001220703125,48.25,48.75,46.77000045776367,47.13999938964844,35514,-2.70001220703125,1.9799995422363281,2020,0.005319148936170137,0.007272593473903384,0.017503202511683025,-0.0035722206996743333
2020-12-03,378.0,380.70001220703125,376.1140441894531,380.70001220703125,48.709999084472656,48.93000030517578,47.68000030517578,48.08000183105469,36526,-2.70001220703125,1.25,2020,0.0,0.007272593473903384,0.00953365978181675,0.017503202511683025
2020-12-04,378.0,380.70001220703125,378.0,380.70001220703125,49.25,49.86000061035156,48.77000045776367,48.81999969482422,31658,-2.70001220703125,1.0900001525878906,2020,0.0,0.007208199934406475,0.011086038301722834,0.00953365978181675
2020-12-07,377.0,381.1726379394531,377.0,380.70001220703125,48.790000915527344,49.43000030517578,48.38999938964844,49.22999954223633,23896,-3.70001220703125,1.0400009155273438,2020,-0.002645502645502673,0.007208199934406475,-0.009340082933454896,0.011086038301722834
2020-12-08,378.0,381.1600341796875,377.0,380.70001220703125,48.84000015258789,49.0,48.11000061035156,48.68000030517578,27102,-2.70001220703125,0.8899993896484375,2020,0.0026525198938991412,0.007224132094986909,0.001024784507528853,-0.009340082933454896
2020-12-09,378.0,380.90557861328125,377.0,380.70001220703125,48.86000061035156,49.540000915527344,48.380001068115234,48.83000183105469,36534,-2.70001220703125,1.1599998474121094,2020,0.0,0.007224132094986909,0.00040950978094156376,0.001024784507528853
2020-12-10,377.0,380.70001220703125,377.67279052734375,380.70001220703125,50.25,51.06999969482422,48.86000061035156,48.97999954223633,30919,-3.70001220703125,2.2099990844726562,2020,-0.002645502645502673,0.00702635340128555,0.028448615887940676,0.00040950978094156376
2020-12-11,377.0,386.1209716796875,375.4653015136719,375.4653015136719,49.970001220703125,50.7400016784668,49.75,50.34000015258789,25222,1.534698486328125,0.9900016784667969,2020,0.0,0.0070236724983140245,-0.005572115010883061,0.028448615887940676
2020-12-14,376.0,386.1180725097656,375.0,380.70001220703125,50.290000915527344,50.79999923706055,49.18000030517578,50.060001373291016,28782,-4.70001220703125,1.6199989318847656,2020,-0.0026525198938992522,0.0060953943924986955,0.006403836041765754,-0.005572115010883061
2020-12-15,374.0,390.3907470703125,375.0,380.70001220703125,50.7599983215332,50.880001068115234,49.790000915527344,50.33000183105469,24071,-6.70001220703125,1.0900001525878906,2020,-0.005319148936170248,0.005254534530668275,0.009345742641669874,0.006403836041765754
2020-12-16,376.0,386.1067810058594,375.0,380.70001220703125,51.08000183105469,51.20000076293945,50.36000061035156,50.720001220703125,25996,-4.70001220703125,0.8400001525878906,2020,0.005347593582887722,0.005168912911558882,0.0063042458649122946,0.009345742641669874
2020-12-17,376.0,386.087646484375,379.75,380.70001220703125,51.5,51.880001068115234,51.0099983215332,51.08000183105469,24947,-4.70001220703125,0.8700027465820312,2020,0.0,0.0043655234822536195,0.008222360099642056,0.0063042458649122946
2020-12-18,375.0,380.75,375.0,380.70001220703125,52.2599983215332,52.470001220703125,51.13999938964844,51.45000076293945,24749,-5.70001220703125,1.3300018310546875,2020,-0.0026595744680850686,0.004380696857124785,0.014757248961809744,0.008222360099642056
2020-12-21,376.0,394.2422790527344,380.70001220703125,380.70001220703125,50.90999984741211,52.34000015258789,49.209999084472656,52.310001373291016,33507,-4.70001220703125,3.1300010681152344,2020,0.002666666666666595,0.0038821556098665444,-0.02583234821048286,0.014757248961809744
2020-12-22,376.0,392.3766174316406,375.0,380.70001220703125,50.08000183105469,50.93000030517578,49.560001373291016,50.900001525878906,22381,-4.70001220703125,1.3699989318847656,2020,0.0,0.0038539181480712207,-0.016303241383718303,-0.02583234821048286
2020-12-23,376.0,392.3025817871094,376.0,380.70001220703125,51.20000076293945,51.59000015258789,49.18000030517578,49.79999923706055,18879,-4.70001220703125,2.4099998474121094,2020,0.0,0.00363986073787365,0.022364195106523654,-0.016303241383718303
2020-12-24,375.0,392.3662414550781,375.0,380.70001220703125,51.290000915527344,51.7599983215332,50.63999938964844,51.099998474121094,11666,-5.70001220703125,1.1199989318847656,2020,-0.0026595744680850686,0.0036645462479124266,0.001757815454038747,0.022364195106523654
2020-12-28,380.70001220703125,392.2998046875,374.0,380.70001220703125,50.86000061035156,52.02000045776367,50.52000045776367,51.20000076293945,9704,0.0,1.5,2020,0.015200032552083353,0.004605336739619362,-0.008383706326774543,0.001757815454038747
2020-12-29,376.0,392.2256774902344,375.0,391.2410583496094,51.09000015258789,51.630001068115234,50.869998931884766,51.060001373291016,5788,-15.241058349609375,0.7600021362304688,2020,-0.012345710681184063,0.005070644882804668,0.004522208798194871,-0.008383706326774543
2020-12-30,378.0,392.32574462890625,375.0,380.70001220703125,51.34000015258789,51.52000045776367,51.04999923706055,51.04999923706055,23958,-2.70001220703125,0.470001220703125,2020,0.005319148936170137,0.0051490554837412,0.004893325489397915,0.004522208798194871
2020-12-31,375.0,392.2215576171875,378.0,391.2259216308594,51.79999923706055,51.90999984741211,50.900001525878906,51.5099983215332,18326,-16.225921630859375,1.0099983215332031,2020,-0.007936507936507908,0.005330660049859308,0.008959857481602773,0.004893325489397915
2021-01-04,380.70001220703125,392.70452880859375,380.70001220703125,380.70001220703125,51.09000015258789,53.31999969482422,50.58000183105469,51.65999984741211,50232,0.0,2.7399978637695312,2021,0.015200032552083353,0.0059507548063459205,-0.013706546234168338,0.008959857481602773
2021-01-05,374.0,392.7750549316406,374.0,380.70001220703125,53.599998474121094,53.880001068115234,50.619998931884766,50.7400016784668,62791,-6.70001220703125,3.2600021362304688,2021,-0.01759919094351814,0.006765064665410775,0.049128955060417256,-0.013706546234168338
2021-01-06,374.0,392.78973388671875,379.75,380.70001220703125,54.29999923706055,54.720001220703125,53.150001525878906,53.59000015258789,49186,-6.70001220703125,1.5699996948242188,2021,0.0,0.006742111793839665,0.01305971609826484,0.049128955060417256
2021-01-07,374.0,392.39752197265625,380.70001220703125,380.70001220703125,54.380001068115234,54.900001525878906,53.939998626708984,54.13999938964844,30800,-6.70001220703125,0.9600028991699219,2021,0.0,0.006729379155268331,0.0014733302427025752,0.01305971609826484
2021-01-08,380.70001220703125,380.75,375.0,380.70001220703125,55.9900016784668,56.29999923706055,54.36000061035156,54.459999084472656,37597,0.0,1.9399986267089844,2021,0.017914471141794897,0.0074896934547148625,0.029606483610305823,0.0014733302427025752
2021-01-11,393.8813781738281,395.4324035644531,374.0,380.70001220703125,55.65999984741211,56.279998779296875,54.97999954223633,56.209999084472656,33199,13.181365966796875,1.2999992370605469,2021,0.03462402296858502,0.009759050730594711,-0.005893942153275655,0.029606483610305823
2021-01-12,374.0,394.8971862792969,379.75,380.70001220703125,56.58000183105469,56.779998779296875,55.529998779296875,55.560001373291016,27874,-6.70001220703125,1.25,2021,-0.05047554739958804,0.013533459809350067,0.01652896130371362,-0.005893942153275655
2021-01-13,375.0,380.70001220703125,379.75,380.70001220703125,56.060001373291016,57.41999816894531,55.779998779296875,56.72999954223633,32953,-5.70001220703125,1.6399993896484375,2021,0.002673796791443861,0.013431179321807506,-0.009190534481005708,0.01652896130371362
2021-01-14,375.0,392.31951904296875,380.70001220703125,380.70001220703125,56.41999816894531,56.540000915527344,55.2400016784668,55.939998626708984,33446,-5.70001220703125,1.2999992370605469,2021,0.0,0.013422450573974211,0.006421633728782128,-0.009190534481005708
2021-01-15,375.0,392.3733215332031,380.70001220703125,380.70001220703125,55.099998474121094,56.63999938964844,54.650001525878906,56.43000030517578,30604,-5.70001220703125,1.9899978637695312,2021,0.0,0.013384833383595486,-0.023395954230122085,0.006421633728782128
2021-01-19,380.70001220703125,380.75,375.0,380.70001220703125,55.900001525878906,56.08000183105469,54.5,54.7400016784668,36910,0.0,1.5800018310546875,2021,0.015200032552083353,0.01367632047823437,0.014519112049223626,-0.023395954230122085
2021-01-20,375.0,392.2706604003906,380.70001220703125,380.70001220703125,56.08000183105469,56.619998931884766,55.650001525878906,55.900001525878906,33793,-5.70001220703125,0.9699974060058594,2021,-0.014972450812351101,0.01395899629526404,0.0032200411495955095,0.014519112049223626
2021-01-21,374.0,392.1497497558594,380.70001220703125,380.70001220703125,56.099998474121094,56.2400016784668,55.5099983215332,55.779998779296875,22792,-6.70001220703125,0.7300033569335938,2021,-0.002666666666666706,0.013959126229337808,0.0003565735095132361,0.0032200411495955095
2021-01-22,375.0,392.48388671875,380.70001220703125,380.70001220703125,55.40999984741211,56.16999816894531,54.4900016784668,56.150001525878906,33071,-5.70001220703125,1.6799964904785156,2021,0.002673796791443861,0.013959275179283106,-0.012299441095836805,0.0003565735095132361
2021-01-25,378.0,380.75,378.0,380.70001220703125,55.880001068115234,56.02000045776367,55.09000015258789,55.20000076293945,24457,-2.70001220703125,0.9300003051757812,2021,0.008000000000000007,0.014038829202460124,0.008482245479108697,-0.012299441095836805
2021-01-26,378.0,392.1089172363281,376.0,380.70001220703125,55.90999984741211,56.34000015258789,55.400001525878906,55.97999954223633,19102,-2.70001220703125,0.9399986267089844,2021,0.0,0.014029318876336325,0.00053684285475053,0.008482245479108697
2021-01-27,376.0,380.75,375.0,380.67999267578125,55.810001373291016,56.47999954223633,55.20000076293945,56.08000183105469,20094,-4.67999267578125,1.279998779296875,2021,-0.005291005291005346,0.014064929490317101,-0.001788561516616105,0.00053684285475053
2021-01-28,376.0,394.690185546875,375.0,380.67999267578125,55.529998779296875,56.59000015258789,55.220001220703125,55.66999816894531,6141,-4.67999267578125,1.3699989318847656,2021,0.0,0.014055961889499619,-0.0050170683946290096,-0.001788561516616105
2021-01-29,375.0,380.70001220703125,374.0,380.70001220703125,55.880001068115234,56.349998474121094,55.43000030517578,55.52000045776367,37454,-5.70001220703125,0.9199981689453125,2021,-0.0026595744680850686,0.014028988373303361,0.006302940689940195,-0.0050170683946290096
2021-02-01,380.70001220703125,380.70001220703125,380.70001220703125,380.70001220703125,56.349998474121094,56.529998779296875,54.619998931884766,54.900001525878906,34234,0.0,1.9099998474121094,2021,0.015200032552083353,0.01426730477795446,0.008410833876558943,0.006302940689940195
2021-02-02,375.0,380.75,380.25,380.70001220703125,57.459999084472656,58.04999923706055,56.220001220703125,56.290000915527344,34815,-5.70001220703125,1.8299980163574219,2021,-0.014972450812351101,0.014545058795409297,0.01969832547309358,0.008410833876558943
2021-02-03,375.0,380.75,374.0,380.70001220703125,58.459999084472656,58.939998626708984,57.529998779296875,57.790000915527344,34146,-5.70001220703125,1.4099998474121094,2021,0.0,0.014536300933438242,0.017403411345863207,0.01969832547309358
2021-02-04,376.0,380.75,374.0,380.70001220703125,58.84000015258789,59.04999923706055,58.060001373291016,58.66999816894531,24732,-4.70001220703125,0.9899978637695312,2021,0.002666666666666595,0.014536300933438242,0.006500189429803793,0.017403411345863207
2021-02-05,375.0,380.75,375.0,380.70001220703125,59.34000015258789,59.790000915527344,59.08000183105469,59.099998474121094,23510,-5.70001220703125,0.7099990844726562,2021,-0.0026595744680850686,0.014545058795409297,0.008497620644176918,0.006500189429803793
2021-02-08,376.0,380.75,375.0,380.70001220703125,60.560001373291016,60.70000076293945,59.54999923706055,59.560001373291016,21098,-4.70001220703125,1.1500015258789062,2021,0.002666666666666595,0.01455311352302065,0.020559508216481115,0.008497620644176918
2021-02-09,376.0,380.75,375.0,380.70001220703125,61.09000015258789,61.27000045776367,60.040000915527344,60.63999938964844,31230,-4.70001220703125,1.2299995422363281,2021,0.0,0.01454380001150681,0.008751630899576313,0.020559508216481115
2021-02-10,376.0,380.75,375.0,380.70001220703125,61.470001220703125,61.68000030517578,60.88999938964844,61.22999954223633,28344,-4.70001220703125,0.7900009155273438,2021,0.0,0.01426502344418379,0.0062203481284348605,0.008751630899576313
2021-02-11,376.0,380.75,375.0,380.70001220703125,61.13999938964844,61.5,60.72999954223633,61.209999084472656,26169,-4.70001220703125,0.7700004577636719,2021,0.0,0.014082892990428928,-0.005368502106740558,0.0062203481284348605
2021-02-12,375.0,380.70001220703125,375.0,380.70001220703125,62.43000030517578,62.83000183105469,60.34000015258789,60.86000061035156,36933,-5.70001220703125,2.490001678466797,2021,-0.0026595744680850686,0.014056182771337635,0.021099131966065388,-0.005368502106740558
2021-02-16,380.6499938964844,380.75,380.6499938964844,380.6499938964844,63.349998474121094,63.810001373291016,62.689998626708984,62.77000045776367,65492,0.0,1.1200027465820312,2021,0.015066650390624936,0.014244017829776977,0.014736475483711375,0.021099131966065388
2021-02-17,376.0,380.75,375.0,380.6499938964844,64.33999633789062,64.94999694824219,62.75,63.54999923706055,47339,-4.649993896484375,2.1999969482421875,2021,-0.012215930568880817,0.01415404682243356,0.015627433111524924,0.014736475483711375
2021-02-18,376.0,380.6499938964844,375.0,380.6499938964844,63.93000030517578,65.48999786376953,63.22999954223633,64.87000274658203,43309,-4.649993896484375,2.259998321533203,2021,0.0,0.013772596259806537,-0.006372335344280944,0.015627433111524924
2021-02-19,375.0,380.75,376.0,380.6000061035156,62.90999984741211,63.93000030517578,62.11000061035156,63.650001525878906,54254,-5.600006103515625,1.8199996948242188,2021,-0.0026595744680850686,0.01378295289177677,-0.015954957811584625,-0.006372335344280944
2021-02-22,376.0,380.75,376.0,380.6000061035156,65.23999786376953,65.83999633789062,62.59000015258789,62.72999954223633,32173,-4.600006103515625,3.2499961853027344,2021,0.002666666666666595,0.013790336989224054,0.03703700559543499,-0.015954957811584625
2021-02-23,376.0,380.75,375.0,380.6000061035156,65.37000274658203,66.79000091552734,64.4800033569336,65.66000366210938,34643,-4.600006103515625,2.30999755859375,2021,0.0,0.013381795136037213,0.001992717459678106,0.03703700559543499
2021-02-24,375.0,380.75,375.0,380.6000061035156,67.04000091552734,67.29000091552734,64.80000305175781,65.2300033569336,27000,-5.600006103515625,2.4899978637695312,2021,-0.0026595744680850686,0.011642182310100389,0.02554685786719868,0.001992717459678106
2021-02-25,375.0,380.75,376.0,380.6000061035156,66.87999725341797,67.69999694824219,66.48999786376953,67.33999633789062,11746,-5.600006103515625,1.2099990844726562,2021,0.0,0.007086613987372498,-0.002386689438011569,0.02554685786719868
2021-02-26,380.5799865722656,380.75,380.5799865722656,380.5799865722656,66.12999725341797,66.87999725341797,65.69999694824219,66.70999908447266,42394,0.0,1.1800003051757812,2021,0.014879964192708428,0.00757244455993165,-0.011214115293069482,-0.002386689438011569
2021-03-01,380.5799865722656,380.75,380.54998779296875,380.5799865722656,63.689998626708984,65.91000366210938,63.18000030517578,64.70999908447266,33869,0.0,2.7300033569335938,2021,0.0,0.00757244455993165,-0.03689700178511457,-0.011214115293069482
2021-03-02,376.0,380.54998779296875,380.5,380.5,62.70000076293945,64.12999725341797,62.369998931884766,63.38999938964844,37996,-4.5,1.7599983215332031,2021,-0.012034228634867916,0.007912080910696544,-0.01554400824487323,-0.03689700178511457
2021-03-03,380.5,380.75,375.0,380.5,64.06999969482422,64.69999694824219,62.34000015258789,62.470001220703125,35401,0.0,2.359996795654297,2021,0.01196808510638303,0.0077193102476340566,0.021850062443612206,-0.01554400824487323
2021-03-04,380.5,411.1099853515625,380.5,380.5,66.73999786376953,67.7300033569336,63.36000061035156,63.939998626708984,67790,0.0,4.370002746582031,2021,0.0,0.007182499583079024,0.04167314158986968,0.021850062443612206
2021-03-05,379.5,380.6300048828125,379.5,379.5,69.36000061035156,69.69000244140625,66.66000366210938,67.26000213623047,40754,0.0,3.029998779296875,2021,-0.0026281208935611255,0.007181915081773782,0.039256859910754116,0.04167314158986968
2021-03-08,376.0,381.0820007324219,380.25,380.5,68.23999786376953,71.36000061035156,67.80999755859375,69.9000015258789,37511,-4.5,3.5500030517578125,2021,-0.00922266139657446,0.007384002230148203,-0.01614767498163594,0.039256859910754116
2021-03-09,380.0,380.0,380.0,380.0,67.5199966430664,69.31999969482422,67.13999938964844,68.0999984741211,30989,0.0,2.1800003051757812,2021,0.010638297872340496,0.007496011119972886,-0.010551014701678296,-0.01614767498163594
2021-03-10,379.5,380.3399963378906,379.5,379.5,67.9000015258789,68.43000030517578,66.5199966430664,67.33000183105469,37089,0.0,1.910003662109375,2021,-0.001315789473684159,0.007501087662959844,0.005628034681656402,-0.010551014701678296
2021-03-11,380.0,411.3500061035156,377.0,380.0,69.62999725341797,69.83000183105469,68.0,68.26000213623047,30629,0.0,1.8300018310546875,2021,0.0013175230566535578,0.007432233712740062,0.025478581570866465,0.005628034681656402
2021-03-12,380.5,380.75,378.0,380.5,69.22000122070312,69.9000015258789,69.02999877929688,69.58999633789062,27364,0.0,0.8700027465820312,2021,0.001315789473684159,0.007433799511618039,-0.005888209807371703,0.025478581570866465
2021-03-15,380.5,381.0580139160156,380.5,381.0580139160156,68.87999725341797,70.0199966430664,67.83000183105469,69.12000274658203,30212,-0.558013916015625,2.1899948120117188,2021,0.0,0.0074115918506498,-0.004911932408106723,-0.005888209807371703
2021-03-16,380.5,380.54998779296875,377.0,380.5,68.38999938964844,68.95999908447266,67.36000061035156,68.86000061035156,27321,0.0,1.5999984741210938,2021,0.0,0.0068728361969599494,-0.007113790408074028,-0.004911932408106723
2021-03-17,376.0,379.5,379.5,379.5,68.0,68.87999725341797,66.95999908447266,68.38999938964844,37607,-3.5,1.9199981689453125,2021,-0.01182654402102501,0.006657042168169113,-0.005702579223994975,-0.007113790408074028
2021-03-18,380.58599853515625,381.0,378.0,380.54998779296875,63.279998779296875,68.1500015258789,61.41999816894531,67.93000030517578,61688,0.0360107421875,6.730003356933594,2021,0.012196804614777346,0.0070130082618216965,-0.06941178265739889,-0.005702579223994975
2021-03-19,380.0,409.8699951171875,380.0,380.0,64.52999877929688,64.9000015258789,62.08000183105469,62.83000183105469,54241,0.0,2.8199996948242188,2021,-0.0015397269931414215,0.007010590897427913,0.019753476992938168,-0.06941178265739889
2021-03-22,380.0,380.75,379.5,380.75,64.62000274658203,65.06999969482422,63.45000076293945,64.66000366210938,29644,-0.75,1.6199989318847656,2021,0.0,0.006987652551227354,0.0013947616455562972,0.019753476992938168
2021-03-23,378.0,411.1300048828125,379.5,379.5,60.790000915527344,64.33999633789062,60.2599983215332,64.30999755859375,43200,-1.5,4.079998016357422,2021,-0.0052631578947368585,0.00705119759930389,-0.059269601799224136,0.0013947616455562972
2021-03-24,379.0,380.54998779296875,379.0,380.0,64.41000366210938,64.55999755859375,60.34000015258789,60.349998474121094,36451,-1.0,4.219997406005859,2021,0.002645502645502562,0.007065128162111104,0.059549312256341524,-0.059269601799224136
2021-03-25,380.0,380.54998779296875,379.0,380.0,61.95000076293945,64.1500015258789,60.97999954223633,64.1500015258789,27894,0.0,3.170001983642578,2021,0.0026385224274405594,0.007077817817298387,-0.038192870040420046,0.059549312256341524
2021-03-26,380.5,409.1600036621094,380.5,380.5,64.56999969482422,64.87999725341797,61.7400016784668,61.7400016784668,23364,0.0,3.139995574951172,2021,0.001315789473684159,0.007079477936288589,0.04229215334331582,-0.038192870040420046
2021-03-29,380.54998779296875,390.1700134277344,379.0,380.54998779296875,64.9800033569336,65.44999694824219,63.13999938964844,64.04000091552734,18231,0.0,2.30999755859375,2021,0.0001313739631241262,0.007055901196612717,0.006349754747516867,0.04229215334331582
2021-03-30,379.5,380.54998779296875,378.0,379.5,64.13999938964844,65.6500015258789,63.63999938964844,65.30999755859375,4695,0.0,2.0100021362304688,2021,-0.0027591323785299826,0.006518205708272164,-0.012927114864415001,0.006349754747516867
2021-03-31,380.0,381.0,379.5,380.0,63.540000915527344,64.69000244140625,63.540000915527344,64.4800033569336,38444,0.0,1.1500015258789062,2021,0.0013175230566535578,0.0061045472323867705,-0.009354513249620111,-0.012927114864415001
2021-04-01,381.0,381.0,379.0,381.0,64.86000061035156,65.16000366210938,62.369998931884766,62.9900016784668,66715,0.0,2.7900047302246094,2021,0.002631578947368318,0.006117928193987545,0.020774310289656484,-0.009354513249620111
2021-04-05,380.5,408.8599853515625,380.5,380.5,62.150001525878906,64.80999755859375,61.2400016784668,64.80999755859375,37285,0.0,3.569995880126953,2021,-0.001312335958005284,0.006099166969980272,-0.04178228583057009,0.020774310289656484
2021-04-06,408.8599853515625,409.5,380.75,380.75,62.7400016784668,64.2699966430664,62.08000183105469,62.29999923706055,44319,28.1099853515625,2.1899948120117188,2021,0.07453347004352828,0.014835192174498187,0.00949316392763433,-0.04178228583057009
2021-04-07,380.75,380.54998779296875,380.54998779296875,380.54998779296875,63.15999984741211,63.52000045776367,61.599998474121094,62.68000030517578,42225,0.20001220703125,1.9200019836425781,2021,-0.0687521067325575,0.019783583611119395,0.006694264547485007,0.00949316392763433
2021-04-08,380.54998779296875,380.8739929199219,380.54998779296875,380.54998779296875,63.20000076293945,63.41999816894531,62.380001068115234,62.97999954223633,32283,0.0,1.0399971008300781,2021,-0.0005253111149868817,0.019775266722180534,0.0006333267198224135,0.006694264547485007
2021-04-09,380.54998779296875,380.8800048828125,380.8800048828125,380.8800048828125,62.95000076293945,63.459999084472656,62.56999969482422,63.290000915527344,29073,-0.33001708984375,0.8899993896484375,2021,0.0,0.019775266722180534,-0.003955696154779198,0.0006333267198224135
2021-04-12,380.54998779296875,380.75,378.0,380.54998779296875,63.279998779296875,64.30999755859375,62.40999984741211,63.02000045776367,36366,0.0,1.8999977111816406,2021,0.0,0.019592546539470724,0.00524222418360476,-0.003955696154779198
2021-04-13,380.0,381.0,380.0,380.0,63.66999816894531,64.18000030517578,63.22999954223633,63.2400016784668,26957,0.0,0.9500007629394531,2021,-0.0014452445424014693,0.019594787103559892,0.0061630751765442415,0.00524222418360476
2021-04-14,381.5,381.5,380.25,381.5,66.58000183105469,66.9000015258789,63.88999938964844,64.01000213623047,35988,0.0,3.0100021362304688,2021,0.003947368421052699,0.01946940194996172,0.04570447221292229,0.0061630751765442415
2021-04-15,380.0,381.0,380.0,380.0,66.94000244140625,67.02999877929688,65.95999908447266,66.3499984741211,23442,0.0,1.0699996948242188,2021,-0.003931847968545177,0.01936729918414637,0.005407038156368005,0.04570447221292229
2021-04-16,380.5,380.6000061035156,380.25,380.5,66.7699966430664,67.37999725341797,66.44999694824219,66.86000061035156,24035,0.0,0.9300003051757812,2021,0.001315789473684159,0.019368468271328775,-0.002539674217798993,0.005407038156368005
2021-04-19,410.5299987792969,380.7699890136719,376.0,380.760009765625,67.05000305175781,67.2300033569336,66.19000244140625,66.69000244140625,19740,29.769989013671875,1.0400009155273438,2021,0.07892246722548446,0.024104420601735697,0.004193596267321187,-0.002539674217798993
2021-04-20,379.5,380.75,379.5,379.5,66.56999969482422,68.08000183105469,65.5,67.12000274658203,40194,0.0,2.5800018310546875,2021,-0.0755852163582783,0.027987512636558392,-0.007158886429327493,0.004193596267321187
2021-04-21,380.5,408.2699890136719,380.0,380.5,65.31999969482422,66.5199966430664,64.95999908447266,66.36000061035156,32764,0.0,1.55999755859375,2021,0.0026350461133068936,0.02792746594575907,-0.01877722706519991,-0.007158886429327493
2021-04-22,380.0,380.5299987792969,377.0,380.0,65.4000015258789,65.83999633789062,64.58000183105469,65.11000061035156,26722,0.0,1.2599945068359375,2021,-0.0013140604467805073,0.02792746224127239,0.001224767780594771,-0.01877722706519991
2021-04-23,378.0,380.75,378.0,380.5,66.11000061035156,66.30999755859375,65.16999816894531,65.62000274658203,22397,-2.5,1.1399993896484375,2021,-0.0052631578947368585,0.027946010030142514,0.010856254860968306,0.001224767780594771
2021-04-26,380.54998779296875,381.0,380.25,380.54998779296875,65.6500015258789,66.25,64.56999969482422,66.0199966430664,27250,0.0,1.6800003051757812,2021,0.006745999452298257,0.0279710542953094,-0.0069580862233517005,0.010856254860968306
2021-04-27,380.5,380.75,380.0,380.5,66.41999816894531,66.80000305175781,65.69999694824219,65.7699966430664,33604,0.0,1.100006103515625,2021,-0.00013135670627306695,0.027971126432995274,0.011728813787808878,-0.0069580862233517005
2021-04-28,379.0,379.0,376.0,379.0,67.2699966430664,67.86000061035156,66.16000366210938,66.66000366210938,24119,0.0,1.6999969482421875,2021,-0.003942181340341633,0.02798221936447273,0.012797327575334139,0.011728813787808878
2021-04-29,376.0,408.1600036621094,379.5,379.5,68.55999755859375,68.94999694824219,67.04000091552734,67.04000091552734,10592,-3.5,1.9099960327148438,2021,-0.0079155672823219,0.02793310166671108,0.01917646766614345,0.012797327575334139
2021-04-30,380.5,380.5,380.0,380.5,67.25,68.31999969482422,67.1500015258789,68.31999969482422,31012,0.0,1.1699981689453125,2021,0.01196808510638303,0.027929795251689944,-0.019107316295835397,0.01917646766614345
2021-05-03,410.2900085449219,379.5,379.5,379.5,67.55999755859375,67.83000183105469,66.08000183105469,66.7699966430664,17852,30.790008544921875,1.75,2021,0.07829174387627291,0.03133688791507992,0.004609629124070702,-0.019107316295835397
2021-05-04,380.0,380.57000732421875,379.5,380.0,68.87999725341797,69.43000030517578,67.37999725341797,67.6500015258789,27613,0.0,2.0500030517578125,2021,-0.07382584979913176,0.034338065375161805,0.019538184466028286,0.004609629124070702
2021-05-05,380.0,380.0,376.0,380.0,68.95999908447266,69.95999908447266,68.33999633789062,69.5,32004,0.0,1.6200027465820312,2021,0.0,0.03432068055636339,0.0011614668154000807,0.019538184466028286
2021-05-06,380.0,408.2699890136719,376.0,380.0,68.08999633789062,69.37000274658203,67.93000030517578,68.56999969482422,25171,0.0,1.44000244140625,2021,0.0,0.034319026498861316,-0.012616049276861552,0.0011614668154000807
2021-05-07,380.5,381.5,380.0,380.5,68.27999877929688,68.61000061035156,67.37999725341797,68.29000091552734,29163,0.0,1.2300033569335938,2021,0.001315789473684159,0.03431724178370375,0.002790460443901077,-0.012616049276861552
2021-05-10,380.0,410.1300048828125,380.0,380.0,68.31999969482422,70.26000213623047,67.41000366210938,68.62000274658203,31833,0.0,2.8499984741210938,2021,-0.0013140604467805073,0.03431874163526418,0.0005858365003292842,0.002790460443901077
2021-05-11,380.0,408.2099914550781,380.0,380.0,68.55000305175781,68.75,67.12999725341797,68.23999786376953,40504,0.0,1.6200027465820312,2021,0.0,0.034318801927089464,0.003366559689124582,0.0005858365003292842
2021-05-12,380.0,408.1600036621094,381.0899963378906,381.0899963378906,69.31999969482422,69.9000015258789,68.19000244140625,68.72000122070312,31702,-1.089996337890625,1.7099990844726562,2021,0.0,0.034313407135914555,0.011232627407544049,0.003366559689124582
2021-05-13,408.1600036621094,409.7300109863281,408.1400146484375,408.1600036621094,67.05000305175781,69.0199966430664,66.47000122070312,69.0199966430664,38726,0.0,2.5499954223632812,2021,0.07410527279502466,0.03684497673793958,-0.03274663377178144,0.011232627407544049
2021-05-14,376.0,408.0,379.5,379.5,68.70999908447266,68.86000061035156,66.5,67.01000213623047,31042,-3.5,2.3600006103515625,2021,-0.07879263860633601,0.039759703295907785,0.024757583253701698,-0.03274663377178144
2021-05-17,412.5,412.8999938964844,408.25,412.5,69.45999908447266,69.62999725341797,68.19999694824219,68.86000061035156,26662,0.0,1.4300003051757812,2021,0.09707446808510634,0.04350165672317067,0.01091544185698412,0.024757583253701698
2021-05-18,410.0,412.6000061035156,406.989990234375,412.0,68.70999908447266,70.23999786376953,67.27999877929688,69.52999877929688,43138,-2.0,2.9599990844726562,2021,-0.0060606060606061,0.04140852599475998,-0.010797581484098484,0.01091544185698412
2021-05-19,410.0,412.29998779296875,410.0,412.0,66.66000366210938,68.5999984741211,65.29000091552734,68.58000183105469,42607,-2.0,3.30999755859375,2021,0.0,0.0392668811322061,-0.029835474453186905,-0.010797581484098484
2021-05-20,412.0,412.29998779296875,408.82000732421875,412.0,65.11000061035156,67.1500015258789,64.79000091552734,66.7300033569336,35448,0.0,2.3600006103515625,2021,0.004878048780487809,0.03926155279994993,-0.023252369736049938,-0.029835474453186905
2021-05-21,412.0,412.1600036621094,412.0,412.0,66.44000244140625,66.94000244140625,64.55999755859375,65.04000091552734,33829,0.0,2.3800048828125,2021,0.0,0.03926155279994993,0.020426997674505287,-0.023252369736049938
2021-05-24,412.20001220703125,413.2900085449219,409.75,412.20001220703125,68.45999908447266,68.63999938964844,66.47000122070312,66.63999938964844,29400,0.0,2.1699981689453125,2021,0.0004854665219204968,0.03926020771328714,0.030403319819981123,0.020426997674505287
2021-05-25,410.0,412.1000061035156,409.739990234375,412.0,68.6500015258789,68.88999938964844,67.83999633789062,68.38999938964844,20377,-2.0,1.0500030517578125,2021,-0.005337244400483554,0.0392832130479167,0.002775378965047981,0.030403319819981123
2021-05-26,409.0,412.1000061035156,408.25,412.0,68.87000274658203,69.16000366210938,68.02999877929688,68.62999725341797,21097,-3.0,1.1300048828125,2021,-0.0024390243902439046,0.03929674976426447,0.0032046790358801758,0.002775378965047981
2021-05-27,409.0,412.19000244140625,412.0,412.0,69.45999908447266,69.51000213623047,68.11000061035156,68.87999725341797,6546,-3.0,1.4000015258789062,2021,0.0,0.03927916956533357,0.008566811592292334,0.0032046790358801758
2021-05-28,410.0,412.7099914550781,407.0,412.0,69.62999725341797,69.83000183105469,69.41999816894531,69.62000274658203,31275,-2.0,0.410003662109375,2021,0.0024449877750611915,0.03927784878137687,0.0024474254417794494,0.008566811592292334
2021-06-01,412.5,412.5,409.4100036621094,412.5,70.25,71.3499984741211,68.7699966430664,69.02999877929688,39925,0.0,2.5800018310546875,2021,0.0060975609756097615,0.03659755463294144,0.008904247752955285,0.0024474254417794494
2021-06-02,412.0,412.04998779296875,410.0,412.0,71.3499984741211,71.48999786376953,70.37000274658203,70.55999755859375,22202,0.0,1.1199951171875,2021,-0.00121212121212122,0.033644395689415865,0.01565834126862775,0.008904247752955285
2021-06-03,412.5,412.5,409.75,412.5,71.30999755859375,71.9800033569336,70.66000366210938,71.2699966430664,25178,0.0,1.3199996948242188,2021,0.0012135922330096527,0.033646340768940346,-0.0005606295218332225,0.01565834126862775
2021-06-04,412.0,412.04998779296875,409.9200134277344,412.0,71.88999938964844,72.16999816894531,70.76000213623047,71.3499984741211,24006,0.0,1.4099960327148438,2021,-0.00121212121212122,0.03364587057692048,0.008133527568530807,-0.0005606295218332225
2021-06-07,412.04998779296875,412.04998779296875,408.0,412.04998779296875,71.48999786376953,72.26000213623047,71.0999984741211,71.69999694824219,21019,0.0,1.160003662109375,2021,0.00012132959458432957,0.03361329710728666,-0.005564077469397022,0.008133527568530807
2021-06-08,412.0400085449219,412.0400085449219,408.0,412.0400085449219,72.22000122070312,72.41000366210938,70.72000122070312,71.38999938964844,29742,0.0,1.69000244140625,2021,-2.421853741663149e-05,0.033612914590598245,0.01021126561403296,-0.005564077469397022
2021-06-09,411.5,412.5,409.75,411.5,72.22000122070312,72.87999725341797,71.81999969482422,72.13999938964844,31013,0.0,1.05999755859375,2021,-0.0013105730844654717,0.03361762530926486,0.0,0.01021126561403296
2021-06-10,412.0400085449219,412.5,408.0,412.0400085449219,72.5199966430664,72.91999816894531,70.94999694824219,72.08999633789062,37080,0.0,1.970001220703125,2021,0.0013122929402717975,0.03359305985619173,0.004153910513605474,0.0
2021-06-11,411.5,412.2300109863281,409.8500061035156,411.5,72.69000244140625,73.08000183105469,71.87999725341797,72.38999938964844,36538,0.0,1.2000045776367188,2021,-0.0013105730844654717,0.03353842364817428,0.00234426097916951,0.004153910513605474
2021-06-14,411.5,412.5,411.5,411.5,72.86000061035156,73.63999938964844,72.48999786376953,72.48999786376953,25816,0.0,1.1500015258789062,2021,0.0,0.033505989971406865,0.002338673314564055,0.00234426097916951
2021-06-15,412.0,412.6499938964844,409.3299865722656,412.0400085449219,73.98999786376953,74.33000183105469,72.77999877929688,73.0999984741211,32191,-0.040008544921875,1.5500030517578125,2021,0.0012150668286756705,0.030352147303596717,0.015509157891187675,0.002338673314564055
2021-06-16,412.0,412.0,408.0,412.0,74.38999938964844,74.95999908447266,73.88999938964844,74.30000305175781,42294,0.0,1.0699996948242188,2021,0.0,0.026908940293318744,0.00540615674317757,0.015509157891187675
2021-06-17,410.0,412.0,407.9700012207031,410.0,73.08000183105469,74.48999786376953,72.0,73.9800033569336,42085,0.0,2.4899978637695312,2021,-0.004854368932038833,0.02694243629638313,-0.017609861128403792,0.00540615674317757
2021-06-18,409.5,410.5,409.0,409.5,73.51000213623047,73.75,72.18000030517578,73.06999969482422,26417,0.0,1.5699996948242188,2021,-0.0012195121951219523,0.02694785069916522,0.005883966809002716,-0.017609861128403792
2021-06-21,410.0,411.2300109863281,410.0,410.0,74.9000015258789,74.94999694824219,72.9800033569336,73.33000183105469,38734,0.0,1.9699935913085938,2021,0.0012210012210012167,0.02694804103630452,0.0189089831214051,0.005883966809002716
2021-06-22,410.5,411.0,408.0,410.5,74.80999755859375,75.29000091552734,74.33999633789062,74.80999755859375,39381,0.0,0.9500045776367188,2021,0.0012195121951219523,0.026938554781507095,-0.0012016550794602399,0.0189089831214051
2021-06-23,410.0,411.0,409.1600036621094,410.8800048828125,75.19000244140625,76.0,74.7300033569336,74.76000213623047,32883,-0.8800048828125,1.2699966430664062,2021,-0.0012180267965895553,0.026944025604286576,0.005079600256835626,-0.0012016550794602399
2021-06-24,411.0,411.7200012207031,409.44000244140625,411.0,75.55999755859375,75.7699966430664,74.5199966430664,75.37000274658203,26664,0.0,1.25,2021,0.0024390243902439046,0.026938715324616044,0.004920802037156946,0.005079600256835626
2021-06-25,410.0,411.0,409.5400085449219,410.0,76.18000030517578,76.20999908447266,74.94999694824219,75.61000061035156,31417,0.0,1.2600021362304688,2021,-0.0024330900243308973,0.023354456658555768,0.008205436297178847,0.004920802037156946
2021-06-28,409.67999267578125,411.4599914550781,409.5799865722656,409.5799865722656,74.68000030517578,76.58999633789062,74.5199966430664,76.16000366210938,27711,0.100006103515625,2.0699996948242188,2021,-0.000780505668826259,0.01794915631850588,-0.01969020732463933,0.008205436297178847
2021-06-29,410.0,411.0,409.6199951171875,410.0,74.76000213623047,75.51000213623047,73.91000366210938,74.5999984741211,4089,0.0,1.5999984741210938,2021,0.000781115333772231,0.0025651789826591927,0.0010712617933552604,-0.01969020732463933
2021-06-30,411.0,411.0,409.6600036621094,411.0,75.12999725341797,75.5999984741211,74.54000091552734,75.13999938964844,33596,0.0,1.05999755859375,2021,0.0024390243902439046,0.002356386298157297,0.004949105224920647,0.0010712617933552604
2021-07-01,411.0,411.0,410.5,410.5199890136719,75.83999633789062,76.75,74.55000305175781,74.69999694824219,52210,0.480010986328125,2.1999969482421875,2021,0.0,0.002356386298157297,0.009450274330209174,0.004949105224920647
2021-07-02,409.0,411.1400146484375,410.5,410.5,76.16999816894531,76.43000030517578,75.2300033569336,75.58999633789062,31167,-1.5,1.1999969482421875,2021,-0.0048661800486617945,0.00234431325001712,0.00435129017655056,0.009450274330209174
2021-07-06,410.9599914550781,411.510009765625,410.9599914550781,410.9599914550781,74.52999877929688,77.83000183105469,74.12000274658203,76.08999633789062,58679,0.0,3.7099990844726562,2021,0.004792155146890353,0.0025181180737642306,-0.02153077890340649,0.00435129017655056
2021-07-07,411.0,411.6300048828125,410.75,411.0,73.43000030517578,75.98999786376953,72.58999633789062,74.95999908447266,51166,0.0,3.4000015258789062,2021,9.735386839038185e-05,0.00251610265541826,-0.01475913715467081,-0.02153077890340649
2021-07-08,411.0,412.2900085449219,410.5,411.0,74.12000274658203,74.38999938964844,72.0999984741211,73.47000122070312,42366,0.0,2.2900009155273438,2021,0.0,0.0023130913040915004,0.009396737553296841,-0.01475913715467081
2021-07-09,410.0,410.989990234375,410.0,410.0,75.55000305175781,75.79000091552734,73.81999969482422,74.36000061035156,31967,0.0,1.970001220703125,2021,-0.0024330900243308973,0.002312868360115943,0.019293041718643655,0.009396737553296841
2021-07-12,411.0,411.1300048828125,409.5,411.0,75.16000366210938,75.83999633789062,74.23999786376953,75.63999938964844,32255,0.0,1.5999984741210938,2021,0.0024390243902439046,0.0023523450505863797,-0.005162135988019179,0.019293041718643655
2021-07-13,410.0,411.4200134277344,410.0,410.0,76.48999786376953,76.61000061035156,74.95999908447266,75.2300033569336,32219,0.0,1.6500015258789062,2021,-0.0024330900243308973,0.0023579187617285245,0.017695504747968105,-0.005162135988019179
2021-07-14,410.5,410.5,409.80999755859375,410.5,74.76000213623047,76.70999908447266,73.76000213623047,76.4000015258789,49772,0.0,2.9499969482421875,2021,0.0012195121951219523,0.002074256268407867,-0.022617280374621296,0.017695504747968105
2021-07-15,410.5,410.95001220703125,408.760009765625,410.5,73.47000122070312,74.63999938964844,73.16000366210938,74.55000305175781,41748,0.0,1.4799957275390625,2021,0.0,0.0020648377622352197,-0.01725522844657834,-0.022617280374621296
2021-07-16,410.5,411.2900085449219,410.5,410.5,73.58999633789062,74.06999969482422,72.33999633789062,73.26000213623047,33536,0.0,1.7300033569335938,2021,0.0,0.0020496519338879986,0.0016332532352494322,-0.01725522844657834
2021-07-19,411.0,411.25,410.75,411.0,68.62000274658203,73.29000091552734,67.8499984741211,73.0,58659,0.0,5.44000244140625,2021,0.0012180267965895553,0.0020546506632138353,-0.06753626632197018,0.0016332532352494322
2021-07-20,410.2799987792969,411.0400085449219,409.0,410.2799987792969,69.3499984741211,69.7300033569336,67.41999816894531,68.76000213623047,43067,0.0,2.3100051879882812,2021,-0.0017518277875988586,0.002076697526429986,0.010638235183915379,-0.06753626632197018
2021-07-21,410.5,411.0799865722656,410.5,410.5,72.2300033569336,72.36000061035156,68.63999938964844,68.73999786376953,43341,0.0,3.720001220703125,2021,0.0005362221442861692,0.0020803056336873727,0.04152855005306466,0.010638235183915379
2021-07-22,410.5,411.1499938964844,410.0,410.5,73.79000091552734,73.9000015258789,71.75,72.0999984741211,34425,0.0,2.1500015258789062,2021,0.0,0.0020682266098718126,0.021597639292425752,0.04152855005306466
2021-07-23,410.5,411.4599914550781,410.5,410.5,74.0999984741211,74.20999908447266,73.33000183105469,73.70999908447266,23724,0.0,0.8799972534179688,2021,0.0,0.00205159599418204,0.0042010781236963,0.021597639292425752
2021-07-26,410.7300109863281,411.2900085449219,410.7300109863281,410.7300109863281,74.5,74.83000183105469,72.75,74.16999816894531,31628,0.0,2.0800018310546875,2021,0.000560319089715211,0.002042660648356991,0.005398131364585668,0.0042010781236963
2021-07-27,411.0,411.0,409.0,411.0,74.4800033569336,75.05000305175781,74.0199966430664,74.79000091552734,26028,0.0,1.0300064086914062,2021,0.0006573393870672462,0.002046852304360794,-0.0002684113163275992,0.005398131364585668
2021-07-28,411.0,411.010009765625,411.0,411.0,74.73999786376953,75.30999755859375,74.44000244140625,74.66000366210938,20863,0.0,0.8699951171875,2021,0.0,0.002033167787730325,0.0034907961213421768,-0.0002684113163275992
2021-07-29,411.0,411.07000732421875,409.6099853515625,411.0,76.05000305175781,76.13999938964844,74.62999725341797,74.80999755859375,9158,0.0,1.5100021362304688,2021,0.0,0.002033167787730325,0.017527498333302916,0.0034907961213421768
2021-07-30,411.07000732421875,411.07000732421875,410.739990234375,411.07000732421875,76.33000183105469,76.38999938964844,75.51000213623047,75.80000305175781,27919,0.0,0.8799972534179688,2021,0.00017033412218681043,0.0018222363845887997,0.003681772098106384,0.017527498333302916
2021-08-02,410.9700012207031,412.1099853515625,410.75,410.9700012207031,72.88999938964844,75.33000183105469,72.30999755859375,75.18000030517578,38106,0.0,3.0200042724609375,2021,-0.00024328241353976932,0.0018067236232374372,-0.04506750109898061,0.003681772098106384
2021-08-03,411.0,411.8999938964844,411.0,411.0,72.41000366210938,73.52999877929688,71.04000091552734,73.2300033569336,41458,0.0,2.4899978637695312,2021,7.299505853897159e-05,0.0017947403537486323,-0.006585206908469643,-0.04506750109898061
2021-08-04,411.0,411.8999938964844,410.5,411.0,70.37999725341797,72.81999969482422,70.12000274658203,72.33000183105469,44616,0.0,2.6999969482421875,2021,0.0,0.0017818700998066344,-0.02803488891071093,-0.006585206908469643
2021-08-05,410.5,411.8299865722656,410.0,410.5,71.29000091552734,71.5,69.75,70.25,32444,0.0,1.75,2021,-0.0012165450121655041,0.0017818339848750529,0.012929862142970983,-0.02803488891071093
2021-08-06,411.0,411.7099914550781,410.9800109863281,411.0,70.69999694824219,72.43000030517578,70.27999877929688,71.26000213623047,35762,0.0,2.1500015258789062,2021,0.0012180267965895553,0.0017386186582752546,-0.008276111091431448,0.012929862142970983
2021-08-09,411.0,411.0,410.9200134277344,411.0,69.04000091552734,70.05999755859375,67.61000061035156,70.05999755859375,42738,0.0,2.4499969482421875,2021,0.0,0.0016767855292180735,-0.02347943570535216,-0.008276111091431448
2021-08-10,410.9200134277344,411.5400085449219,410.9200134277344,410.9200134277344,70.62999725341797,71.2300033569336,68.97000122070312,69.29000091552734,30525,0.0,2.2600021362304688,2021,-0.00019461453105995563,0.0016697839806654414,0.023030074113643773,-0.02347943570535216
2021-08-11,411.0899963378906,411.45001220703125,411.0799865722656,411.0899963378906,71.44000244140625,71.62999725341797,69.06999969482422,70.91000366210938,34214,0.0,2.55999755859375,2021,0.00041366422807764813,0.0016659747385091843,0.011468288538678761,0.023030074113643773
2021-08-12,411.0799865722656,411.0799865722656,409.0,411.0799865722656,71.30999755859375,71.88999938964844,70.68000030517578,71.58000183105469,22952,0.0,1.2099990844726562,2021,-2.434932913519816e-05,0.0016058171068370063,-0.0018197771328343215,0.011468288538678761
2021-08-13,411.0,411.0,410.0,411.0,70.58999633789062,71.38999938964844,70.0,71.12000274658203,26874,0.0,1.3899993896484375,2021,-0.0001945766636137769,0.0016062423088598968,-0.010096778086572167,-0.0018197771328343215
2021-08-16,411.0,411.25,409.3800048828125,411.0,69.51000213623047,70.4000015258789,68.13999938964844,70.22000122070312,33537,0.0,2.2600021362304688,2021,0.0,0.001317511313349432,-0.015299536162186267,-0.010096778086572167
2021-08-17,411.25,411.8900146484375,411.20001220703125,411.25,69.02999877929688,70.01000213623047,68.81999969482422,69.6500015258789,29163,0.0,1.19000244140625,2021,0.0006082725060827521,0.000991841423433127,-0.006905529307751235,-0.015299536162186267
2021-08-18,411.20001220703125,411.5,411.20001220703125,411.20001220703125,68.2300033569336,70.04000091552734,67.22000122070312,69.01000213623047,34264,0.0,2.8199996948242188,2021,-0.00012155086436171914,0.0009920882827174906,-0.011589098022745659,-0.006905529307751235
2021-08-19,411.3999938964844,411.3999938964844,410.8599853515625,411.3999938964844,66.44999694824219,67.6500015258789,65.55999755859375,67.41999816894531,35816,0.0,2.0900039672851562,2021,0.00048633677897957917,0.0009957727464981329,-0.026088323627651122,-0.011589098022745659
2021-08-20,411.29998779296875,411.29998779296875,410.0,411.29998779296875,65.18000030517578,66.91999816894531,64.80000305175781,66.5999984741211,27104,0.0,2.1199951171875,2021,-0.00024308727515631734,0.0008826001526211337,-0.019112064731253597,-0.026088323627651122
2021-08-23,411.20001220703125,411.29998779296875,411.0,411.20001220703125,68.75,68.91000366210938,64.83000183105469,65.18000030517578,29582,0.0,4.0800018310546875,2021,-0.00024307218308949885,0.000766295583050989,0.05477139733214664,-0.019112064731253597
2021-08-24,411.04998779296875,411.0899963378906,409.0,411.04998779296875,71.05000305175781,71.30000305175781,68.5199966430664,68.68000030517578,38685,0.0,2.7800064086914062,2021,-0.0003648453541070795,0.0006167600693629698,0.03345458984374994,0.05477139733214664
2021-08-25,411.0899963378906,411.3399963378906,411.0400085449219,411.0899963378906,72.25,72.41000366210938,70.51000213623047,71.12999725341797,32345,0.0,1.9000015258789062,2021,9.73325534849856e-05,0.0005784476631409936,0.016889470748763014,0.03345458984374994
2021-08-26,411.04998779296875,411.04998779296875,410.510009765625,411.04998779296875,71.06999969482422,72.12999725341797,70.68000030517578,71.83999633789062,24373,0.0,1.4499969482421875,2021,-9.732308078103102e-05,0.0005789990053194912,-0.016332184154682072,0.016889470748763014
2021-08-27,411.0,412.0299987792969,410.0,411.0,72.69999694824219,72.73999786376953,71.16000366210938,71.41999816894531,13316,0.0,1.5799942016601562,2021,-0.0001216100096174122,0.0005797486440844896,0.022935095826891905,-0.016332184154682072
2021-08-30,411.0,411.510009765625,409.6400146484375,411.0,73.41000366210938,73.69999694824219,71.98999786376953,73.58999633789062,3291,0.0,1.7099990844726562,2021,0.0,0.00053541307185867,0.009766255071133934,0.022935095826891905
2021-08-31,411.0,411.5,409.0,411.0,72.98999786376953,73.48999786376953,72.91000366210938,73.02999877929688,28933,0.0,0.5799942016601562,2021,0.0,0.0004210686183154769,-0.00572137007747664,0.009766255071133934
2021-09-01,411.0,411.5299987792969,410.07000732421875,411.0,71.58999633789062,72.37000274658203,70.41000366210938,71.69999694824219,32339,0.0,1.9599990844726562,2021,0.0,0.00041136103927300613,-0.01918073115294383,-0.00572137007747664
2021-09-02,411.0,411.6000061035156,410.6600036621094,411.0,73.02999877929688,73.45999908447266,70.91999816894531,71.23999786376953,30185,0.0,2.5400009155273438,2021,0.0,0.00041136103927300613,0.020114576268585482,-0.01918073115294383
2021-09-03,411.0,411.3900146484375,410.54998779296875,411.0,72.61000061035156,73.69999694824219,72.4000015258789,72.80999755859375,27095,0.0,1.2999954223632812,2021,0.0,0.00041136103927300613,-0.005751036231214868,0.020114576268585482
2021-09-07,411.0199890136719,411.2900085449219,410.75,411.0199890136719,71.69000244140625,72.7699966430664,71.0999984741211,72.69000244140625,35294,0.0,1.6699981689453125,2021,4.863506976127141e-05,0.0003995086931254661,-0.012670405745929036,-0.005751036231214868
2021-09-08,411.0,411.0,410.5,411.0,72.5999984741211,72.94999694824219,71.55999755859375,71.58000183105469,31671,0.0,1.3899993896484375,2021,-4.8632704506279545e-05,0.00038126790149963413,0.012693485865879373,-0.012670405745929036
2021-09-09,410.79998779296875,411.3500061035156,410.75,410.79998779296875,71.44999694824219,73.19000244140625,70.88999938964844,72.62000274658203,35106,0.0,2.3000030517578125,2021,-0.00048664770567219406,0.0003914866157373234,-0.01584024173621479,0.012693485865879373
2021-09-10,410.8999938964844,411.19000244140625,410.75,410.8999938964844,72.91999816894531,73.13999938964844,70.95999908447266,71.30999755859375,26654,0.0,2.1800003051757812,2021,0.00024344232348427752,0.0003943455454768008,0.020573845815108793,-0.01584024173621479
2021-09-13,410.92999267578125,412.1600036621094,410.92999267578125,410.92999267578125,73.51000213623047,73.93000030517578,72.69999694824219,73.05000305175781,26510,0.0,1.2300033569335938,2021,7.300749511429672e-05,0.0003932262730040887,0.00809111330362633,0.020573845815108793
2021-09-14,411.0,411.0,408.79998779296875,411.0,73.5999984741211,74.2699966430664,73.08000183105469,73.7300033569336,27690,0.0,1.1899948120117188,2021,0.00017036314084273307,0.0003920611542482777,0.0012242733679130868,0.00809111330362633
2021-09-15,411.0,411.0,410.9700012207031,411.0,75.45999908447266,76.12999725341797,73.77999877929688,73.83999633789062,35197,0.0,2.3499984741210938,2021,0.0,0.00039183505834494275,0.025271747947190004,0.0012242733679130868
2021-09-16,410.9700012207031,411.5,410.9700012207031,410.9700012207031,75.66999816894531,75.86000061035156,74.4800033569336,75.45999908447266,27363,0.0,1.3799972534179688,2021,-7.29897306492866e-05,0.00039206207396744804,0.002782919255506222,0.025271747947190004
2021-09-17,411.4200134277344,411.7300109863281,411.2300109863281,411.4200134277344,75.33999633789062,75.77999877929688,74.58000183105469,75.01000213623047,26771,0.0,1.1999969482421875,2021,0.0010950001355198857,0.00037183180289020407,-0.004361065667239816,0.002782919255506222
2021-09-20,411.2300109863281,411.3500061035156,411.0,411.2300109863281,73.91999816894531,75.38999938964844,73.51000213623047,75.38999938964844,28251,0.0,1.8799972534179688,2021,-0.0004618210957295643,0.0003160139181906863,-0.0188478661795628,-0.004361065667239816
2021-09-21,411.3500061035156,411.3500061035156,410.5,411.3500061035156,74.36000061035156,75.16999816894531,73.25,74.2300033569336,25140,0.0,1.9199981689453125,2021,0.000291795622842983,0.00031988541919053304,0.005952414127508687,-0.0188478661795628
2021-09-22,411.0,412.30999755859375,411.0,411.0,76.19000244140625,76.26000213623047,74.51000213623047,74.61000061035156,26605,0.0,1.75,2021,-0.0008508717596263926,0.0003560575907754901,0.02461002980142446,0.005952414127508687
2021-09-23,411.0,413.8500061035156,411.0,411.0,77.25,77.33999633789062,75.5999984741211,75.87000274658203,26832,0.0,1.7399978637695312,2021,0.0,0.0003476586431422412,0.013912554464202032,0.02461002980142446
2021-09-24,411.0,411.92999267578125,409.95001220703125,411.0,78.08999633789062,78.25,76.87000274658203,77.18000030517578,20417,0.0,1.3799972534179688,2021,0.0,0.00034764574443456705,0.010873739001820315,0.013912554464202032
2021-09-27,410.92999267578125,413.0,410.92999267578125,410.92999267578125,79.52999877929688,79.87999725341797,78.20999908447266,78.2300033569336,20799,0.0,1.6699981689453125,2021,-0.0001703341221866994,0.0003472212380705687,0.01844029336581654,0.010873739001820315
2021-09-28,411.0,411.0,411.0,411.0,79.08999633789062,80.73999786376953,78.08000183105469,79.41999816894531,21656,0.0,2.6599960327148438,2021,0.00017036314084273307,0.00034870628327813733,-0.005532534240661802,0.01844029336581654
2021-09-29,409.260009765625,413.0,409.260009765625,409.260009765625,78.63999938964844,79.41000366210938,77.52999877929688,78.25,8319,0.0,1.8800048828125,2021,-0.004233552881691027,0.0008366267913014669,-0.00568968224906341,-0.005532534240661802
2021-09-30,409.260009765625,411.0199890136719,409.260009765625,409.260009765625,78.5199966430664,79.16000366210938,77.63999938964844,78.33000183105469,51076,0.0,1.5200042724609375,2021,0.0,0.0008371202910473058,-0.0015259759348094093,-0.00568968224906341
2021-10-01,410.29998779296875,411.17999267578125,410.2699890136719,410.29998779296875,79.27999877929688,79.41000366210938,77.56999969482422,78.41000366210938,31697,0.0,1.8400039672851562,2021,0.0025411181218006895,0.000965771599366096,0.009679090279196778,-0.0015259759348094093
2021-10-04,410.2699890136719,413.2300109863281,410.2699890136719,410.2699890136719,81.26000213623047,82.0,78.76000213623047,79.36000061035156,43286,0.0,3.2399978637695312,2021,-7.311425832168261e-05,0.0009653336760552847,0.024974815683910467,0.009679090279196778
2021-10-05,410.29998779296875,410.8599853515625,410.29998779296875,410.29998779296875,82.55999755859375,83.11000061035156,81.19999694824219,81.27999877929688,44439,0.0,1.910003662109375,2021,7.311960440725684e-05,0.000965253244085643,0.015997974257788927,0.024974815683910467
2021-10-06,410.8599853515625,411.04998779296875,410.32000732421875,410.8599853515625,81.08000183105469,83.44000244140625,80.58999633789062,82.66000366210938,41389,0.0,2.850006103515625,2021,0.0013648490744686548,0.0009982877621907322,-0.017926305369482254,0.015997974257788927
2021-10-07,409.8399963378906,411.75,409.75,409.8399963378906,81.94999694824219,82.5,79.08000183105469,80.80000305175781,43830,0.0,3.4199981689453125,2021,-0.0024825708271373204,0.0010947455253594342,0.010730082604096358,-0.017926305369482254
2021-10-08,410.30999755859375,410.6199951171875,410.30999755859375,410.30999755859375,82.38999938964844,83.43000030517578,81.95999908447266,82.38999938964844,48729,0.0,1.470001220703125,2021,0.0011467919795598025,0.001118199874680562,0.005369157508134492,0.010730082604096358
2021-10-11,410.30999755859375,413.2900085449219,410.0799865722656,410.30999755859375,83.6500015258789,84.5999984741211,82.55999755859375,82.58999633789062,46216,0.0,2.0400009155273438,2021,0.0,0.001118187212037407,0.015293144138422976,0.005369157508134492
2021-10-12,410.2699890136719,413.2300109863281,410.25,410.2699890136719,83.41999816894531,84.2300033569336,82.72000122070312,83.61000061035156,47351,0.0,1.5100021362304688,2021,-9.750809183284304e-05,0.0011181623359500063,-0.0027495917840770767,0.015293144138422976
2021-10-13,410.3699951171875,412.25,410.29998779296875,410.3699951171875,83.18000030517578,83.69000244140625,82.20999908447266,83.16000366210938,39594,0.0,1.4800033569335938,2021,0.0002437568094026954,0.0011194880863196826,-0.0028769823667879058,-0.0027495917840770767
2021-10-14,410.32000732421875,410.4200134277344,409.19000244140625,410.32000732421875,84.0,84.52999877929688,83.19000244140625,83.3499984741211,37348,0.0,1.339996337890625,2021,-0.00012181152024648423,0.0011195194114585433,0.009858135270687018,-0.0028769823667879058
2021-10-15,410.3500061035156,411.1000061035156,410.32000732421875,410.3500061035156,84.86000061035156,85.0999984741211,84.16999816894531,84.19999694824219,33044,0.0,0.9300003051757812,2021,7.311069107385215e-05,0.001119721893801029,0.010238102504185331,0.009858135270687018
2021-10-18,410.3699951171875,413.19000244140625,410.3699951171875,410.3699951171875,84.33000183105469,86.02999877929688,83.95999908447266,85.05000305175781,40153,0.0,2.0699996948242188,2021,4.871210765089451e-05,0.001119835439199229,-0.006245566527043223,0.010238102504185331
2021-10-19,410.4100036621094,412.0199890136719,410.3900146484375,410.4100036621094,85.08000183105469,85.4000015258789,83.70999908447266,84.11000061035156,45141,0.0,1.69000244140625,2021,9.749383580159865e-05,0.0011200201403310083,0.00889363196626669,-0.006245566527043223
2021-10-20,410.3900146484375,411.3999938964844,410.32000732421875,410.3900146484375,85.81999969482422,85.88999938964844,83.62999725341797,85.0999984741211,43107,0.0,2.2600021362304688,2021,-4.8704986461145516e-05,0.0011200201398190654,0.008697670990169382,0.00889363196626669
2021-10-21,410.32000732421875,410.4599914550781,409.70001220703125,410.32000732421875,84.61000061035156,86.12000274658203,83.36000061035156,85.87999725341797,49004,0.0,2.7600021362304688,2021,-0.00017058729920294002,0.0011172435799985873,-0.014099266939820665,0.008697670990169382
2021-10-22,410.3800048828125,411.010009765625,410.3800048828125,410.3800048828125,85.52999877929688,85.94000244140625,83.83000183105469,84.6500015258789,41174,0.0,2.1100006103515625,2021,0.00014622138214748226,0.001116538756438654,0.01087339749803462,-0.014099266939820665
2021-10-25,410.3999938964844,413.239990234375,409.7099914550781,410.3999938964844,85.98999786376953,86.72000122070312,85.44000244140625,85.70999908447266,43061,0.0,1.279998779296875,2021,4.8708546795728225e-05,0.0011164615572222933,0.0053782192334603796,0.01087339749803462
2021-10-26,409.7099914550781,410.4800109863281,409.7099914550781,409.7099914550781,86.4000015258789,86.52999877929688,85.27999877929688,86.02999877929688,32042,0.0,1.25,2021,-0.0016812925235576426,0.0011548169238748058,0.004768038984707568,0.0053782192334603796
2021-10-27,409.739990234375,411.2099914550781,409.7300109863281,409.739990234375,84.58000183105469,86.2699966430664,84.05000305175781,86.12999725341797,25643,0.0,2.2199935913085938,2021,7.321954534322828e-05,0.0011551219351614414,-0.021064810910669807,0.004768038984707568
2021-10-28,409.7699890136719,410.57000732421875,409.75,409.7699890136719,84.31999969482422,84.56999969482422,82.30999755859375,84.18000030517578,10576,0.0,2.2600021362304688,2021,7.321418463379636e-05,0.0011555555620304287,-0.0030740379593490186,-0.021064810910669807
2021-10-29,409.75,410.6000061035156,409.75,409.75,84.37999725341797,84.55999755859375,84.05999755859375,84.19000244140625,35155,0.0,0.5,2021,-4.878105817363032e-05,0.0011335359461656488,0.0007115460010780339,-0.0030740379593490186
2021-11-01,409.80999755859375,413.1499938964844,409.79998779296875,409.80999755859375,84.70999908447266,85.11000061035156,83.02999877929688,83.7300033569336,36245,0.0,2.0800018310546875,2021,0.00014642479217519266,0.0011329272806267759,0.003910901182700766,0.0007115460010780339
2021-11-02,409.79998779296875,412.32000732421875,409.79998779296875,409.79998779296875,84.72000122070312,85.22000122070312,83.76000213623047,84.41999816894531,40105,0.0,1.4599990844726562,2021,-2.44253817247575e-05,0.0011304835146809164,0.00011807503646044104,0.003910901182700766
2021-11-03,409.9200134277344,413.7300109863281,409.8999938964844,409.9200134277344,81.98999786376953,84.18000030517578,81.08000183105469,84.04000091552734,50062,0.0,3.0999984741210938,2021,0.0002928883317250275,0.001124437373873707,-0.03222383519355354,0.00011807503646044104
2021-11-04,409.9599914550781,413.3299865722656,409.9200134277344,409.9599914550781,80.54000091552734,84.5,80.19000244140625,81.31999969482422,72626,0.0,4.30999755859375,2021,9.752641011462337e-05,0.001124838751194143,-0.017685046786455993,-0.03222383519355354
2021-11-05,409.989990234375,410.6400146484375,409.989990234375,409.989990234375,82.73999786376953,83.1500015258789,80.2699966430664,81.0,43130,0.0,2.8800048828125,2021,7.317489492186802e-05,0.0011251061274366067,0.02731558136620338,-0.017685046786455993
2021-11-08,410.0199890136719,413.1400146484375,409.0,410.0199890136719,83.43000030517578,83.98999786376953,82.5,82.56999969482422,27655,0.0,1.4899978637695312,2021,7.316954074831905e-05,0.0011253207354046584,0.008339406081957268,0.02731558136620338
2021-11-09,410.0400085449219,410.4700012207031,410.0400085449219,410.0400085449219,84.77999877929688,85.13999938964844,83.18000030517578,83.58999633789062,34996,0.0,1.9599990844726562,2021,4.882574456477329e-05,0.0011246319049569055,0.016181211424942887,0.008339406081957268
2021-11-10,410.07000732421875,410.0899963378906,409.9800109863281,410.07000732421875,82.63999938964844,85.5,82.08999633789062,85.16000366210938,36273,0.0,3.410003662109375,2021,7.3160615236878e-05,0.0008053558973529897,-0.02524179547606953,0.016181211424942887
2021-11-11,410.0899963378906,410.1199951171875,409.8800048828125,410.0899963378906,82.87000274658203,83.43000030517578,81.66000366210938,82.63999938964844,31162,0.0,1.7699966430664062,2021,4.874536863175294e-05,0.0008052668501366761,0.002783196498455043,-0.02524179547606953
2021-11-12,410.1199951171875,411.1300048828125,410.0799865722656,410.1199951171875,82.16999816894531,82.87000274658203,81.26000213623047,82.66999816894531,27167,0.0,1.6100006103515625,2021,7.315169734645188e-05,0.0006561412801089781,-0.008447020084907497,0.002783196498455043
2021-11-15,410.0799865722656,413.3900146484375,409.6499938964844,410.1400146484375,82.05000305175781,82.48999786376953,80.68000030517578,81.91999816894531,32804,-0.060028076171875,1.80999755859375,2021,-9.755326586902147e-05,0.00065623183278073,-0.0014603276117979291,-0.008447020084907497
2021-11-16,410.1700134277344,410.54998779296875,410.1499938964844,410.1700134277344,82.43000030517578,83.13999938964844,81.55000305175781,82.11000061035156,25767,0.0,1.589996337890625,2021,0.00021953486738346406,0.0006574548974425954,0.004631288717664717,-0.0014603276117979291
2021-11-17,410.17999267578125,411.3299865722656,410.17999267578125,410.17999267578125,80.27999877929688,82.36000061035156,79.7699966430664,82.33000183105469,38038,0.0,2.5900039672851562,2021,2.4329540727396903e-05,0.0006041604854000216,-0.026082755282288983,0.004631288717664717
2021-11-18,411.3299865722656,411.3299865722656,410.32000732421875,411.3299865722656,81.23999786376953,81.41999816894531,79.2699966430664,80.27999877929688,30490,0.0,2.1500015258789062,2021,0.0028036323492584003,0.0006414659765846388,0.0119581352649476,-0.026082755282288983
2021-11-19,410.32000732421875,410.3399963378906,410.05999755859375,410.32000732421875,78.88999938964844,82.2300033569336,78.05000305175781,81.01000213623047,44180,0.0,4.180000305175781,2021,-0.002455399025155791,0.0007676019051713114,-0.028926619102843665,0.0119581352649476
2021-11-22,410.3399963378906,413.32000732421875,410.3399963378906,410.3399963378906,79.69999694824219,80.08999633789062,77.54000091552734,78.66999816894531,39085,0.0,2.5499954223632812,2021,4.871566902675539e-05,0.0007676510296329992,0.010267430154144996,-0.028926619102843665
2021-11-23,410.3399963378906,410.3900146484375,409.3800048828125,410.3399963378906,82.30999755859375,82.58999633789062,78.56999969482422,79.41999816894531,41865,0.0,4.019996643066406,2021,0.0,0.0007674184096014152,0.032747813178042096,0.010267430154144996
2021-11-24,409.3800048828125,410.6400146484375,409.3800048828125,409.3800048828125,82.25,83.0,81.63999938964844,82.19999694824219,30734,0.0,1.3600006103515625,2021,-0.002339502518997949,0.0008769317181891962,-0.0007289218852307711,0.032747813178042096
2021-11-26,410.8999938964844,411.04998779296875,409.3900146484375,410.8999938964844,72.72000122070312,82.55999755859375,72.11000061035156,82.2699966430664,29171,0.0,10.449996948242188,2021,0.00371290486966247,0.001117209057101961,-0.11586624655680089,-0.0007289218852307711
2021-11-29,409.3900146484375,413.2900085449219,409.3900146484375,409.3900146484375,73.44000244140625,77.0,72.63999938964844,73.58999633789062,12507,0.0,4.3600006103515625,2021,-0.0036748096142033004,0.0013075989173272318,0.009901006719154726,-0.11586624655680089
2021-11-30,409.3900146484375,410.510009765625,409.3900146484375,409.3900146484375,70.56999969482422,74.56999969482422,70.22000122070312,74.56999969482422,77840,0.0,4.349998474121094,2021,0.0,0.0013074673542251194,-0.039079556797017356,0.009901006719154726
2021-12-01,409.3900146484375,410.3599853515625,409.3900146484375,409.3900146484375,68.87000274658203,72.86000061035156,68.1500015258789,70.13999938964844,56808,0.0,4.709999084472656,2021,0.0,0.0013071350033203603,-0.02408951332852094,-0.039079556797017356
2021-12-02,409.4100036621094,410.6400146484375,409.4100036621094,409.4100036621094,69.66999816894531,70.70999908447266,65.7699966430664,68.80999755859375,81072,0.0,4.94000244140625,2021,4.8826334196450105e-05,0.0013073422406092116,0.011616021351225969,-0.02408951332852094
2021-12-03,409.45001220703125,410.42999267578125,409.45001220703125,409.45001220703125,69.87999725341797,72.5999984741211,69.2300033569336,70.5,43639,0.0,3.3699951171875,2021,9.77224409857147e-05,0.00130761086728548,0.0030141967847252538,0.011616021351225969
2021-12-06,409.4800109863281,413.1700134277344,409.4800109863281,409.4800109863281,73.08000183105469,73.77999877929688,70.29000091552734,70.30000305175781,32294,0.0,3.4899978637695312,2021,7.326603590795955e-05,0.0013072628239093628,0.04579285494291008,0.0030141967847252538
2021-12-07,409.489990234375,410.57000732421875,409.489990234375,409.489990234375,75.44000244140625,76.26000213623047,73.2300033569336,73.54000091552734,34533,0.0,3.029998779296875,2021,2.4370537704321293e-05,0.001307192653680002,0.032293384663664604,0.04579285494291008
2021-12-08,410.57000732421875,410.75,409.489990234375,410.57000732421875,75.81999969482422,76.37000274658203,74.4000015258789,75.2699966430664,31080,0.0,1.970001220703125,2021,0.002637468840753776,0.0013606992055656278,0.005037079018032964,0.032293384663664604
2021-12-09,409.489990234375,410.739990234375,408.3900146484375,409.489990234375,74.41999816894531,76.69999694824219,73.83000183105469,76.0199966430664,27715,0.0,2.8699951171875,2021,-0.0026305308974771124,0.0014473166490101212,-0.018464805216485303,0.005037079018032964
2021-12-10,411.30999755859375,411.30999755859375,409.4700012207031,411.30999755859375,75.1500015258789,75.69999694824219,73.80000305175781,74.0999984741211,24682,0.0,1.899993896484375,2021,0.0044445709727289895,0.0016611996286400792,0.009809236426966406,-0.018464805216485303
2021-12-13,409.4700012207031,413.260009765625,408.7799987792969,408.7799987792969,74.38999938964844,76.38999938964844,74.19000244140625,75.54000091552734,27562,0.69000244140625,2.1999969482421875,2021,-0.004473502586400224,0.0018616231092473416,-0.010113135339974044,0.009809236426966406
2021-12-14,409.70001220703125,413.4200134277344,409.4700012207031,409.70001220703125,73.69999694824219,75.1500015258789,72.56999969482422,74.30000305175781,31237,0.0,2.5800018310546875,2021,0.0005617285409003081,0.0018644538944898874,-0.009275473142459356,-0.010113135339974044
2021-12-15,409.4700012207031,413.239990234375,409.4700012207031,409.4700012207031,73.87999725341797,74.56999969482422,72.4800033569336,73.26000213623047,29294,0.0,2.089996337890625,2021,-0.0005614131790943055,0.0018671999425791668,0.002442338027533353,-0.009275473142459356
2021-12-16,409.4800109863281,412.6300048828125,409.4800109863281,409.4800109863281,75.0199966430664,75.58999633789062,74.0,74.56999969482422,26965,0.0,1.589996337890625,2021,2.4445662918370914e-05,0.0018662661740421161,0.015430420032882308,0.002442338027533353
2021-12-17,409.5799865722656,410.5299987792969,409.5799865722656,409.5799865722656,73.5199966430664,74.95999908447266,72.62000274658203,74.51000213623047,26087,0.0,2.339996337890625,2021,0.00024415254287180055,0.0018668147329386597,-0.01999466898321478,0.015430420032882308
2021-12-20,409.6600036621094,413.44000244140625,409.6600036621094,413.3599853515625,71.5199966430664,73.06999969482422,69.26000213623047,73.05999755859375,36842,-3.699981689453125,3.80999755859375,2021,0.00019536376890250118,0.0018671791133061549,-0.027203483287816743,-0.01999466898321478
2021-12-21,409.6600036621094,410.6600036621094,409.6600036621094,409.6600036621094,73.9800033569336,74.26000213623047,71.23999786376953,72.0999984741211,27386,0.0,3.0200042724609375,2021,0.0,0.0018670940366986234,0.03439606864279221,-0.027203483287816743
2021-12-22,410.6600036621094,410.6700134277344,410.44000244140625,410.6600036621094,75.29000091552734,75.69000244140625,73.58999633789062,74.04000091552734,28541,0.0,2.100006103515625,2021,0.002441048652689126,0.001920782518029143,0.017707454706015202,0.03439606864279221
2021-12-23,410.6700134277344,410.7099914550781,410.6499938964844,410.6700134277344,76.8499984741211,76.9800033569336,74.79000091552734,75.66999816894531,27624,0.0,2.19000244140625,2021,2.437482475947661e-05,0.0019207847660864712,0.02071985043995439,0.017707454706015202
2021-12-27,410.44000244140625,410.8500061035156,410.44000244140625,410.44000244140625,78.5999984741211,79.05999755859375,75.76000213623047,76.30000305175781,15723,0.0,3.2999954223632812,2021,-0.0005600871230122539,0.0019240178250546905,0.02277163350353617,0.02071985043995439
2021-12-28,410.70001220703125,410.70001220703125,410.3299865722656,410.70001220703125,78.94000244140625,79.8499984741211,78.47000122070312,78.87000274658203,8523,0.0,1.3799972534179688,2021,0.0006334903130260638,0.0019271661458840654,0.004325750303889597,0.02277163350353617
2021-12-29,410.70001220703125,413.42999267578125,410.69000244140625,410.70001220703125,79.2300033569336,80.16000366210938,78.13999938964844,79.0,7057,0.0,2.0200042724609375,2021,0.0,0.0019269927949767012,0.003673687693924288,0.004325750303889597
2021-12-30,410.70001220703125,412.20001220703125,410.6099853515625,410.70001220703125,79.31999969482422,79.62000274658203,78.66000366210938,79.25,24512,0.0,0.9599990844726562,2021,0.0,0.0019267520829795222,0.0011358870892026474,0.003673687693924288
2021-12-31,410.75,411.45001220703125,410.5899963378906,410.75,77.77999877929688,79.68000030517578,77.13999938964844,79.1500015258789,21740,0.0,2.5400009155273438,2021,0.00012171363886781528,0.0019267983723103058,-0.019415039352651875,0.0011358870892026474
2022-01-03,411.45001220703125,412.239990234375,409.0899963378906,411.45001220703125,78.9800033569336,79.27999877929688,77.04000091552734,77.94000244140625,27224,0.0,2.2399978637695312,2022,0.0017042293536975173,0.0018825284766541574,0.015428189720621655,-0.019415039352651875
2022-01-04,412.239990234375,413.0799865722656,412.239990234375,412.239990234375,80.0,80.55000305175781,78.5999984741211,78.94999694824219,31321,0.0,1.9500045776367188,2022,0.0019199854269205119,0.0018540972666275211,0.012914618887223117,0.015428189720621655
2022-01-05,412.239990234375,412.9100036621094,410.6499938964844,412.239990234375,80.80000305175781,81.48999786376953,79.55000305175781,80.08000183105469,35152,0.0,1.9399948120117188,2022,0.0,0.0018542169613866657,0.0100000381469727,0.012914618887223117
2022-01-06,412.29998779296875,412.5400085449219,411.0299987792969,412.29998779296875,81.98999786376953,82.83999633789062,79.62999725341797,80.1500015258789,41582,0.0,3.2099990844726562,2022,0.00014554036487246513,0.0018539860301371785,0.01472765800824849,0.0100000381469727
2022-01-07,412.5400085449219,412.7099914550781,411.0400085449219,412.5400085449219,81.75,82.98999786376953,81.44000244140625,82.05999755859375,29501,0.0,1.5499954223632812,2022,0.0005821507617256305,0.0017938961040363138,-0.002927160263722639,0.01472765800824849
2022-01-10,412.7099914550781,413.260009765625,408.9800109863281,408.9800109863281,80.87000274658203,82.2699966430664,80.48999786376953,81.79000091552734,30035,3.72998046875,1.779998779296875,2022,0.00041203981828519254,0.0016717464142711979,-0.010764492396550085,-0.002927160263722639
2022-01-11,413.1400146484375,413.1400146484375,410.44000244140625,413.1400146484375,83.72000122070312,83.97000122070312,80.87999725341797,80.95999908447266,37934,0.0,3.0900039672851562,2022,0.001041950043039419,0.001514211271688938,0.03524172594691244,-0.010764492396550085
2022-01-12,413.1000061035156,414.0,413.1000061035156,413.1000061035156,84.66999816894531,85.19999694824219,83.51000213623047,83.69000244140625,32298,0.0,1.6899948120117188,2022,-9.684015951816338e-05,0.0015149871303940378,0.011347311686460637,0.03524172594691244
2022-01-13,413.44000244140625,413.6099853515625,410.6600036621094,413.44000244140625,84.47000122070312,85.08999633789062,83.79000091552734,84.77999877929688,27107,0.0,1.2999954223632812,2022,0.0008230363903829474,0.0015167831813361354,-0.0023620757360018896,0.011347311686460637
2022-01-14,413.6000061035156,413.7900085449219,410.8900146484375,413.6000061035156,86.05999755859375,86.5,84.02999877929688,84.12999725341797,31970,0.0,2.470001220703125,2022,0.00038700575939554227,0.0015158832109963911,0.018823207232308237,-0.0023620757360018896
2022-01-18,413.7900085449219,415.32000732421875,413.7900085449219,413.7900085449219,87.51000213623047,88.55000305175781,85.55000305175781,86.5,45875,0.0,3.0,2022,0.0004593869405280504,0.0015153232670039325,0.01684876387138501,0.018823207232308237
2022-01-19,414.0,414.1700134277344,410.5400085449219,414.0,88.44000244140625,89.16999816894531,87.62999725341797,88.44999694824219,37483,0.0,1.5400009155273438,2022,0.0005074831454161544,0.0015146364380891242,0.010627360101397532,0.01684876387138501
2022-01-20,414.1700134277344,414.20001220703125,411.0799865722656,414.1700134277344,88.37999725341797,89.51000213623047,87.02999877929688,87.7300033569336,30524,0.0,2.4800033569335938,2022,0.00041066045346460633,0.001513263640215028,-0.0006784846939373868,0.010627360101397532
2022-01-21,414.45001220703125,414.5,410.6099853515625,414.45001220703125,87.88999938964844,88.22000122070312,85.70999908447266,87.3499984741211,29566,0.0,2.5100021362304688,2022,0.0006760479277085896,0.0014535593249008008,-0.0055442167797824515,-0.0006784846939373868
2022-01-24,414.45001220703125,415.0,414.45001220703125,414.45001220703125,86.2699966430664,88.87999725341797,85.0199966430664,87.6500015258789,34253,0.0,3.8600006103515625,2022,0.0,0.0013450640524423543,-0.01843216245115631,-0.0055442167797824515
2022-01-25,415.3500061035156,415.3500061035156,413.9599914550781,415.3500061035156,88.19999694824219,88.36000061035156,86.19000244140625,87.16999816894531,29496,0.0,2.1699981689453125,2022,0.002171537869408491,0.001160925327843813,0.02237162837922635,-0.01843216245115631
2022-01-26,414.6199951171875,414.82000732421875,414.6199951171875,414.6199951171875,89.95999908447266,90.4800033569336,87.80000305175781,88.0199966430664,29805,0.0,2.6800003051757812,2022,-0.0017575802951744768,0.0008333992805385956,0.01995467343681745,0.02237162837922635
2022-01-27,414.82000732421875,414.989990234375,414.82000732421875,414.82000732421875,89.33999633789062,91.04000091552734,88.9800033569336,89.77999877929688,15201,0.0,2.05999755859375,2022,0.00048239884565792757,0.0008330501707900067,-0.006891982579944722,0.01995467343681745
2022-01-28,414.989990234375,415.1600036621094,414.989990234375,414.989990234375,90.02999877929688,91.69000244140625,89.41000366210938,89.88999938964844,10824,0.0,2.279998779296875,2022,0.00040977510041706466,0.0008124370946175175,0.007723331874747386,-0.006891982579944722
2022-01-31,415.1600036621094,415.3299865722656,415.0,415.1600036621094,91.20999908447266,91.30000305175781,90.75,90.80000305175781,33664,0.0,0.5500030517578125,2022,0.0004096807916700307,0.0008085668984360863,0.013106745764470018,0.007723331874747386
2022-02-01,415.3299865722656,415.54998779296875,414.260009765625,415.3299865722656,89.16000366210938,89.95999908447266,87.72000122070312,89.37999725341797,36248,0.0,2.2399978637695312,2022,0.00040943951405925105,0.0008076106575004945,-0.022475555782702217,0.013106745764470018
2022-02-02,414.260009765625,415.3800048828125,414.260009765625,414.260009765625,89.47000122070312,90.51000213623047,88.27999877929688,89.29000091552734,38172,0.0,2.2300033569335938,2022,-0.0025762088971017505,0.0009797205150555404,0.003476867943708939,-0.022475555782702217
2022-02-03,415.3299865722656,415.8599853515625,415.0899963378906,415.3299865722656,91.11000061035156,91.29000091552734,88.01000213623047,89.05999755859375,33059,0.0,3.279998779296875,2022,0.0025828628914628116,0.0010563280821914043,0.018330159464320595,0.003476867943708939
2022-02-04,415.5400085449219,415.70001220703125,415.5400085449219,415.5400085449219,93.2699966430664,93.69999694824219,90.88999938964844,91.04000091552734,33357,0.0,2.80999755859375,2022,0.0005056749559297913,0.000987983284443976,0.0237075624875962,0.018330159464320595
2022-02-07,415.70001220703125,416.8500061035156,415.0,415.70001220703125,92.69000244140625,93.98999786376953,92.1500015258789,92.7300033569336,37016,0.0,1.839996337890625,2022,0.0003850499562476628,0.0009855176278296533,-0.006218443470945245,0.0237075624875962
2022-02-08,415.8800048828125,416.04998779296875,415.0,415.8800048828125,90.77999877929688,93.01000213623047,89.93000030517578,93.01000213623047,39288,0.0,3.0800018310546875,2022,0.000432986938888158,0.0009684674260535178,-0.020606361115555916,-0.006218443470945245
2022-02-09,416.04998779296875,416.25,415.3699951171875,416.04998779296875,91.55000305175781,92.05999755859375,90.05999755859375,91.2699966430664,34759,0.0,2.0,2022,0.00040873066307711703,0.0009677837035732291,0.00848209168115277,-0.020606361115555916
2022-02-10,416.25,416.54998779296875,416.25,416.25,91.41000366210938,93.08999633789062,90.9000015258789,91.72000122070312,43235,0.0,2.1899948120117188,2022,0.000480740807354163,0.0009643586754448535,-0.0015292122881666037,0.00848209168115277
2022-02-11,416.3699951171875,417.5899963378906,416.3699951171875,416.3699951171875,94.44000244140625,95.63999938964844,90.5199966430664,91.26000213623047,53045,0.0,5.120002746582031,2022,0.0002882765578078317,0.0009611718686326117,0.03314734337498826,-0.0015292122881666037
2022-02-14,416.510009765625,418.1700134277344,415.0,418.1700134277344,96.4800033569336,96.77999877929688,93.45999908447266,95.30999755859375,48449,-1.660003662109375,3.3199996948242188,2022,0.00033627458769713847,0.0009593830386076833,0.02160102565428268,0.03314734337498826
2022-02-15,415.239990234375,415.95001220703125,415.239990234375,415.239990234375,93.27999877929688,96.23999786376953,92.05999755859375,95.76000213623047,45181,0.0,4.180000305175781,2022,-0.003049193300215358,0.0011257230835909193,-0.033167542146512075,0.02160102565428268
2022-02-16,415.30999755859375,415.6499938964844,415.260009765625,415.30999755859375,94.80999755859375,96.06999969482422,91.13999938964844,93.58999633789062,45148,0.0,4.930000305175781,2022,0.00016859485084563808,0.0010837840062425522,0.016402216973832706,-0.033167542146512075
2022-02-17,415.30999755859375,415.6199951171875,415.260009765625,415.30999755859375,92.97000122070312,94.51000213623047,91.81999969482422,92.08999633789062,38045,0.0,2.69000244140625,2022,0.0,0.0010837840062425522,-0.019407197397652953,0.016402216973832706
2022-02-18,415.3699951171875,416.0199890136719,415.3699951171875,415.3699951171875,93.54000091552734,94.1500015258789,90.26000213623047,92.9800033569336,42436,0.0,3.8899993896484375,2022,0.00014446451794181137,0.0010837875284038525,0.0061310066402073815,-0.019407197397652953
2022-02-22,415.4800109863281,415.4800109863281,415.3900146484375,415.4800109863281,96.83999633789062,99.44000244140625,92.55999755859375,94.27999877929688,59945,0.0,6.8800048828125,2022,0.0002648623406453776,0.0010819596381929902,0.035278975732995654,0.0061310066402073815
2022-02-23,415.3900146484375,415.8999938964844,415.3900146484375,415.3900146484375,96.83999633789062,98.69999694824219,95.80000305175781,96.62999725341797,33549,0.0,2.899993896484375,2022,-0.0002166081051094837,0.0010845433524643777,0.0,0.035278975732995654
2022-02-24,415.4599914550781,415.6400146484375,415.4599914550781,415.4599914550781,99.08000183105469,105.75,97.48999786376953,97.55999755859375,21282,0.0,8.260002136230469,2022,0.00016846049296548316,0.0010732811257708,0.0231309952279255,0.0
2022-02-25,415.6400146484375,415.6400146484375,414.3900146484375,415.6400146484375,97.93000030517578,101.98999786376953,96.0,99.6500015258789,7025,0.0,5.989997863769531,2022,0.00043331054027340166,0.0010728069274227856,-0.011606797584035378,0.0231309952279255
2022-02-28,415.05999755859375,416.5400085449219,415.0,415.3900146484375,100.98999786376953,104.4800033569336,99.9000015258789,100.4800033569336,38241,-0.33001708984375,4.5800018310546875,2022,-0.0013954794278754346,0.0011047173178829648,0.03124678391767577,-0.011606797584035378
2022-03-01,415.5199890136719,415.5899963378906,415.0,415.5199890136719,104.97000122070312,107.5999984741211,97.69000244140625,98.11000061035156,56428,0.0,9.909996032714844,2022,0.0011082529219481607,0.0011182470918500108,0.03940987663255946,0.03124678391767577
2022-03-02,415.5899963378906,416.5400085449219,415.3699951171875,415.5899963378906,112.93000030517578,115.05000305175781,106.48999786376953,107.54000091552734,59273,0.0,8.560005187988281,2022,0.00016848124294788214,0.001116776880138062,0.07583118026012481,0.03940987663255946
2022-03-03,415.3999938964844,415.4599914550781,415.2300109863281,415.3999938964844,110.45999908447266,119.7699966430664,109.41999816894531,114.25,37420,0.0,10.349998474121094,2022,-0.0004571872352090445,0.0011198725386925145,-0.02187196682925996,0.07583118026012481
2022-03-04,416.2900085449219,417.9100036621094,415.4100036621094,416.2900085449219,118.11000061035156,118.97000122070312,109.61000061035156,110.58000183105469,34984,0.0,9.360000610351562,2022,0.0021425485351820317,0.0011788262359648633,0.0692558536056902,-0.02187196682925996
2022-03-07,417.989990234375,415.4100036621094,414.82000732421875,415.4100036621094,123.20999908447266,137.0,119.06999969482422,121.23999786376953,29504,2.579986572265625,17.93000030517578,2022,0.004083647588360773,0.0013767384207648598,0.04318007321789907,0.0692558536056902
2022-03-08,415.2699890136719,415.3399963378906,414.6099853515625,415.2699890136719,127.9800033569336,133.1300048828125,121.37000274658203,124.25,38358,0.0,11.760002136230469,2022,-0.006507335783753954,0.0018532628090827455,0.038714425029665156,0.04318007321789907
2022-03-09,415.3399963378906,415.6000061035156,414.6000061035156,415.3399963378906,111.13999938964844,131.6300048828125,108.0,129.57000732421875,42740,0.0,23.6300048828125,2022,0.00016858267168551322,0.0018104354375179476,-0.13158308740091784,0.038714425029665156
2022-03-10,415.3399963378906,415.3500061035156,415.3399963378906,415.3399963378906,109.33000183105469,118.33000183105469,108.94999694824219,112.73999786376953,30414,0.0,9.3800048828125,2022,0.0,0.0017797501333355133,-0.01628574382340997,-0.13158308740091784
2022-03-11,415.3399963378906,415.3399963378906,414.7699890136719,415.3399963378906,112.66999816894531,113.87999725341797,107.12999725341797,109.72000122070312,18819,0.0,6.75,2022,0.0,0.001777974627621063,0.030549677873890957,-0.01628574382340997
2022-03-14,415.3399963378906,415.3500061035156,414.8699951171875,415.3399963378906,106.9000015258789,113.04000091552734,103.44999694824219,112.9000015258789,19364,0.0,9.590003967285156,2022,0.0,0.0017766355712201243,-0.05121147365614109,0.030549677873890957
2022-03-15,415.29998779296875,415.45001220703125,414.82000732421875,415.29998779296875,99.91000366210938,106.45999908447266,97.5,106.0,26067,0.0,8.959999084472656,2022,-9.632721451013904e-05,0.0017753045081708397,-0.06538819236665172,-0.05121147365614109
2022-03-16,415.45001220703125,416.1700134277344,415.0,415.45001220703125,98.0199966430664,103.68000030517578,96.94999694824219,99.04000091552734,18514,0.0,6.730003356933594,2022,0.0003612434829574074,0.0017749549368476626,-0.018917094883059704,-0.06538819236665172
2022-03-17,415.4200134277344,415.760009765625,414.1099853515625,415.4200134277344,106.63999938964844,107.56999969482422,97.87999725341797,98.0999984741211,15091,0.0,9.69000244140625,2022,-7.220791530970772e-05,0.0017066500065876925,0.08794126751474218,-0.018917094883059704
2022-03-18,415.760009765625,415.760009765625,414.1300048828125,415.760009765625,107.93000030517578,109.56999969482422,105.80000305175781,107.23999786376953,10489,0.0,3.7699966430664062,2022,0.0008184399569131084,0.0016473152186364246,0.012096782847999199,0.08794126751474218
2022-03-21,415.4200134277344,415.4200134277344,414.3999938964844,415.4200134277344,115.62000274658203,116.7300033569336,107.08999633789062,107.37000274658203,11620,0.0,9.640007019042969,2022,-0.0008177706607287449,0.0016520125381322638,0.07124990660300656,0.012096782847999199
2022-03-22,415.3900146484375,416.5899963378906,414.7300109863281,415.3900146484375,115.4800033569336,119.41999816894531,112.7699966430664,116.8499984741211,14222,0.0,6.650001525878906,2022,-7.221312966931848e-05,0.0016503667669662424,-0.0012108578647528345,0.07124990660300656
2022-03-23,414.94000244140625,415.3900146484375,414.94000244140625,414.94000244140625,121.5999984741211,122.29000091552734,114.41999816894531,114.73999786376953,14286,0.0,7.870002746582031,2022,-0.0010833486390184888,0.0016590994223160756,0.0529961459930981,-0.0012108578647528345
2022-03-24,415.25,415.82000732421875,410.5,414.45001220703125,119.02999877929688,123.69999694824219,116.94999694824219,121.2699966430664,12778,0.79998779296875,6.75,2022,0.0007470900775288225,0.001663638740801302,-0.021134866176590994,0.0529961459930981
2022-03-25,415.25,415.25,415.0,415.25,120.6500015258789,120.87000274658203,115.20999908447266,118.27999877929688,14026,0.0,5.660003662109375,2022,0.0,0.0016605349430558144,0.013610037496394556,-0.021134866176590994
2022-03-28,415.25,415.25,415.0,415.25,112.4800033569336,120.30999755859375,109.05999755859375,120.30999755859375,15212,0.0,11.25,2022,0.0,0.0016591708026155445,-0.06771651940006718,0.013610037496394556
2022-03-29,415.2300109863281,415.25,415.2200012207031,415.2300109863281,110.2300033569336,114.70999908447266,104.9800033569336,109.7300033569336,7152,0.0,9.729995727539062,2022,-4.8137299631267894e-05,0.0016572608821680058,-0.020003555590766275,-0.06771651940006718
2022-03-30,415.25,415.25,415.25,415.25,113.44999694824219,114.6500015258789,110.9000015258789,111.0,4472,0.0,3.75,2022,4.8139616942499686e-05,0.001560958243875828,0.02921158934271273,-0.020003555590766275
2022-03-31,415.25,415.25,415.2200012207031,415.25,107.91000366210938,109.36000061035156,107.37000274658203,108.70999908447266,22850,0.0,1.9899978637695312,2022,0.0,0.001560641177195903,-0.048832026753251045,0.02921158934271273
2022-04-01,415.25,415.25,415.2200012207031,415.25,104.38999938964844,106.19999694824219,102.37000274658203,105.98999786376953,17144,0.0,3.8299942016601562,2022,0.0,0.001560641177195903,-0.032619814224850385,-0.048832026753251045
2022-04-04,415.2200012207031,415.25,415.0,415.2200012207031,107.52999877929688,108.55000305175781,102.91000366210938,104.25,18406,0.0,5.6399993896484375,2022,-7.224269547712048e-05,0.001560433551430565,0.03007950386059499,-0.032619814224850385
2022-04-05,415.2200012207031,415.2300109863281,415.2200012207031,415.2200012207031,106.63999938964844,109.8499984741211,104.55999755859375,108.23999786376953,15613,0.0,5.290000915527344,2022,0.0,0.001559568794703915,-0.0082767543918153,0.03007950386059499
2022-04-06,415.2200012207031,415.2200012207031,415.20001220703125,415.2200012207031,101.06999969482422,108.66000366210938,100.54000091552734,105.79000091552734,20212,0.0,8.120002746582031,2022,0.0,0.0015591270364784292,-0.05223180538919714,-0.0082767543918153
2022-04-07,415.2200012207031,415.25,415.1499938964844,415.2200012207031,100.58000183105469,103.5,98.44999694824219,102.1500015258789,19577,0.0,5.0500030517578125,2022,0.0,0.001558756252458236,-0.004848103940329085,-0.05223180538919714
2022-04-08,415.1499938964844,415.1499938964844,415.1400146484375,415.1499938964844,102.77999877929688,103.25,99.70999908447266,101.69000244140625,16735,0.0,3.5400009155273438,2022,-0.00016860296713294698,0.0015566180528918065,0.02187310507249296,-0.004848103940329085
2022-04-11,415.1499938964844,415.1499938964844,415.1199951171875,415.1499938964844,98.4800033569336,103.08999633789062,97.62000274658203,103.06999969482422,23852,0.0,5.469993591308594,2022,0.0,0.0015353638955867882,-0.041836889214182715,0.02187310507249296
2022-04-12,415.1199951171875,415.1300048828125,414.0899963378906,415.1199951171875,104.63999938964844,105.5999984741211,98.9800033569336,99.25,22697,0.0,6.6199951171875,2022,-7.226009812821843e-05,0.0015212656686216298,0.06255072931291839,-0.041836889214182715
2022-04-13,414.0899963378906,414.1000061035156,414.0799865722656,414.0899963378906,108.77999877929688,109.0,104.06999969482422,104.9800033569336,22260,0.0,4.930000305175781,2022,-0.002481207341039071,0.0015848748241204867,0.03956421458138881,0.06255072931291839
2022-04-14,414.0799865722656,414.1000061035156,414.0299987792969,414.0799865722656,111.69999694824219,112.38999938964844,106.63999938964844,108.37000274658203,17418,0.0,5.75,2022,-2.417292306866603e-05,0.0015836628610769847,0.02684315316889907,0.03956421458138881
2022-04-18,414.0199890136719,414.04998779296875,414.0,414.0199890136719,113.16000366210938,114.81999969482422,110.72000122070312,111.88999938964844,13187,0.0,4.099998474121094,2022,-0.00014489364504288726,0.0015257326915285908,0.01307078562001851,0.02684315316889907
2022-04-19,414.0,414.0199890136719,414.0,414.0,107.25,114.05000305175781,106.7699966430664,112.6500015258789,18972,0.0,7.280006408691406,2022,-4.8280310618542543e-05,0.0012967899760883547,-0.05222696598487553,0.01307078562001851
2022-04-20,414.0,415.0,414.0,414.0,106.80000305175781,108.9800033569336,104.66999816894531,107.72000122070312,15985,0.0,4.310005187988281,2022,0.0,0.0005620485980400488,-0.004195775741185903,-0.05222696598487553
2022-04-21,415.0,415.0799865722656,415.0,415.0,108.33000183105469,109.79000091552734,106.77999877929688,107.01000213623047,13203,0.0,3.0100021362304688,2022,0.0024154589371980784,0.0007253272426667437,0.014325830857470967,-0.004195775741185903
2022-04-22,415.0799865722656,415.0799865722656,415.04998779296875,415.0799865722656,106.6500015258789,108.7300033569336,105.52999877929688,108.63999938964844,11040,0.0,3.2000045776367188,2022,0.00019273872835090522,0.0007264277999009871,-0.015508172037103973,0.014325830857470967
2022-04-25,415.0799865722656,415.0799865722656,414.0799865722656,415.0799865722656,102.31999969482422,105.94999694824219,99.47000122070312,105.73999786376953,15464,0.0,6.4799957275390625,2022,0.0,0.0007264277999009871,-0.040600110352591035,-0.015508172037103973
2022-04-26,414.0799865722656,414.9800109863281,414.07000732421875,414.0799865722656,104.98999786376953,106.1500015258789,101.12000274658203,102.56999969482422,13279,0.0,5.029998779296875,2022,-0.002409174213042653,0.0008471967131422267,0.026094587342736064,-0.040600110352591035
2022-04-27,414.9800109863281,414.9800109863281,414.9200134277344,414.9800109863281,105.31999969482422,106.3499984741211,103.2699966430664,105.37000274658203,8064,0.0,3.0800018310546875,2022,0.0021735520750783,0.0009435078041850261,0.003143173995325599,0.026094587342736064
2022-04-28,414.9200134277344,414.9200134277344,414.8299865722656,414.9200134277344,107.58999633789062,107.93000030517578,103.30000305175781,104.76000213623047,8567,0.0,4.629997253417969,2022,-0.0001445793942005391,0.0009408786114884659,0.02155332937375576,0.003143173995325599
2022-04-29,414.8299865722656,414.8299865722656,414.760009765625,414.8299865722656,109.33999633789062,109.7699966430664,107.6500015258789,107.6500015258789,32573,0.0,2.1199951171875,2022,-0.00021697400114550902,0.0009414093187396452,0.01626545273320823,0.02155332937375576
2022-05-02,414.760009765625,414.7699890136719,414.69000244140625,414.760009765625,107.58000183105469,108.41000366210938,103.12999725341797,106.19999694824219,23606,0.0,5.280006408691406,2022,-0.0001686879177150713,0.000927264002325942,-0.016096529776689183,0.01626545273320823
2022-05-03,414.69000244140625,414.69000244140625,414.67999267578125,414.69000244140625,104.97000122070312,108.30000305175781,104.62000274658203,107.37000274658203,23410,0.0,3.6800003051757812,2022,-0.00016878995701230526,0.0009169681006959764,-0.024261020319095605,-0.016096529776689183
2022-05-04,414.69000244140625,415.0,414.6499938964844,414.69000244140625,110.13999938964844,111.0,105.5,106.0999984741211,21158,0.0,5.5,2022,0.0,0.0009170248802243535,0.049252149269534806,-0.024261020319095605
2022-05-05,414.69000244140625,414.69000244140625,414.6199951171875,414.69000244140625,110.9000015258789,113.98999786376953,109.2300033569336,110.13999938964844,26443,0.0,4.7599945068359375,2022,0.0,0.0008962617213373323,0.006900328131851152,0.049252149269534806
2022-05-06,414.6199951171875,414.69000244140625,414.6199951171875,414.6199951171875,112.38999938964844,113.5199966430664,109.87999725341797,111.1500015258789,23902,0.0,3.6399993896484375,2022,-0.0001688184518715552,0.0008847671043324495,0.013435508054721046,0.006900328131851152
2022-05-09,414.69000244140625,415.0,414.6000061035156,414.69000244140625,105.94000244140625,113.22000122070312,104.94999694824219,113.05000305175781,28134,0.0,8.270004272460938,2022,0.0001688469563532191,0.0008856342700250656,-0.057389420618114695,0.013435508054721046
2022-05-10,414.79998779296875,414.79998779296875,413.8299865722656,414.79998779296875,102.45999908447266,106.91000366210938,101.69999694824219,105.55999755859375,25904,0.0,5.2100067138671875,2022,0.00026522306039455934,0.0008874168565474592,-0.032848813259734766,-0.057389420618114695
2022-05-11,413.8299865722656,413.8299865722656,413.79998779296875,413.8299865722656,107.51000213623047,108.26000213623047,100.93000030517578,101.69999694824219,31560,0.0,7.3300018310546875,2022,-0.0023384793858461927,0.00098199743676928,0.04928755706501975,-0.032848813259734766
2022-05-12,413.8299865722656,415.0,413.8299865722656,413.8299865722656,107.44999694824219,108.69000244140625,104.69000244140625,107.55999755859375,27037,0.0,4.0,2022,0.0,0.0009817658577189333,-0.000558135864533349,0.04928755706501975
2022-05-13,414.8299865722656,414.8299865722656,414.760009765625,414.8299865722656,111.55000305175781,111.69000244140625,107.80999755859375,108.0,25050,0.0,3.8800048828125,2022,0.002416451278175691,0.0010851062827393694,0.03815734034399809,-0.000558135864533349
2022-05-16,414.760009765625,414.760009765625,414.75,414.760009765625,114.23999786376953,114.77999877929688,109.04000091552734,111.41000366210938,20871,0.0,5.739997863769531,2022,-0.0001686879177150713,0.0010853655410488603,0.024114699582424848,0.03815734034399809
2022-05-17,414.75,414.79998779296875,414.75,414.75,111.93000030517578,115.66000366210938,111.12000274658203,114.29000091552734,23254,0.0,4.540000915527344,2022,-2.4133873539722295e-05,0.001085349944511676,-0.0202205672425555,0.024114699582424848
2022-05-18,414.75,414.75,414.67999267578125,414.75,109.11000061035156,114.12999725341797,108.3499984741211,112.88999938964844,21217,0.0,5.779998779296875,2022,0.0,0.001085349944511676,-0.025194315082064933,-0.0202205672425555
2022-05-19,414.67999267578125,414.67999267578125,414.6499938964844,414.67999267578125,112.04000091552734,112.2699966430664,105.69999694824219,109.30000305175781,26098,0.0,6.569999694824219,2022,-0.00016879403066605292,0.0010855880329775015,0.02685363659413098,-0.025194315082064933
2022-05-20,414.6199951171875,414.6199951171875,414.6000061035156,414.6199951171875,112.55000305175781,113.22000122070312,110.54000091552734,111.5,16942,0.0,2.6800003051757812,2022,-0.00014468399646339059,0.0010857126709166794,0.0045519647631473426,0.02685363659413098
2022-05-23,414.6199951171875,415.0,414.5799865722656,414.6199951171875,113.41999816894531,114.36000061035156,111.86000061035156,112.73999786376953,20660,0.0,2.5,2022,0.0,0.0010855012390245757,0.007729854230100974,0.0045519647631473426
2022-05-24,414.5799865722656,414.67999267578125,414.54998779296875,414.5799865722656,113.55999755859375,114.62999725341797,111.72000122070312,113.36000061035156,20941,0.0,2.9099960327148438,2022,-9.649448987758547e-05,0.0010855154235123985,0.0012343448413736358,0.007729854230100974
2022-05-25,414.67999267578125,414.67999267578125,414.6499938964844,414.67999267578125,114.02999877929688,115.31999969482422,113.04000091552734,113.91999816894531,12885,0.0,2.279998779296875,2022,0.00024122269949033992,0.0010867543560004566,0.0041387920993976035,0.0012343448413736358
2022-05-26,414.67999267578125,414.7200012207031,414.67999267578125,414.67999267578125,117.4000015258789,118.0,113.83999633789062,114.44999694824219,11590,0.0,4.160003662109375,2022,0.0,0.0009836771068821336,0.02955365064157034,0.0041387920993976035
2022-05-27,414.7200012207031,414.7200012207031,414.70001220703125,414.7200012207031,119.43000030517578,119.7300033569336,116.68000030517578,117.54000091552734,4384,0.0,3.0500030517578125,2022,9.648052866917389e-05,0.0009836187998017926,0.017291301132133174,0.02955365064157034
2022-05-31,414.7200012207031,414.7200012207031,414.70001220703125,414.7200012207031,122.83999633789062,124.12999725341797,119.36000061035156,119.47000122070312,41020,0.0,4.769996643066406,2022,0.0,0.000982974442906242,0.02855225675292128,0.017291301132133174
2022-06-01,414.70001220703125,414.7200012207031,414.6499938964844,414.70001220703125,116.29000091552734,118.58000183105469,115.43000030517578,116.62999725341797,21546,0.0,3.1500015258789062,2022,-4.819881754691835e-05,0.0009829741426750221,-0.05332135800742366,0.02855225675292128
2022-06-02,414.6499938964844,414.6499938964844,414.5799865722656,414.6499938964844,117.61000061035156,118.44000244140625,112.4800033569336,115.81999969482422,22117,0.0,5.959999084472656,2022,-0.000120613236254008,0.0009834609346417165,0.011350930298668294,-0.05332135800742366
2022-06-03,414.5799865722656,414.6199951171875,414.54998779296875,414.5799865722656,119.72000122070312,121.44000244140625,116.08000183105469,118.26000213623047,11028,0.0,5.3600006103515625,2022,-0.00016883474074336213,0.0008767655458553178,0.017940656401678856,0.011350930298668294
2022-06-06,414.6199951171875,414.6199951171875,414.6199951171875,414.6199951171875,119.51000213623047,121.88999938964844,118.76000213623047,121.3499984741211,16523,0.0,3.1299972534179688,2022,9.650380196268848e-05,0.0008760854957536095,-0.0017540852182712507,0.017940656401678856
2022-06-07,414.6199951171875,414.6300048828125,414.6000061035156,414.6199951171875,120.56999969482422,121.37999725341797,118.55999755859375,120.08000183105469,20488,0.0,2.8199996948242188,2022,0.0,0.0008760854957536095,0.008869530078206012,-0.0017540852182712507
2022-06-08,414.6300048828125,414.6300048828125,414.6199951171875,414.6300048828125,123.58000183105469,124.41000366210938,120.45999908447266,121.02999877929688,21778,0.0,3.9500045776367188,2022,2.4142023401951818e-05,0.0007528201502003771,0.024964768548138894,0.008869530078206012
2022-06-09,414.6300048828125,418.0,414.6199951171875,414.6300048828125,123.06999969482422,124.33000183105469,122.5,123.88999938964844,21008,0.0,1.8300018310546875,2022,0.0,0.0006364541204754997,-0.004126898597458295,0.024964768548138894
2022-06-10,414.6300048828125,414.6300048828125,414.6199951171875,414.6300048828125,122.01000213623047,124.33000183105469,119.87000274658203,122.94000244140625,26036,0.0,4.459999084472656,2022,0.0,0.0006360876594780251,-0.008612964664192924,-0.004126898597458295
2022-06-13,414.6300048828125,414.6300048828125,414.6199951171875,414.6300048828125,122.2699966430664,123.61000061035156,118.94999694824219,121.69000244140625,21136,0.0,4.660003662109375,2022,0.0,0.0006350400385328689,0.002130927811521799,-0.008612964664192924
2022-06-14,414.6300048828125,419.0,414.6300048828125,414.6300048828125,121.16999816894531,125.18000030517578,118.94000244140625,122.5,27702,0.0,6.239997863769531,2022,0.0,0.0006343868192813385,-0.00899647096034717,0.002130927811521799
2022-06-15,419.0,414.7200012207031,414.6300048828125,414.6300048828125,118.51000213623047,121.8499984741211,117.75,121.0,22360,4.3699951171875,4.099998474121094,2022,0.010539505259448356,0.0020267267127643774,-0.021952596128672508,-0.00899647096034717
2022-06-16,414.7200012207031,414.7900085449219,414.70001220703125,414.7200012207031,119.80999755859375,120.27999877929688,115.58000183105469,119.12000274658203,24329,0.0,4.6999969482421875,2022,-0.01021479422266558,0.0027981992880432376,0.010969499611255706,-0.021952596128672508
2022-06-17,414.7900085449219,414.8699951171875,414.7799987792969,414.7900085449219,113.12000274658203,121.25,111.72000122070312,119.33999633789062,26686,0.0,9.529998779296875,2022,0.00016880624038551062,0.0027983561226345697,-0.05583836865316638,0.010969499611255706
2022-06-21,418.989990234375,414.8699951171875,414.75,414.8699951171875,114.6500015258789,116.25,111.56999969482422,113.80000305175781,22868,4.1199951171875,4.680000305175781,2022,0.010125561375469605,0.0033518689507647465,0.013525448569202014,-0.05583836865316638
2022-06-22,414.75,414.7699890136719,414.6400146484375,414.75,111.73999786376953,114.56999969482422,107.02999877929688,114.56999969482422,33112,0.0,7.540000915527344,2022,-0.010119550187829618,0.003859463292365638,-0.025381627766071335,0.013525448569202014
2022-06-23,414.6400146484375,414.6400146484375,414.5899963378906,414.6400146484375,110.05000305175781,112.69000244140625,108.11000061035156,110.22000122070312,21806,0.0,4.5800018310546875,2022,-0.0002651846933393598,0.003859478275727916,-0.015124349779137458,-0.025381627766071335
2022-06-24,414.5899963378906,419.0,414.489990234375,414.5899963378906,113.12000274658203,113.98999786376953,109.2699966430664,109.80999755859375,13431,0.0,4.720001220703125,2022,-0.00012063068874157423,0.003834412291355935,0.027896407175748594,-0.015124349779137458
2022-06-27,414.489990234375,419.0,414.489990234375,414.489990234375,115.08999633789062,116.04000091552734,111.25,112.45999908447266,11252,0.0,4.790000915527344,2022,-0.00024121687546485582,0.00383481327312125,0.01741507729381775,0.027896407175748594
2022-06-28,414.5,414.6400146484375,414.5,414.5,117.9800033569336,118.23999786376953,115.4000015258789,115.83999633789062,6673,0.0,2.839996337890625,2022,2.414959555308016e-05,0.003808913041091565,0.02511084465202562,0.01741507729381775
2022-06-29,414.6400146484375,414.6400146484375,414.6000061035156,414.6400146484375,116.26000213623047,120.37999725341797,115.41000366210938,117.95999908447266,4346,0.0,4.969993591308594,2022,0.00033779167294922807,0.0038093514822149675,-0.014578752091568226,0.02511084465202562
2022-06-30,414.6000061035156,414.7699890136719,414.5799865722656,414.6000061035156,114.80999755859375,116.33000183105469,114.80999755859375,116.04000091552734,24733,0.0,1.5200042724609375,2022,-9.648983095811303e-05,0.0038093884709404623,-0.012472084560411711,-0.014578752091568226
2022-07-01,414.7699890136719,414.7699890136719,414.75,414.7699890136719,111.62999725341797,112.41999816894531,108.01000213623047,109.45999908447266,17090,0.0,4.409996032714844,2022,0.00040999254137452645,0.0038101425531490156,-0.027697938966968927,-0.012472084560411711
2022-07-05,414.7699890136719,414.79998779296875,414.75,414.7699890136719,102.7699966430664,114.69000244140625,101.11000061035156,111.61000061035156,43356,0.0,13.580001831054688,2022,0.0,0.003809996153719012,-0.07936935257857203,-0.027697938966968927
2022-07-06,414.79998779296875,425.0,414.79998779296875,414.79998779296875,100.69000244140625,105.80000305175781,98.51000213623047,104.0,28820,0.0,7.290000915527344,2022,7.232630154407893e-05,0.0038098900048830773,-0.020239313706355788,-0.07936935257857203
2022-07-07,414.8299865722656,425.0,414.760009765625,414.8299865722656,104.6500015258789,106.3499984741211,98.47000122070312,99.95999908447266,22837,0.0,7.879997253417969,2022,7.232107082866257e-05,0.0038098988236698024,0.03932862239006374,-0.020239313706355788
2022-07-08,414.760009765625,414.8299865722656,414.75,414.760009765625,107.0199966430664,107.44999694824219,103.75,104.48999786376953,20610,0.0,3.6999969482421875,2022,-0.0001686879177150713,0.0038100002846841487,0.022646871310378458,0.03932862239006374
2022-07-11,414.8299865722656,414.8500061035156,414.8299865722656,414.8299865722656,107.0999984741211,107.66000366210938,103.66000366210938,106.76000213623047,17691,0.0,4.0,2022,0.00016871637812942986,0.003809879083716243,0.0007475409602328842,0.022646871310378458
2022-07-12,414.8299865722656,414.8299865722656,414.82000732421875,414.8299865722656,99.48999786376953,106.51000213623047,98.91000366210938,106.2300033569336,22827,0.0,7.599998474121094,2022,0.0,0.003809879083716243,-0.07105509541338029,0.0007475409602328842
2022-07-13,414.82000732421875,425.0,414.82000732421875,414.82000732421875,99.56999969482422,101.19999694824219,97.30000305175781,99.30999755859375,22358,0.0,3.899993896484375,2022,-2.405623597590001e-05,0.00380985819034961,0.0008041193363399479,-0.07105509541338029
2022-07-14,414.8299865722656,414.8299865722656,414.82000732421875,414.8299865722656,99.0999984741211,100.37000274658203,94.5,99.8499984741211,27515,0.0,5.870002746582031,2022,2.4056814692308137e-05,0.003809857444710755,-0.004720309552512347,0.0008041193363399479
2022-07-15,414.8299865722656,414.8999938964844,414.82000732421875,414.8299865722656,101.16000366210938,102.62000274658203,98.20999908447266,99.5999984741211,19146,0.0,4.410003662109375,2022,0.0,0.0038098396648493116,0.020787136424893493,-0.004720309552512347
2022-07-18,414.8999938964844,425.0,414.8999938964844,414.8999938964844,106.2699966430664,106.47000122070312,99.4800033569336,100.91999816894531,20217,0.0,6.989997863769531,2022,0.00016876148418587533,0.003809844354989637,0.0505139659546201,0.020787136424893493
2022-07-19,414.8999938964844,414.9200134277344,414.8999938964844,414.8999938964844,107.3499984741211,107.5999984741211,103.58999633789062,105.58999633789062,21900,0.0,4.010002136230469,2022,0.0,0.0038096696297801208,0.010162810437287728,0.0505139659546201
2022-07-20,414.8999938964844,414.9200134277344,414.8999938964844,414.8999938964844,106.91999816894531,107.43000030517578,105.08999633789062,107.1500015258789,23989,0.0,2.3400039672851562,2022,0.0,0.003809654670174365,-0.004005592093971444,0.010162810437287728
2022-07-21,414.8999938964844,414.9200134277344,414.8999938964844,414.8999938964844,103.86000061035156,106.80000305175781,101.5199966430664,106.79000091552734,26598,0.0,5.280006408691406,2022,0.0,0.003809654670174365,-0.02861950627569798,-0.004005592093971444
2022-07-22,414.8999938964844,414.9200134277344,414.2200012207031,414.8999938964844,103.19999694824219,105.68000030517578,101.91000366210938,104.25,17586,0.0,3.7699966430664062,2022,0.0,0.003809658394608544,-0.006354743483831582,-0.02861950627569798
2022-07-25,414.2200012207031,425.0,414.20001220703125,414.2200012207031,105.1500015258789,105.3499984741211,101.66999816894531,103.44000244140625,14999,0.0,3.6800003051757812,2022,-0.0016389315155085349,0.003821816192939616,0.01889539375291549,-0.006354743483831582
2022-07-26,414.75,414.75,414.70001220703125,414.75,104.4000015258789,107.3499984741211,103.9800033569336,104.80999755859375,20242,0.0,3.3699951171875,2022,0.0012795103513469908,0.0038292476635331564,-0.0071326675141836215,0.01889539375291549
2022-07-27,414.75,415.1400146484375,414.739990234375,414.75,106.62000274658203,107.80000305175781,103.72000122070312,104.77999877929688,11024,0.0,4.0800018310546875,2022,0.0,0.0038292476635331564,0.021264379197856842,-0.0071326675141836215
2022-07-28,415.1400146484375,415.1499938964844,414.9599914550781,415.1400146484375,107.13999938964844,108.9800033569336,105.95999908447266,107.48999786376953,6831,0.0,3.0200042724609375,2022,0.0009403608160036825,0.0038329529755290826,0.0048771021353501975,0.021264379197856842
2022-07-29,414.9599914550781,415.3699951171875,414.95001220703125,414.9599914550781,110.01000213623047,110.43000030517578,108.02999877929688,108.05000305175781,24476,0.0,2.4000015258789062,2022,-0.0004336445223470653,0.003281098712221625,0.026787406784877454,0.0048771021353501975
2022-08-01,415.3699951171875,415.67999267578125,415.3500061035156,415.3699951171875,100.02999877929688,104.37000274658203,99.0999984741211,103.87000274658203,25670,0.0,5.2700042724609375,2022,0.000988055886235406,0.0027023080255373314,-0.09071905429630744,0.026787406784877454
2022-08-02,415.67999267578125,415.8999938964844,415.6499938964844,415.67999267578125,100.54000091552734,102.41000366210938,98.47000122070312,100.0,17357,0.0,3.94000244140625,2022,0.0007463166869006166,0.0027051967434027413,0.005098491876978972,-0.09071905429630744
2022-08-03,415.8999938964844,416.19000244140625,415.8800048828125,415.8999938964844,96.77999877929688,102.37000274658203,96.4800033569336,99.63999938964844,22263,0.0,5.8899993896484375,2022,0.00052925621771438,0.0019329022358658896,-0.03739807143417062,0.005098491876978972
2022-08-04,416.19000244140625,416.69000244140625,416.17999267578125,416.19000244140625,94.12000274658203,97.62999725341797,93.1500015258789,97.01000213623047,21011,0.0,4.4799957275390625,2022,0.0006973035565709385,0.0005194807265400309,-0.027484976919465165,-0.03739807143417062
2022-08-05,416.69000244140625,417.07000732421875,416.67999267578125,416.69000244140625,94.91999816894531,96.4000015258789,92.75,93.58999633789062,16576,0.0,3.6500015258789062,2022,0.0012013743652345976,0.0005504844030026724,0.008499738621101205,-0.027484976919465165
2022-08-08,417.07000732421875,425.0,417.04998779296875,417.07000732421875,96.6500015258789,96.7300033569336,92.98999786376953,94.2699966430664,17288,0.0,3.7400054931640625,2022,0.0009119606436105432,0.0005641503540569102,0.018225910138076618,0.008499738621101205
2022-08-09,417.4700012207031,417.4700012207031,417.45001220703125,417.4700012207031,96.30999755859375,98.38999938964844,94.91000366210938,96.54000091552734,20553,0.0,3.4799957275390625,2022,0.0009590569675594907,0.0005743253505232046,-0.003517888897230037,0.018225910138076618
2022-08-10,417.4700012207031,418.19000244140625,417.45001220703125,417.4700012207031,97.4000015258789,97.9800033569336,93.61000061035156,96.45999908447266,29520,0.0,4.370002746582031,2022,0.0,0.0005746536798177999,0.011317661664584922,-0.003517888897230037
2022-08-11,418.19000244140625,418.3699951171875,418.19000244140625,418.19000244140625,99.5999984741211,100.16000366210938,96.6500015258789,97.2699966430664,20958,0.0,3.5100021362304688,2022,0.0017246777459405394,0.0006355074303501974,0.022587237307770014,0.011317661664584922
2022-08-12,418.3699951171875,418.7200012207031,418.3500061035156,418.3699951171875,98.1500015258789,100.3499984741211,96.94000244140625,99.29000091552734,20095,0.0,3.4099960327148438,2022,0.00043040884461720275,0.0006318882545022341,-0.014558202514620922,0.022587237307770014
2022-08-15,418.7200012207031,425.0,418.70001220703125,418.7200012207031,95.0999984741211,98.04000091552734,92.72000122070312,97.76000213623047,20714,0.0,5.319999694824219,2022,0.0008365946592743256,0.000639161291129224,-0.03107491598921297,-0.014558202514620922
2022-08-16,418.8900146484375,418.8900146484375,418.8800048828125,418.8900146484375,92.33999633789062,95.94999694824219,91.72000122070312,93.63999938964844,22549,0.0,4.2299957275390625,2022,0.0004060313031111207,0.0006365284738991378,-0.029022104947578176,-0.03107491598921297
2022-08-17,418.8900146484375,419.9599914550781,418.8800048828125,418.8900146484375,93.6500015258789,94.45999908447266,91.5199966430664,92.7699966430664,21011,0.0,2.94000244140625,2022,0.0,0.0006376729422287813,0.01418675806737868,-0.029022104947578176
2022-08-18,419.9599914550781,419.9599914550781,419.0,419.9599914550781,96.58999633789062,97.41000366210938,93.05000305175781,93.18000030517578,21327,0.0,4.3600006103515625,2022,0.002554314424368931,0.0007538713695695798,0.031393430476339024,0.01418675806737868
2022-08-19,419.8299865722656,419.8299865722656,419.79998779296875,419.8299865722656,96.72000122070312,97.87000274658203,94.25,96.62999725341797,22212,0.0,3.6200027465820312,2022,-0.0003095649239396314,0.0007580279573299684,0.0013459456231650346,0.031393430476339024
2022-08-22,419.8299865722656,420.3999938964844,419.79998779296875,419.8299865722656,96.4800033569336,97.25,92.36000061035156,95.66000366210938,26974,0.0,4.8899993896484375,2022,0.0,0.0007604660577330604,-0.0024813674600963065,0.0013459456231650346
2022-08-23,420.3999938964844,425.0,420.3999938964844,420.3999938964844,100.22000122070312,100.44999694824219,96.51000213623047,96.58000183105469,22624,0.0,3.9399948120117188,2022,0.0013577098884065553,0.0007760965713554573,0.038764487288968974,-0.0024813674600963065
2022-08-24,420.7099914550781,421.0799865722656,420.70001220703125,420.7099914550781,101.22000122070312,102.0,99.06999969482422,100.16000366210938,24490,0.0,2.9300003051757812,2022,0.0007373871624509754,0.0007726716612546871,0.009978048172218701,0.038764487288968974
2022-08-25,421.0799865722656,421.3900146484375,421.04998779296875,421.0799865722656,99.33999633789062,102.47000122070312,99.12000274658203,101.5999984741211,20704,0.0,3.3499984741210938,2022,0.0008794540769232473,0.0007714159270435285,-0.018573452481128516,0.009978048172218701
2022-08-26,421.3900146484375,421.70001220703125,421.3500061035156,421.3900146484375,100.98999786376953,101.16999816894531,98.13999938964844,99.87999725341797,14241,0.0,3.029998779296875,2022,0.0007362688469134682,0.000766694567027024,0.016609639487670913,-0.018573452481128516
2022-08-29,421.70001220703125,421.70001220703125,421.70001220703125,421.70001220703125,105.08999633789062,105.4800033569336,100.29000091552734,100.83000183105469,6048,0.0,5.19000244140625,2022,0.0007356547327121987,0.0007646351956022969,0.040598064767283004,0.016609639487670913
2022-08-30,421.70001220703125,422.3800048828125,419.0,421.70001220703125,99.30999755859375,105.37000274658203,97.66999816894531,105.0,7116,0.0,7.700004577636719,2022,0.0,0.0007646351956022969,-0.05500046608349607,0.040598064767283004
2022-08-31,422.3800048828125,422.3800048828125,421.3800048828125,422.3800048828125,96.48999786376953,100.30000305175781,95.76000213623047,99.70999908447266,24672,0.0,4.540000915527344,2022,0.001612503334354587,0.0007816837783016845,-0.028395929555434685,-0.05500046608349607
2022-09-01,421.3800048828125,422.4800109863281,421.3500061035156,421.3800048828125,92.36000061035156,95.66000366210938,91.80999755859375,94.77999877929688,22870,0.0,3.850006103515625,2022,-0.002367536314313523,0.0009461477606624826,-0.04280233542184286,-0.028395929555434685
2022-09-02,422.4599914550781,422.9200134277344,422.45001220703125,422.4599914550781,93.0199966430664,95.31999969482422,92.0,92.0,22869,0.0,3.3199996948242188,2022,0.0025629753660616483,0.0010113095620237064,0.007145907626172843,-0.04280233542184286
2022-09-06,435.0,425.2799987792969,422.8999938964844,422.9200134277344,92.83000183105469,96.98999786376953,92.27999877929688,93.08999633789062,34757,12.079986572265625,4.709999084472656,2022,0.02968330445145906,0.005374335146906328,-0.0020425157908869895,0.007145907626172843
2022-09-07,425.2799987792969,425.6099853515625,425.25,425.2799987792969,88.0,93.79000091552734,87.4000015258789,92.80000305175781,28966,0.0,6.3899993896484375,2022,-0.022344830392420967,0.006934357066913831,-0.052030612256638964,-0.0020425157908869895
2022-09-08,425.6099853515625,426.42999267578125,425.54998779296875,425.6099853515625,89.1500015258789,89.83000183105469,87.2300033569336,87.63999938964844,21562,0.0,2.5999984741210938,2022,0.0007759277963055311,0.0069324887360556935,0.013068199157714844,-0.052030612256638964
2022-09-09,426.42999267578125,426.760009765625,426.42999267578125,426.42999267578125,92.83999633789062,93.0999984741211,88.31999969482422,88.45999908447266,22448,0.0,4.779998779296875,2022,0.0019266637354418137,0.006935098356856565,0.04139085528720465,0.013068199157714844
2022-09-12,426.760009765625,435.0,426.760009765625,426.760009765625,94.0,95.16999816894531,91.20999908447266,92.30000305175781,22758,0.0,3.9599990844726562,2022,0.0007739068440588692,0.006930486106512727,0.01249465432858865,0.04139085528720465
2022-09-13,427.1000061035156,427.510009765625,427.1000061035156,427.1000061035156,93.16999816894531,95.51000213623047,91.06999969482422,94.20999908447266,27762,0.0,4.44000244140625,2022,0.0007966921222946066,0.006930545718528764,-0.008829806713347765,0.01249465432858865
2022-09-14,427.510009765625,435.0,427.510009765625,427.510009765625,94.0999984741211,95.80999755859375,91.94999694824219,93.48999786376953,30880,0.0,3.8600006103515625,2022,0.0009599710986891719,0.006930437064352704,0.009981757255049128,-0.008829806713347765
2022-09-15,427.80999755859375,428.1099853515625,427.79998779296875,427.80999755859375,90.83999633789062,94.6500015258789,90.05000305175781,94.43000030517578,29483,0.0,4.599998474121094,2022,0.0007017094012213843,0.006930139909294537,-0.03464401901267855,0.009981757255049128
2022-09-16,428.1099853515625,435.0,428.1099853515625,428.1099853515625,91.3499984741211,92.63999938964844,90.22000122070312,90.6500015258789,20652,0.0,2.4199981689453125,2022,0.0007012173504141739,0.00693013473952074,0.005614290585541859,-0.03464401901267855
2022-09-19,428.3800048828125,435.0,428.3800048828125,428.3800048828125,92.0,92.58000183105469,88.4800033569336,91.6500015258789,17627,0.0,4.099998474121094,2022,0.0006307246747077055,0.006930246140791688,0.007115506696620866,0.005614290585541859
2022-09-20,428.67999267578125,429.010009765625,428.6499938964844,428.67999267578125,90.62000274658203,93.0199966430664,89.80000305175781,91.97000122070312,24688,0.0,3.2199935913085938,2022,0.0007002843026038263,0.0069303895082916235,-0.01499997014584753,0.007115506696620866
2022-09-21,429.010009765625,429.3699951171875,429.010009765625,429.010009765625,89.83000183105469,93.51000213623047,89.30000305175781,90.69000244140625,27621,0.0,4.209999084472656,2022,0.0007698448620936382,0.006930456456186026,-0.008717732195799743,-0.01499997014584753
2022-09-22,429.3699951171875,429.7099914550781,429.3500061035156,429.3699951171875,90.45999908447266,92.80000305175781,89.29000091552734,89.91999816894531,22375,0.0,3.5100021362304688,2022,0.0008391071149111973,0.006928256538648782,0.007013216526509991,-0.008717732195799743
2022-09-23,429.7099914550781,430.0899963378906,429.7099914550781,429.7099914550781,86.1500015258789,90.70999908447266,85.45999908447266,90.3499984741211,18951,0.0,5.25,2022,0.0007918493182035302,0.0069268011907961625,-0.04764534161192091,0.007013216526509991
2022-09-26,430.04998779296875,435.0,430.04998779296875,430.04998779296875,84.05999755859375,87.66000366210938,83.62999725341797,86.72000122070312,14034,0.0,4.030006408691406,2022,0.0007912227889776968,0.006926218331735866,-0.024260057228871146,-0.04764534161192091
2022-09-27,430.4800109863281,430.8299865722656,430.4800109863281,430.4800109863281,86.2699966430664,87.12999725341797,83.91000366210938,83.91000366210938,10008,0.0,3.2199935913085938,2022,0.0009999376946068228,0.0069261973758006235,0.02629073457838471,-0.024260057228871146
2022-09-28,430.8299865722656,430.8299865722656,430.79998779296875,430.8299865722656,89.31999969482422,89.48999786376953,84.2699966430664,85.83000183105469,9937,0.0,5.220001220703125,2022,0.0008129891679189427,0.0069255003082311665,0.035354157533781905,0.02629073457838471
2022-09-29,430.8299865722656,435.0,430.8299865722656,430.8299865722656,88.48999786376953,90.0999984741211,87.44999694824219,88.94999694824219,7456,0.0,2.6500015258789062,2022,0.0,0.0069255003082311665,-0.009292452237914417,0.035354157533781905
2022-09-30,431.5400085449219,431.8699951171875,431.5199890136719,431.5400085449219,87.95999908447266,89.5199966430664,87.8499984741211,88.55999755859375,33026,0.0,1.6699981689453125,2022,0.0016480328546888412,0.006920282132401151,-0.005989363680546256,-0.009292452237914417
2022-10-03,431.8699951171875,431.8699951171875,431.8500061035156,431.8699951171875,88.86000061035156,89.83000183105469,86.51000213623047,86.51000213623047,38251,0.0,3.3199996948242188,2022,0.0007646720251461847,0.006916424581908393,0.010231941055554028,-0.005989363680546256
2022-10-04,431.8500061035156,435.0,431.8500061035156,431.8500061035156,91.80000305175781,92.38999938964844,88.69000244140625,88.88999938964844,38971,0.0,3.6999969482421875,2022,-4.6284793798756496e-05,0.006916652635550264,0.033085780117176444,0.010231941055554028
2022-10-05,431.8699951171875,431.8699951171875,413.8800048828125,431.8699951171875,93.37000274658203,93.97000122070312,90.9000015258789,91.6500015258789,39563,0.0,3.0699996948242188,2022,4.6286936180139904e-05,0.006918225011558173,0.01710239262126212,0.033085780117176444
2022-10-06,413.8800048828125,432.8999938964844,431.8500061035156,431.8699951171875,94.41999816894531,95.01000213623047,92.7300033569336,93.83000183105469,26200,-17.989990234375,2.279998779296875,2022,-0.04165603176366406,0.010406940701683718,0.011245532735102204,0.01710239262126212
2022-10-07,432.8999938964844,433.2200012207031,432.8999938964844,432.8999938964844,97.91999816894531,98.58999633789062,93.93000030517578,94.98999786376953,36871,0.0,4.659996032714844,2022,0.0459553222897473,0.013427472621039882,0.03706841842696784,0.011245532735102204
2022-10-10,433.2200012207031,433.7799987792969,433.2200012207031,433.2200012207031,96.19000244140625,98.76000213623047,95.62000274658203,98.69999694824219,24699,0.0,3.1399993896484375,2022,0.0007392176685852014,0.013427470558320626,-0.017667440358344666,0.03706841842696784
2022-10-11,433.7799987792969,435.0,433.75,433.7799987792969,94.29000091552734,96.44999694824219,93.11000061035156,96.1500015258789,31431,0.0,3.339996337890625,2022,0.0012926401297628232,0.013427462958018556,-0.01975258839437377,-0.017667440358344666
2022-10-12,433.7799987792969,441.0,433.7699890136719,433.7799987792969,92.44999694824219,95.16999816894531,91.58000183105469,93.69000244140625,29821,0.0,3.589996337890625,2022,0.0,0.013427462958018556,-0.019514306389004976,-0.01975258839437377
2022-10-13,434.2699890136719,435.0,434.25,434.2699890136719,94.56999969482422,94.9000015258789,91.08999633789062,92.47000122070312,32826,0.0,3.8100051879882812,2022,0.0011295823591541687,0.013427028457607364,0.022931344689701927,-0.019514306389004976
2022-10-14,434.70001220703125,434.70001220703125,434.67999267578125,434.70001220703125,91.62999725341797,95.11000061035156,91.2699966430664,94.75,29344,0.0,3.8400039672851562,2022,0.000990220840118461,0.013411866530603538,-0.031088108817739157,0.022931344689701927
2022-10-17,434.67999267578125,440.0,434.67999267578125,434.67999267578125,91.62000274658203,93.2300033569336,90.83999633789062,91.70999908447266,23783,0.0,2.3900070190429688,2022,-4.605367077947786e-05,0.013410676664878182,-0.00010907461677966968,-0.031088108817739157
2022-10-18,435.05999755859375,435.8500061035156,435.04998779296875,435.05999755859375,90.02999877929688,92.6500015258789,88.7699966430664,92.0199966430664,40941,0.0,3.8800048828125,2022,0.0008742175605398472,0.012271815641063619,-0.017354332237721648,-0.00010907461677966968
2022-10-19,435.8500061035156,435.9800109863281,435.82000732421875,435.8500061035156,92.41000366210938,92.83999633789062,89.37999725341797,90.79000091552734,43364,0.0,3.4599990844726562,2022,0.0018158611441068118,0.01151930754940455,0.026435687160753396,-0.017354332237721648
2022-10-20,435.9800109863281,436.1099853515625,435.9800109863281,435.9800109863281,92.37999725341797,94.7699966430664,91.91999816894531,92.51000213623047,40748,0.0,2.8499984741210938,2022,0.00029827895145562167,0.011519790240613875,-0.0003247095282142842,0.026435687160753396
2022-10-21,436.1099853515625,436.2799987792969,436.1099853515625,436.1099853515625,93.5,93.80000305175781,91.0199966430664,92.79000091552734,26861,0.0,2.7800064086914062,2022,0.00029812000999851485,0.011518460327179228,0.012123866420017615,-0.0003247095282142842
2022-10-24,436.1000061035156,440.0,436.1000061035156,436.1000061035156,93.26000213623047,94.44000244140625,91.20999908447266,93.61000061035156,28074,0.0,3.2300033569335938,2022,-2.2882411277125314e-05,0.01151947085600348,-0.0025668220724014423,0.012123866420017615
2022-10-25,436.5,436.67999267578125,436.5,436.5,93.5199966430664,94.37000274658203,91.62999725341797,93.55999755859375,22553,0.0,2.7400054931640625,2022,0.0009172068123965982,0.01151949576566222,0.00278784581686109,-0.0025668220724014423
2022-10-26,436.67999267578125,436.67999267578125,436.54998779296875,436.67999267578125,95.69000244140625,96.19000244140625,92.04000091552734,93.25,15637,0.0,4.150001525878906,2022,0.0004123543545961894,0.011519650869083253,0.02320365564834237,0.00278784581686109
2022-10-27,436.54998779296875,437.1600036621094,436.5,436.54998779296875,96.95999908447266,97.27999877929688,95.08000183105469,96.16000366210938,14677,0.0,2.1999969482421875,2022,-0.0002977120202276584,0.011521305132533048,0.01327198882499836,0.02320365564834237
2022-10-28,437.1600036621094,437.5,437.1600036621094,437.1600036621094,95.7699966430664,96.88999938964844,95.0,96.77999877929688,12135,0.0,1.8899993896484375,2022,0.0013973562849574073,0.01152192880201793,-0.012273127605637701,0.01327198882499836
2022-10-31,437.5,440.0,437.5,437.5,94.83000183105469,96.0,94.31999969482422,96.0,23096,0.0,1.6800003051757812,2022,0.0007777388943235319,0.011521902506841885,-0.009815128380082028,-0.012273127605637701
2022-11-01,437.8500061035156,442.0,437.8500061035156,437.8500061035156,94.6500015258789,95.55000305175781,92.36000061035156,92.80000305175781,21355,0.0,3.19000244140625,2022,0.0008000139508927973,0.011521897146593298,-0.0018981366835409963,-0.009815128380082028
2022-11-02,438.0199890136719,438.3699951171875,438.0199890136719,438.0199890136719,96.16000366210938,96.47000122070312,93.98999786376953,94.66999816894531,28689,0.0,2.4800033569335938,2022,0.000388221783228726,0.011522107725314054,0.015953535255016416,-0.0018981366835409963
2022-11-03,438.3699951171875,438.6700134277344,438.3699951171875,438.3699951171875,94.66999816894531,95.94000244140625,94.16000366210938,95.66000366210938,21292,0.0,1.779998779296875,2022,0.000799064226050028,0.011522100211032515,-0.015495064854611496,0.015953535255016416
2022-11-04,438.6700134277344,438.8800048828125,438.6700134277344,438.6700134277344,98.56999969482422,98.81999969482422,94.33999633789062,94.4800033569336,31256,0.0,4.480003356933594,2022,0.0006843951773356505,0.011522105292571793,0.04119574945928561,-0.015495064854611496
2022-11-07,438.8800048828125,442.0,438.8800048828125,438.8800048828125,97.91999816894531,99.55999755859375,96.69999694824219,97.77999877929688,22568,0.0,2.8600006103515625,2022,0.0004787002727568712,0.011522210010972622,-0.006594313968665277,0.04119574945928561
2022-11-08,439.260009765625,442.0,439.260009765625,439.260009765625,95.36000061035156,98.2699966430664,94.9800033569336,98.0,28901,0.0,3.2899932861328125,2022,0.000865851436804288,0.011522132397099033,-0.02614376640588656,-0.006594313968665277
2022-11-09,439.5299987792969,439.7900085449219,438.8800048828125,439.5299987792969,92.6500015258789,95.69000244140625,92.30000305175781,95.01000213623047,26729,0.0,3.3899993896484375,2022,0.0006146451023756327,0.011522144342039995,-0.028418614378432405,-0.02614376640588656
2022-11-10,439.7900085449219,442.0,439.7900085449219,439.7900085449219,93.66999816894531,94.30999755859375,91.69000244140625,92.54000091552734,31486,0.0,2.6199951171875,2022,0.0005915631841901803,0.011521356999260948,0.011009137898195354,-0.028418614378432405
2022-11-11,440.1300048828125,443.0,440.1300048828125,440.1300048828125,95.98999786376953,96.91999816894531,93.2699966430664,93.2699966430664,23629,0.0,3.6500015258789062,2022,0.0007730879085123821,0.011520113620009776,0.024767799083755815,0.011009137898195354
2022-11-14,440.4599914550781,443.0,440.4599914550781,440.4599914550781,93.13999938964844,96.91999816894531,92.48999786376953,95.97000122070312,22959,0.0,4.430000305175781,2022,0.0007497479576596966,0.011520111999756617,-0.02969057753460791,0.024767799083755815
2022-11-15,440.8299865722656,441.19000244140625,440.8299865722656,440.8299865722656,93.86000061035156,95.75,91.52999877929688,92.52999877929688,30904,0.0,4.220001220703125,2022,0.0008400198073954535,0.011519213690021405,0.007730311632180964,-0.02969057753460791
2022-11-16,441.19000244140625,442.0,441.19000244140625,441.19000244140625,92.86000061035156,94.77999877929688,91.68000030517578,93.76000213623047,22376,0.0,3.0999984741210938,2022,0.0008166773588611509,0.011518448958902762,-0.0106541657095377,0.007730311632180964
2022-11-17,441.19000244140625,441.8500061035156,441.19000244140625,441.19000244140625,89.77999877929688,92.87999725341797,89.54000091552734,92.80000305175781,29012,0.0,3.339996337890625,2022,0.0,0.008283461918073607,-0.03316822970935174,-0.0106541657095377
2022-11-18,441.8500061035156,442.1600036621094,441.8500061035156,441.8500061035156,87.62000274658203,90.61000061035156,85.79000091552734,89.9800033569336,34614,0.0,4.819999694824219,2022,0.0014959624163219942,0.0004833407378991153,-0.024058766563638367,-0.03316822970935174
2022-11-21,442.1600036621094,442.489990234375,442.0,442.1600036621094,87.44999694824219,88.04000091552734,82.31999969482422,87.80000305175781,39835,0.0,5.720001220703125,2022,0.0007015900289952803,0.0004832372115136711,-0.0019402624173791017,-0.024058766563638367
2022-11-22,442.489990234375,443.0,442.0,442.489990234375,88.36000061035156,89.87999725341797,87.37000274658203,87.6500015258789,23782,0.0,2.5099945068359375,2022,0.0007463057932255435,0.00046949993010303426,0.010405988494750495,-0.0019402624173791017
2022-11-23,442.6300048828125,442.79998779296875,442.6300048828125,442.6300048828125,85.41000366210938,89.54000091552734,84.12000274658203,88.41000366210938,27071,0.0,5.4199981689453125,2022,0.0003164244424225249,0.0004574924391370126,-0.033386112809698054,0.010405988494750495
2022-11-25,442.95001220703125,443.04998779296875,442.760009765625,442.95001220703125,83.62999725341797,86.9000015258789,83.55999755859375,84.94000244140625,12021,0.0,3.3400039672851562,2022,0.0007229679883620221,0.00044946894716594215,-0.020840725118491887,-0.033386112809698054
2022-11-28,442.760009765625,443.3699951171875,442.760009765625,442.760009765625,83.19000244140625,84.05000305175781,80.63999938964844,83.80000305175781,12583,0.0,3.410003662109375,2022,-0.0004289478184220652,0.0004866588921965313,-0.0052612080170041375,-0.020840725118491887
2022-11-29,443.3699951171875,443.44000244140625,443.3699951171875,443.3699951171875,83.02999877929688,86.0,82.19000244140625,82.33000183105469,12182,0.0,3.80999755859375,2022,0.0013776884499694386,0.0004896153836077517,-0.0019233520544980065,-0.0052612080170041375
2022-11-30,443.44000244140625,443.44000244140625,443.44000244140625,443.44000244140625,85.43000030517578,85.81999969482422,83.51000213623047,83.58000183105469,23710,0.0,2.30999755859375,2022,0.00015789820012579447,0.0004962376575672724,0.028905233784940476,-0.0019233520544980065
2022-12-01,443.44000244140625,443.45001220703125,443.44000244140625,443.44000244140625,86.87999725341797,89.41000366210938,86.25,86.5999984741211,23123,0.0,3.160003662109375,2022,0.0,0.00045655407812159206,0.016972924535437972,0.028905233784940476
2022-12-02,443.45001220703125,443.6700134277344,443.45001220703125,443.45001220703125,85.56999969482422,87.88999938964844,85.19000244140625,87.12999725341797,23562,0.0,2.6999969482421875,2022,2.2572987483870932e-05,0.00046502817954557316,-0.015078241252386881,0.016972924535437972
2022-12-05,443.6700134277344,444.0400085449219,443.0,443.6700134277344,82.68000030517578,88.43000030517578,82.54000091552734,85.5199966430664,25039,0.0,5.8899993896484375,2022,0.0004961127853129188,0.00046248516518368054,-0.03377351174424792,-0.015078241252386881
2022-12-06,444.0400085449219,444.0400085449219,444.0400085449219,444.0400085449219,79.3499984741211,83.66999816894531,78.70999908447266,83.08999633789062,26680,0.0,4.959999084472656,2022,0.000833942132642651,0.0004507144689520636,-0.04027578397149845,-0.03377351174424792
2022-12-07,444.30999755859375,444.4200134277344,443.0,444.30999755859375,77.16999816894531,80.4800033569336,76.94000244140625,79.79000091552734,26919,0.0,3.5400009155273438,2022,0.0006080285750751369,0.0004467692780265103,-0.027473224286031384,-0.04027578397149845
2022-12-08,444.30999755859375,445.0,443.0,444.30999755859375,76.1500015258789,79.18000030517578,75.76000213623047,77.48999786376953,33131,0.0,3.4199981689453125,2022,0.0,0.00045865309031129805,-0.013217528408298818,-0.027473224286031384
2022-12-09,444.4700012207031,445.0,444.4700012207031,444.4700012207031,76.0999984741211,77.47000122070312,75.11000061035156,76.7300033569336,24479,0.0,2.3600006103515625,2022,0.0003601171771703271,0.00043020187642860716,-0.0006566388805759882,-0.013217528408298818
2022-12-12,444.4700012207031,444.6499938964844,443.0,444.4700012207031,77.98999786376953,78.58000183105469,75.26000213623047,76.66999816894531,23020,0.0,3.3199996948242188,2022,0.0,0.0004162695833766659,0.024835734921744512,-0.0006566388805759882
2022-12-13,444.6499938964844,444.80999755859375,444.6499938964844,444.6499938964844,80.68000030517578,81.27999877929688,78.04000091552734,78.19000244140625,30052,0.0,3.2399978637695312,2022,0.0004049602341820169,0.0004148916095943617,0.03449163373622688,0.024835734921744512
2022-12-14,444.80999755859375,450.0,444.80999755859375,444.80999755859375,82.69999694824219,83.13999938964844,80.12999725341797,80.33999633789062,27330,0.0,3.0100021362304688,2022,0.0003598418178469842,0.00041318045334870127,0.025037142233833354,0.03449163373622688
2022-12-15,444.9599914550781,444.9800109863281,444.9599914550781,444.9599914550781,81.20999908447266,83.19000244140625,80.83000183105469,82.83999633789062,26470,0.0,2.3600006103515625,2022,0.0003372089146098656,0.00041387105725018827,-0.018016903491569036,0.025037142233833354
2022-12-16,444.9599914550781,444.9700012207031,444.9599914550781,444.9599914550781,79.04000091552734,81.76000213623047,78.27999877929688,81.33999633789062,24439,0.0,3.4800033569335938,2022,0.0,0.00042122002091714864,-0.026720824940388632,-0.018016903491569036
2022-12-19,444.9700012207031,450.0,444.9700012207031,444.9700012207031,79.80000305175781,80.88999938964844,78.62999725341797,79.08999633789062,19676,0.0,2.2600021362304688,2022,2.2495877870509773e-05,0.00042837151679439686,0.0096154115312157,-0.026720824940388632
2022-12-20,445.4599914550781,445.5199890136719,445.0,445.4599914550781,79.98999786376953,80.9000015258789,78.30000305175781,80.27999877929688,19646,0.0,2.5999984741210938,2022,0.0011011758838366248,0.000443344947336909,0.002380887277516619,0.0096154115312157
2022-12-21,445.4599914550781,455.0,445.4599914550781,445.4599914550781,82.19999694824219,82.54000091552734,79.5999984741211,79.94999694824219,17234,0.0,2.94000244140625,2022,0.0,0.0004466265017889118,0.027628442849023438,0.002380887277516619
2022-12-22,445.4599914550781,446.1300048828125,445.0,445.4599914550781,80.9800033569336,83.86000061035156,80.68000030517578,82.37000274658203,16647,0.0,3.1800003051757812,2022,0.0,0.0004536812640336593,-0.014841771734818598,0.027628442849023438
2022-12-23,446.1300048828125,446.1499938964844,445.0,446.1300048828125,83.91999816894531,84.37000274658203,81.33999633789062,81.7300033569336,8621,0.0,3.0300064086914062,2022,0.0015040933879286733,0.0004926326347588335,0.03630519498811546,-0.014841771734818598
2022-12-27,446.1499938964844,446.17999267578125,446.1300048828125,446.1499938964844,84.33000183105469,85.66999816894531,83.66000366210938,84.45999908447266,7512,0.0,2.0099945068359375,2022,4.480535595696722e-05,0.0004954917084375037,0.004885649083117949,0.03630519498811546
2022-12-28,446.1300048828125,446.1400146484375,446.1300048828125,446.1300048828125,83.26000213623047,84.63999938964844,81.94999694824219,84.5999984741211,5384,0.0,2.69000244140625,2022,-4.4803348527078235e-05,0.0005002979651729846,-0.012688244653045744,0.004885649083117949
2022-12-29,446.1400146484375,447.0799865722656,446.1400146484375,446.1400146484375,82.26000213623047,82.91000366210938,81.30000305175781,82.86000061035156,20599,0.0,1.6100006103515625,2022,2.2436880540377402e-05,0.0004992666035317045,-0.012010568992825599,-0.012688244653045744
2022-12-30,447.0799865722656,447.5799865722656,447.0799865722656,447.0799865722656,85.91000366210938,86.27999877929688,82.87999725341797,83.66000366210938,19375,0.0,3.4000015258789062,2022,0.00210689893971705,0.000584716274822385,0.044371522381365214,-0.012010568992825599
2023-01-03,447.5799865722656,448.04998779296875,445.0,447.5799865722656,82.0999984741211,87.0199966430664,81.7699966430664,86.04000091552734,27559,0.0,5.25,2023,0.0011183681108910548,0.0005911587051709778,-0.04434879554857574,0.044371522381365214
2023-01-04,448.04998779296875,448.510009765625,448.04998779296875,448.04998779296875,77.83999633789062,82.66999816894531,77.72000122070312,82.2300033569336,24772,0.0,4.9499969482421875,2023,0.0010500943625799675,0.0005699497494002438,-0.05188796851894306,-0.04434879554857574
2023-01-05,448.510009765625,449.0299987792969,448.510009765625,448.510009765625,78.69000244140625,79.95999908447266,77.61000061035156,78.08999633789062,28051,0.0,2.3499984741210938,2023,0.0010267201990614705,0.0005776479440170901,0.010919914484911919,-0.05188796851894306
2023-01-06,449.0299987792969,449.54998779296875,449.0299987792969,449.0299987792969,78.56999969482422,80.56999969482422,78.05000305175781,78.80999755859375,23767,0.0,2.5199966430664062,2023,0.001159369918953601,0.0005891322042023306,-0.0015250062632974348,0.010919914484911919
2023-01-09,449.54998779296875,449.5799865722656,449.54998779296875,449.54998779296875,79.6500015258789,81.37000274658203,78.33999633789062,78.4800033569336,29985,0.0,3.0300064086914062,2023,0.001158027336893852,0.0006005412430362151,0.013745727825500209,-0.0015250062632974348
2023-01-10,449.54998779296875,449.5799865722656,449.54998779296875,449.54998779296875,80.0999984741211,80.87999725341797,78.80999755859375,79.70999908447266,21541,0.0,2.0699996948242188,2023,0.0,0.0006064841909313193,0.00564967909129277,0.013745727825500209
2023-01-11,449.5799865722656,451.1000061035156,449.5799865722656,449.5799865722656,82.66999816894531,82.97000122070312,79.30000305175781,79.58999633789062,29995,0.0,3.6699981689453125,2023,6.673068648965774e-05,0.0005869293578337901,0.03208489068391862,0.00564967909129277
2023-01-12,451.1000061035156,451.6300048828125,451.1000061035156,451.1000061035156,84.02999877929688,84.61000061035156,82.37999725341797,82.86000061035156,29360,0.0,2.2300033569335938,2023,0.003380976859844509,0.0007734081603205212,0.01645095730584445,0.03208489068391862
2023-01-13,451.6300048828125,452.0899963378906,451.6300048828125,451.6300048828125,85.27999877929688,85.48999786376953,83.48999786376953,83.94999694824219,17857,0.0,2.0,2023,0.0011749030639012226,0.0007767043340223104,0.014875639868603407,0.01645095730584445
2023-01-17,452.1199951171875,453.0799865722656,452.1199951171875,452.1199951171875,85.91999816894531,86.81999969482422,83.86000061035156,85.44000244140625,36658,0.0,2.9599990844726562,2023,0.0010849372917598465,0.0007725452245797264,0.007504683381911681,0.014875639868603407
2023-01-18,453.0799865722656,460.0,453.0799865722656,453.0799865722656,84.9800033569336,87.83999633789062,84.4000015258789,86.72000122070312,26461,0.0,3.4399948120117188,2023,0.002123311212611334,0.0008084006829228368,-0.010940349534963922,0.007504683381911681
2023-01-19,453.0799865722656,460.0,453.0799865722656,453.0799865722656,86.16000366210938,86.8499984741211,83.73999786376953,84.58999633789062,28822,0.0,3.1100006103515625,2023,0.0,0.0008180849382654946,0.013885623188546248,-0.010940349534963922
2023-01-20,460.0,454.55999755859375,453.0799865722656,453.0799865722656,87.62999725341797,87.7699966430664,85.58000183105469,86.36000061035156,24374,6.920013427734375,2.1899948120117188,2023,0.015273271017965495,0.002784294865199195,0.017061206230601034,0.013885623188546248
2023-01-23,454.55999755859375,460.0,454.55999755859375,454.55999755859375,88.19000244140625,89.0999984741211,86.93000030517578,87.80999755859375,21194,0.0,2.1699981689453125,2023,-0.011826092263926613,0.0036602750665055946,0.006390564938268728,0.017061206230601034
2023-01-24,454.55999755859375,454.57000732421875,454.55999755859375,454.55999755859375,86.12999725341797,88.70999908447266,85.80999755859375,88.02999877929688,26572,0.0,2.9000015258789062,2023,0.0,0.0036602750665055946,-0.02335871562490266,0.006390564938268728
2023-01-25,454.57000732421875,459.4700012207031,459.29998779296875,459.30999755859375,86.12000274658203,87.01000213623047,85.41000366210938,86.30000305175781,19993,-4.739990234375,1.5999984741210938,2023,2.2020779828269e-05,0.0036620910740658126,-0.0001160397904870214,-0.02335871562490266
2023-01-26,459.4700012207031,459.7799987792969,459.4700012207031,459.4700012207031,87.47000122070312,88.01000213623047,85.77999877929688,86.12999725341797,14187,0.0,2.2300033569335938,2023,0.010779404310741203,0.004089289035256091,0.015675782989622356,-0.0001160397904870214
2023-01-27,459.7799987792969,459.79998779296875,459.7799987792969,459.7799987792969,86.66000366210938,88.91000366210938,85.68000030517578,87.5999984741211,10012,0.0,3.2300033569335938,2023,0.000674685088841942,0.004087970301963769,-0.009260289782664799,0.015675782989622356
2023-01-30,459.7799987792969,460.0,459.7799987792969,459.7799987792969,84.9000015258789,87.37000274658203,84.75,86.80000305175781,5879,0.0,2.6200027465820312,2023,0.0,0.0040908167876849795,-0.020309278350515436,-0.009260289782664799
2023-01-31,459.9100036621094,460.0199890136719,459.9100036621094,459.9100036621094,84.48999786376953,85.16000366210938,83.69000244140625,85.16000366210938,30498,0.0,1.470001220703125,2023,0.00028275454164528036,0.004091184507080775,-0.004829253883869455,-0.020309278350515436
2023-02-01,460.0199890136719,460.04998779296875,460.0,460.0199890136719,82.83999633789062,86.19999694824219,82.37000274658203,85.5199966430664,28085,0.0,3.8299942016601562,2023,0.0002391453777623731,0.004089179185355176,-0.01952895688954026,-0.004829253883869455
2023-02-02,460.0199890136719,460.0400085449219,460.0199890136719,460.0199890136719,82.16999816894531,83.5999984741211,81.23999786376953,83.08999633789062,24611,0.0,2.3600006103515625,2023,0.0,0.004089389096660271,-0.008087858505117507,-0.01952895688954026
2023-02-03,460.0400085449219,460.0400085449219,460.0299987792969,460.0400085449219,79.94000244140625,84.19000244140625,79.62000274658203,82.1500015258789,24743,0.0,4.569999694824219,2023,4.3518829025090966e-05,0.004094090564720946,-0.027138807073526894,-0.008087858505117507
2023-02-06,460.0400085449219,460.04998779296875,459.20001220703125,460.0400085449219,80.98999786376953,81.4000015258789,79.08999633789062,79.75,31365,0.0,2.3100051879882812,2023,0.0,0.004094090564720946,0.013134793473804196,-0.027138807073526894
2023-02-07,459.20001220703125,459.9200134277344,459.20001220703125,459.20001220703125,83.69000244140625,84.0999984741211,81.18000030517578,81.4000015258789,24432,0.0,2.9199981689453125,2023,-0.001825920185827945,0.0041241950980358665,0.03333750646812339,0.013134793473804196
2023-02-08,459.9200134277344,459.95001220703125,459.9200134277344,459.9200134277344,85.08999633789062,85.16000366210938,83.5,84.02999877929688,29853,0.0,1.660003662109375,2023,0.0015679468675156016,0.00412446931017495,0.01672832901952126,0.03333750646812339
2023-02-09,459.9200134277344,459.9700012207031,459.8999938964844,459.9200134277344,84.5,85.5,83.05999755859375,85.06999969482422,30520,0.0,2.44000244140625,2023,0.0,0.004124844002509369,-0.006933792023538943,0.01672832901952126
2023-02-10,459.9700012207031,459.9700012207031,458.989990234375,459.9700012207031,86.38999938964844,86.91000366210938,83.94000244140625,84.2300033569336,30882,0.0,2.970001220703125,2023,0.0001086880142400215,0.004123570183241692,0.02236685668222993,-0.006933792023538943
2023-02-13,458.989990234375,460.0199890136719,458.989990234375,458.989990234375,86.61000061035156,86.94999694824219,85.08999633789062,86.5999984741211,19426,0.0,1.8600006103515625,2023,-0.002130597612294949,0.0041602311484431045,0.002546605188765483,0.02236685668222993
2023-02-14,460.0199890136719,460.05999755859375,460.0199890136719,460.0199890136719,85.58000183105469,86.4000015258789,84.12000274658203,85.75,19585,0.0,2.279998779296875,2023,0.002244054992944333,0.004161615459758527,-0.011892377000789156,0.002546605188765483
2023-02-15,460.05999755859375,460.1000061035156,460.0,460.05999755859375,85.37999725341797,85.8499984741211,83.9000015258789,85.29000091552734,21161,0.0,1.9499969482421875,2023,8.697131837176464e-05,0.004164520256357115,-0.0023370480644713254,-0.011892377000789156
2023-02-16,460.0,460.05999755859375,460.0,460.05999755859375,85.13999938964844,86.19999694824219,84.5999984741211,85.13999938964844,20089,-0.05999755859375,1.5999984741210938,2023,-0.0001304124655743255,0.004168877331848928,-0.0028109378249004946,-0.0023370480644713254
2023-02-17,460.04998779296875,460.05999755859375,460.0,460.04998779296875,83.0,84.8499984741211,81.79000091552734,84.66999816894531,27191,0.0,3.05999755859375,2023,0.00010866911514950672,0.0041711787197878,-0.02513506465808857,-0.0028109378249004946
2023-02-21,460.04998779296875,460.04998779296875,459.9700012207031,460.04998779296875,83.05000305175781,84.29000091552734,82.54000091552734,83.01000213623047,31936,0.0,1.75,2023,0.0,0.0041736367569700835,0.0006024464067206914,-0.02513506465808857
2023-02-22,456.0,459.9700012207031,459.95001220703125,459.9700012207031,80.5999984741211,83.2300033569336,80.4000015258789,82.73999786376953,20309,-3.970001220703125,2.8300018310546875,2023,-0.008803364635217248,0.004526868237633586,-0.029500355058504235,0.0006024464067206914
2023-02-23,459.9700012207031,459.9700012207031,459.94000244140625,459.9700012207031,82.20999908447266,82.75,80.33999633789062,80.47000122070312,14474,0.0,2.410003662109375,2023,0.00870614302785766,0.004767387418623033,0.01997519405497883,-0.029500355058504235
2023-02-24,459.94000244140625,459.94000244140625,459.92999267578125,459.94000244140625,83.16000366210938,83.37999725341797,81.06999969482422,82.3499984741211,13365,0.0,2.30999755859375,2023,-6.521899084133143e-05,0.004768124256022294,0.01155582761484486,0.01997519405497883
2023-02-27,459.94000244140625,459.95001220703125,459.92999267578125,459.94000244140625,82.44999694824219,83.62999725341797,81.73999786376953,83.12000274658203,5691,0.0,1.8899993896484375,2023,0.0,0.004744195680335706,-0.008537838896112149,0.01155582761484486
2023-02-28,458.0,459.9700012207031,459.94000244140625,459.95001220703125,83.88999938964844,84.12000274658203,82.61000061035156,82.63999938964844,24882,-1.95001220703125,1.5100021362304688,2023,-0.0042179467563345785,0.0048254076211369954,0.017465160639244193,-0.008537838896112149
2023-03-01,459.9700012207031,459.9700012207031,459.9599914550781,459.9700012207031,84.30999755859375,84.48999786376953,82.61000061035156,83.0999984741211,26723,0.0,1.8799972534179688,2023,0.004301312708958838,0.0048748313294160826,0.005006534414126351,0.017465160639244193
2023-03-02,456.0,459.9700012207031,456.0,459.9700012207031,84.75,85.08999633789062,83.83999633789062,84.30999755859375,17997,-3.970001220703125,1.25,2023,-0.008631000304731296,0.005145729300093817,0.005218864359478381,0.005006534414126351
2023-03-03,458.0,459.9800109863281,458.0,459.9700012207031,85.83000183105469,86.0,82.36000061035156,84.41000366210938,27594,-1.970001220703125,3.6399993896484375,2023,0.004385964912280604,0.005201068137240499,0.01274338443722356,0.005218864359478381
2023-03-06,459.9599914550781,459.9599914550781,459.95001220703125,459.9599914550781,86.18000030517578,86.36000061035156,84.3499984741211,85.93000030517578,24587,0.0,2.0100021362304688,2023,0.0042794573254980595,0.004447776072381273,0.004077810400261006,0.01274338443722356
2023-03-07,459.9599914550781,459.9700012207031,457.0,459.9599914550781,83.29000091552734,86.76000213623047,82.6500015258789,86.2300033569336,26092,0.0,4.1100006103515625,2023,0.0,0.0038462811472256987,-0.0335344555513406,0.004077810400261006
2023-03-08,455.0,459.989990234375,455.0,459.9599914550781,82.66000366210938,83.58999633789062,82.05000305175781,82.9800033569336,23661,-4.959991455078125,1.5399932861328125,2023,-0.010783528018137534,0.004355244642596469,-0.0075639001860128285,-0.0335344555513406
2023-03-09,456.0,460.0199890136719,456.0,459.989990234375,81.58999633789062,84.01000213623047,81.41000366210938,82.62000274658203,25018,-3.989990234375,2.5999984741210938,2023,0.00219780219780219,0.004372990401645466,-0.012944680338905279,-0.0075639001860128285
2023-03-10,458.0,460.04998779296875,458.0,460.0199890136719,82.77999877929688,83.08000183105469,80.7300033569336,81.47000122070312,26753,-2.019989013671875,2.3499984741210938,2023,0.004385964912280604,0.003972769291033651,0.014585151303084576,-0.012944680338905279
2023-03-13,460.0199890136719,460.0299987792969,456.0,460.0199890136719,80.7699966430664,83.47000122070312,78.33999633789062,82.54000091552734,38195,0.0,5.1300048828125,2023,0.004410456361728876,0.004055547969378155,-0.02428125351377952,0.014585151303084576
2023-03-14,455.0,460.0299987792969,460.0199890136719,460.0199890136719,77.44999694824219,80.87999725341797,76.87999725341797,80.69000244140625,33198,-5.019989013671875,4.0,2023,-0.010912545397071205,0.004520620692187491,-0.04110436836460141,-0.02428125351377952
2023-03-15,460.0299987792969,460.0400085449219,460.0299987792969,460.0299987792969,73.69000244140625,78.70999908447266,71.62999725341797,77.56999969482422,46598,0.0,7.0800018310546875,2023,0.011054942372080934,0.004976491359294742,-0.04854738095533617,-0.04110436836460141
2023-03-16,457.0,460.04998779296875,457.0,460.0400085449219,74.69999694824219,75.5199966430664,71.86000061035156,74.3499984741211,29873,-3.040008544921875,3.6599960327148438,2023,-0.006586524329580845,0.005120119200641383,0.013705990953644331,-0.04854738095533617
2023-03-17,457.0,459.95001220703125,459.94000244140625,459.94000244140625,72.97000122070312,75.9000015258789,71.3499984741211,74.55000305175781,34734,-2.94000244140625,4.5500030517578125,2023,0.0,0.005120119200641383,-0.02315924763340671,0.013705990953644331
2023-03-20,459.94000244140625,460.0,459.8900146484375,459.94000244140625,73.79000091552734,73.8499984741211,70.12999725341797,72.88999938964844,22185,0.0,3.720001220703125,2023,0.006433265736118798,0.00526183508732292,0.011237490490702662,-0.02315924763340671
2023-03-21,459.8900146484375,459.9200134277344,459.8900146484375,459.8900146484375,75.31999969482422,75.4000015258789,72.80999755859375,73.73999786376953,18784,0.0,2.5900039672851562,2023,-0.00010868329065405469,0.005261876883624662,0.020734500072013384,0.011237490490702662
2023-03-22,459.9200134277344,459.95001220703125,459.9200134277344,459.9200134277344,76.69000244140625,77.08999633789062,74.5199966430664,75.08999633789062,19933,0.0,2.5699996948242188,2023,6.523033408289969e-05,0.005250532282777615,0.018189096549826145,0.020734500072013384
2023-03-23,459.95001220703125,459.9800109863281,459.95001220703125,459.95001220703125,75.91000366210938,77.43000030517578,75.12000274658203,75.73999786376953,18685,0.0,2.30999755859375,2023,6.522607936387814e-05,0.005242867650085764,-0.01017080133610404,0.018189096549826145
2023-03-24,459.9800109863281,459.9800109863281,459.9700012207031,459.9800109863281,74.98999786376953,76.27999877929688,72.69000244140625,75.41999816894531,18941,0.0,3.589996337890625,2023,6.522182519996811e-05,0.005242874533446799,-0.01211969113366107,-0.01017080133610404
2023-03-27,459.9800109863281,461.0,459.8999938964844,459.9800109863281,78.12000274658203,78.43000030517578,74.80000305175781,75.23999786376953,13874,0.0,3.6299972534179688,2023,0.0,0.005242847008960631,0.041738964821663505,-0.01211969113366107
2023-03-28,461.0,462.0,459.8500061035156,459.8999938964844,78.6500015258789,79.20999908447266,77.55000305175781,78.18000030517578,17782,1.100006103515625,1.6599960327148438,2023,0.0022174637795340235,0.0052416153541387425,0.006784418339258913,0.041738964821663505
2023-03-29,462.0,459.8999938964844,456.0,459.8500061035156,78.27999877929688,79.69999694824219,77.94999694824219,79.0199966430664,11027,2.149993896484375,1.75,2023,0.002169197396963085,0.005240606246807739,-0.00470442135287541,0.006784418339258913
2023-03-30,456.0,459.8500061035156,456.0,459.82000732421875,79.2699966430664,79.55000305175781,77.8499984741211,78.22000122070312,6818,-3.82000732421875,1.7000045776367188,2023,-0.012987012987012991,0.005764048237110736,0.012646881441078506,-0.00470442135287541
2023-03-31,459.0,460.0,459.8399963378906,459.8500061035156,79.7699966430664,79.7699966430664,79.06999969482422,79.27999877929688,38477,-0.850006103515625,0.6999969482421875,2023,0.006578947368421018,0.005898616418431998,0.006307556719743257,0.012646881441078506
2023-04-03,459.8399963378906,461.0,459.82000732421875,459.8399963378906,84.93000030517578,86.23999786376953,83.29000091552734,83.29000091552734,37587,0.0,2.9499969482421875,2023,0.001830057381025263,0.005908634343736068,0.06468602080050201,0.006307556719743257
2023-04-04,459.8299865722656,462.0,459.82000732421875,459.8299865722656,84.94000244140625,86.05000305175781,83.87000274658203,84.77999877929688,32987,0.0,2.1800003051757812,2023,-2.1767931682181718e-05,0.005908635895558701,0.00011776917690475841,0.06468602080050201
2023-04-05,462.0,461.0,459.82000732421875,459.8299865722656,84.98999786376953,85.55000305175781,84.01000213623047,85.0999984741211,28362,2.170013427734375,1.5400009155273438,2023,0.004719164671948439,0.0057268188215431805,0.000588596902828753,0.00011776917690475841
2023-04-06,461.0,459.8599853515625,459.8299865722656,459.8599853515625,85.12000274658203,85.44000244140625,84.05000305175781,84.83000183105469,0,1.1400146484375,1.3899993896484375,2023,-0.0021645021645021467,0.005526947282539785,0.0015296492067322642,0.000588596902828753
2023-04-10,459.8299865722656,459.8299865722656,459.82000732421875,459.8299865722656,84.18000030517578,85.63999938964844,84.08000183105469,84.94999694824219,14242,0.0,1.55999755859375,2023,-0.002537990081853292,0.00554773181201439,-0.011043261408306249,0.0015296492067322642
2023-04-11,459.8299865722656,463.0,459.8299865722656,459.8299865722656,85.61000061035156,85.68000030517578,83.75,84.27999877929688,28189,0.0,1.9300003051757812,2023,0.0,0.00554773181201439,0.016987411499069127,-0.011043261408306249
2023-04-12,463.0,462.0,459.8299865722656,459.8299865722656,87.33000183105469,87.48999786376953,85.41000366210938,85.55000305175781,36337,3.170013427734375,2.0799942016601562,2023,0.006893881478597708,0.005626314638518313,0.02009112496718224,0.016987411499069127
2023-04-13,462.0,459.8299865722656,459.8299865722656,459.8299865722656,86.08999633789062,87.47000122070312,86.05999755859375,87.1500015258789,26363,2.170013427734375,1.410003662109375,2023,-0.002159827213822907,0.00559450192581775,-0.014199077833101703,0.02009112496718224
2023-04-14,463.0,461.0,459.9200134277344,459.92999267578125,86.30999755859375,86.86000061035156,85.54000091552734,86.33999633789062,28360,3.07000732421875,1.3199996948242188,2023,0.0021645021645022577,0.005351326999365543,0.002555479498914659,-0.014199077833101703
2023-04-17,459.92999267578125,462.0,459.9200134277344,459.92999267578125,84.76000213623047,86.51000213623047,84.3499984741211,86.2699966430664,30271,0.0,2.160003662109375,2023,-0.00663068536548328,0.005454025121055604,-0.017958469078985018,0.002555479498914659
2023-04-18,459.9200134277344,459.9200134277344,459.9100036621094,459.9200134277344,84.7699966430664,85.4000015258789,83.81999969482422,84.81999969482422,27241,0.0,1.5800018310546875,2023,-2.1697319604663257e-05,0.005398100550960459,0.0001179153679098377,-0.017958469078985018
2023-04-19,463.0,460.0299987792969,459.82000732421875,459.9100036621094,83.12000274658203,85.1500015258789,82.41000366210938,84.86000061035156,30732,3.089996337890625,2.7399978637695312,2023,0.0066967874463883525,0.005534365996524238,-0.01946436194201895,0.0001179153679098377
2023-04-20,460.0299987792969,460.0299987792969,460.0199890136719,460.0299987792969,81.0999984741211,83.04000091552734,80.7699966430664,83.0,26114,0.0,2.2700042724609375,2023,-0.006414689461561873,0.005286371671163667,-0.02430226426507187,-0.01946436194201895
2023-04-21,461.0,460.0400085449219,460.0299987792969,460.0299987792969,81.66000366210938,82.04000091552734,80.44999694824219,80.83000183105469,17805,0.970001220703125,1.5900039672851562,2023,0.0021085607966373487,0.005285338546752171,0.006905119587233832,-0.02430226426507187
2023-04-24,460.0299987792969,462.0,459.4700012207031,460.0299987792969,82.7300033569336,82.98999786376953,80.48999786376953,81.5999984741211,16684,0.0,2.5,2023,-0.002104124123000317,0.005248286132340826,0.013103106133225628,0.006905119587233832
2023-04-25,460.0299987792969,460.0299987792969,460.0199890136719,460.0299987792969,80.7699966430664,83.05000305175781,80.3499984741211,82.58000183105469,17134,0.0,2.7000045776367188,2023,0.0,0.005186548414560049,-0.02369160684559457,0.013103106133225628
2023-04-26,461.0,462.0,459.9700012207031,460.0299987792969,77.69000244140625,81.47000122070312,77.4800033569336,81.0,15436,0.970001220703125,3.9899978637695312,2023,0.0021085607966373487,0.004768651214371921,-0.038132899958769007,-0.02369160684559457
2023-04-27,461.0,460.0,459.95001220703125,459.9700012207031,78.37000274658203,78.62999725341797,77.38999938964844,77.87000274658203,8926,1.029998779296875,1.2399978637695312,2023,0.0,0.004327442358774497,0.008752738882826572,-0.038132899958769007
2023-04-28,460.0,460.0,459.95001220703125,459.9700012207031,79.54000091552734,79.5999984741211,77.97000122070312,78.30999755859375,26788,0.029998779296875,1.6299972534179688,2023,-0.002169197396963085,0.004164911693504425,0.01492915819753926,0.008752738882826572
2023-05-01,459.9700012207031,459.9800109863281,459.8699951171875,459.9700012207031,79.30999755859375,80.19000244140625,78.12999725341797,80.18000030517578,12551,0.0,2.0600051879882812,2023,-6.52147376019041e-05,0.004165051021618185,-0.0028916690254738864,0.01492915819753926
2023-05-02,460.0,460.0,459.80999755859375,459.8699951171875,75.31999969482422,79.77999877929688,75.08999633789062,79.26000213623047,35700,0.1300048828125,4.69000244140625,2023,6.52189908412204e-05,0.00399657128402422,-0.05030888900005004,-0.0028916690254738864
2023-05-03,461.0,461.0,459.79998779296875,459.80999755859375,72.33000183105469,75.55000305175781,71.68000030517578,75.2699966430664,34878,1.19000244140625,3.8700027465820312,2023,0.0021739130434783593,0.004015874137360337,-0.0396972633548085,-0.05030888900005004
2023-05-04,459.8500061035156,460.0,459.82000732421875,459.8500061035156,72.5,73.7300033569336,68.19999694824219,71.88999938964844,30132,0.0,5.530006408691406,2023,-0.002494563766777369,0.004043477924732108,0.0023503133505013984,-0.0396972633548085
2023-05-05,460.0,460.0,459.8299865722656,459.8399963378906,75.30000305175781,75.7300033569336,72.41000366210938,72.6500015258789,20363,0.160003662109375,3.3199996948242188,2023,0.00032618004674023204,0.004043897407192126,0.03862073174838354,0.0023503133505013984
2023-05-08,459.8699951171875,461.0,459.0,459.8699951171875,77.01000213623047,77.41999816894531,74.95999908447266,75.41000366210938,17211,0.0,2.4599990844726562,2023,-0.0002826193104619179,0.004044236853482738,0.02270915026785958,0.03862073174838354
2023-05-09,459.0,460.0199890136719,459.94000244140625,460.0,77.44000244140625,77.48999786376953,75.06999969482422,76.8499984741211,24836,-1.0,2.4199981689453125,2023,-0.0018918284002542585,0.004058958719003874,0.005583694237731862,0.02270915026785958
2023-05-10,461.0,460.05999755859375,459.92999267578125,459.94000244140625,76.41000366210938,77.5999984741211,75.68000030517578,77.25,30289,1.05999755859375,1.9199981689453125,2023,0.004357298474945592,0.004118777827643615,-0.013300603652178444,0.005583694237731862
2023-05-11,461.0,462.0,460.0,460.05999755859375,74.9800033569336,77.4000015258789,74.62000274658203,76.63999938964844,32136,0.94000244140625,2.779998779296875,2023,0.0,0.0040985236314303826,-0.01871483099908422,-0.013300603652178444
2023-05-12,461.0,461.0,460.0299987792969,460.07000732421875,74.16999816894531,75.83999633789062,74.02999877929688,75.45999908447266,26553,0.92999267578125,1.80999755859375,2023,0.0,0.003293248175682632,-0.010802949476173662,-0.01871483099908422
2023-05-15,460.0299987792969,462.0,460.0199890136719,460.0299987792969,75.2300033569336,75.75,73.48999786376953,74.25,24312,0.0,2.2600021362304688,2023,-0.002104124123000317,0.0031048097655503046,0.014291562817269954,-0.010802949476173662
2023-05-16,460.0,460.07000732421875,460.0,460.0299987792969,74.91000366210938,75.94999694824219,74.5,75.44999694824219,23070,-0.029998779296875,1.4499969482421875,2023,-6.521048491725523e-05,0.0030871913011150964,-0.004253617978799751,0.014291562817269954
2023-05-17,459.0,460.20001220703125,460.0,460.07000732421875,76.95999908447266,77.30999755859375,74.08999633789062,74.68000030517578,31285,-1.07000732421875,3.220001220703125,2023,-0.0021739130434782483,0.003113001213608745,0.027366110294294366,-0.004253617978799751
2023-05-18,459.0,460.3599853515625,459.0,460.20001220703125,75.86000061035156,76.9800033569336,75.4800033569336,76.79000091552734,20152,-1.20001220703125,1.5,2023,0.0,0.002979790984685891,-0.014293119636263452,0.027366110294294366
2023-05-19,460.0,463.0,460.0,460.3599853515625,75.58000183105469,77.5,75.0999984741211,75.9000015258789,22388,-0.3599853515625,2.4000015258789062,2023,0.002178649237472685,0.0029871966411220553,-0.003690993633589157,-0.014293119636263452
2023-05-22,460.3399963378906,463.0,459.0,460.3399963378906,75.98999786376953,76.45999908447266,74.55000305175781,75.73999786376953,22801,0.0,1.9099960327148438,2023,0.0007391224736752466,0.0029534903298839323,0.005424662910584743,-0.003690993633589157
2023-05-23,460.0,460.30999755859375,460.2799987792969,460.30999755859375,76.83999633789062,77.73999786376953,75.6500015258789,75.97000122070312,30676,-0.30999755859375,2.089996337890625,2023,-0.000738576575130101,0.002956921566765882,0.011185662561077114,0.005424662910584743
2023-05-24,459.0,465.0,460.2799987792969,460.2799987792969,78.36000061035156,78.66000366210938,77.04000091552734,77.58999633789062,33849,-1.279998779296875,1.6200027465820312,2023,-0.0021739130434782483,0.002680180908144885,0.019781420417785744,0.011185662561077114
2023-05-25,460.0,464.0,460.25,460.2799987792969,76.26000213623047,78.5,75.12000274658203,78.26000213623047,36272,-0.279998779296875,3.3799972534179688,2023,0.002178649237472685,0.00269258935831951,-0.026799367761154436,0.019781420417785744
2023-05-26,460.0,460.30999755859375,459.0,460.30999755859375,76.94999694824219,77.3499984741211,75.72000122070312,76.12000274658203,15522,-0.30999755859375,1.6299972534179688,2023,0.0,0.0026574491097156863,0.009047925422020153,-0.026799367761154436
2023-05-30,460.2200012207031,464.0,460.2099914550781,460.2200012207031,73.54000091552734,77.73999786376953,73.16000366210938,77.37000274658203,13840,0.0,4.579994201660156,2023,0.0004782635232676302,0.002366498506826178,-0.04431444012932795,0.009047925422020153
2023-05-31,460.0,460.6000061035156,460.45001220703125,460.45001220703125,72.66000366210938,73.7699966430664,71.55000305175781,73.6500015258789,34611,-0.45001220703125,2.2199935913085938,2023,-0.0004780348966137993,0.0023682664401781595,-0.011966239359022968,-0.04431444012932795
2023-06-01,459.0,465.0,460.6000061035156,460.6000061035156,74.27999877929688,75.25,72.01000213623047,72.08999633789062,31338,-1.600006103515625,3.2399978637695312,2023,-0.0021739130434782483,0.0020346885495542357,0.0222955551271502,-0.011966239359022968
2023-06-02,460.760009765625,460.9200134277344,460.75,460.760009765625,76.12999725341797,76.48999786376953,74.18000030517578,74.41000366210938,26080,0.0,2.30999755859375,2023,0.0038344439338235947,0.001819423554689371,0.02490574184872929,0.0222955551271502
2023-06-05,460.9200134277344,464.0,460.0,460.9200134277344,76.70999908447266,78.72000122070312,76.30000305175781,77.5,34658,0.0,2.4199981689453125,2023,0.00034726030627263427,0.0017788192110592162,0.007618571548400288,0.02490574184872929
2023-06-06,460.0,465.5,461.04998779296875,461.04998779296875,76.29000091552734,76.76000213623047,74.7300033569336,76.47000122070312,27997,-1.04998779296875,2.029998779296875,2023,-0.001996037058344391,0.001774523655902149,-0.005475142405917843,0.007618571548400288
2023-06-07,460.0,474.0,460.0,461.17999267578125,76.94999694824219,77.62000274658203,75.51000213623047,76.06999969482422,35446,-1.17999267578125,2.1100006103515625,2023,0.0,0.001774523655902149,0.008651147264313597,-0.005475142405917843
2023-06-08,460.0,465.510009765625,461.17999267578125,461.17999267578125,75.95999908447266,77.66000366210938,73.56999969482422,76.80000305175781,45284,-1.17999267578125,4.090003967285156,2023,0.0,0.0017292823823128035,-0.012865469824975051,0.008651147264313597
2023-06-09,461.6700134277344,465.5,461.6700134277344,461.6700134277344,74.79000091552734,76.55000305175781,74.72000122070312,75.52999877929688,25616,0.0,1.8300018310546875,2023,0.0036304639733355515,0.0018567501536158602,-0.015402819682030167,-0.012865469824975051
2023-06-12,461.8999938964844,461.95001220703125,461.0,461.8999938964844,71.83999633789062,74.87999725341797,71.56999969482422,74.87999725341797,33191,0.0,3.30999755859375,2023,0.0004981490286590784,0.0018100918565191655,-0.03944383662956019,-0.015402819682030167
2023-06-13,461.0,474.0,461.8800048828125,461.8999938964844,74.29000091552734,74.6500015258789,71.94999694824219,72.0,28142,-0.899993896484375,2.7000045776367188,2023,-0.0019484605074190364,0.001849641795273788,0.03410362893273855,-0.03944383662956019
2023-06-14,461.0,465.0,462.3800048828125,462.3800048828125,73.19999694824219,75.4800033569336,73.02999877929688,74.06999969482422,26201,-1.3800048828125,2.4500045776367188,2023,0.0,0.0018496934904048798,-0.014672283670107422,0.03410362893273855
2023-06-15,462.3800048828125,650.0,462.3800048828125,462.3800048828125,75.66999816894531,75.95999908447266,72.91000366210938,73.47000122070312,21211,0.0,3.0499954223632812,2023,0.0029935029995933338,0.0018874450965500277,0.033743187481955816,-0.014672283670107422
2023-06-16,608.0,657.0,600.0,620.0,76.61000061035156,76.73999786376953,75.08000183105469,75.58000183105469,20871,-12.0,1.6599960327148438,2023,0.31493575323200673,0.057493188219360836,0.012422392812902583,0.033743187481955816
2023-06-20,686.9600219726562,690.0,680.5,680.5,75.9000015258789,77.1500015258789,74.5199966430664,76.2300033569336,34421,6.46002197265625,2.6300048828125,2023,0.1298684571918689,0.06141920213320075,-0.009267707594518892,0.012422392812902583
2023-06-21,753.0,753.0,689.5,689.5,77.12000274658203,77.23999786376953,75.37999725341797,75.5,22470,63.5,1.8600006103515625,2023,0.09613365540210772,0.06309172003106917,0.016073797051073146,-0.009267707594518892
2023-06-22,817.0,819.5,782.75,782.75,74.13999938964844,77.19000244140625,73.58000183105469,76.95999908447266,30975,34.25,3.6100006103515625,2023,0.08499335989375822,0.06412271023189096,-0.038641120990697386,0.016073797051073146
2023-06-23,816.0,819.5,816.0,816.0,73.8499984741211,74.37000274658203,72.0999984741211,74.1500015258789,15800,0.0,2.2700042724609375,2023,-0.001223990208078285,0.0641810634688615,-0.003911531129144219,-0.038641120990697386
2023-06-26,761.0,770.0,753.5599975585938,761.0,74.18000030517578,74.83000183105469,73.43000030517578,74.44999694824219,20960,0.0,1.4000015258789062,2023,-0.06740196078431371,0.06609015438185133,0.004468542151295107,-0.003911531129144219
2023-06-27,810.0,765.0,743.25,743.25,72.26000213623047,74.88999938964844,72.08999633789062,74.2300033569336,15262,66.75,2.8000030517578125,2023,0.06438896189224708,0.06650688560629651,-0.025882962537698284,0.004468542151295107
2023-06-28,764.0499877929688,764.5900268554688,763.9099731445312,764.0499877929688,74.02999877929688,74.20999908447266,71.58000183105469,72.55999755859375,12437,0.0,2.6299972534179688,2023,-0.056728410132137363,0.06788962345506483,0.024494832420977053,-0.025882962537698284
2023-06-29,753.9500122070312,754.0,753.5,753.9500122070312,74.33999633789062,74.97000122070312,73.41000366210938,73.75,6372,0.0,1.55999755859375,2023,-0.013218998425891249,0.06805928623473091,0.004187458647918252,0.024494832420977053
2023-06-30,752.0,775.0,753.9400024414062,753.9400024414062,74.9000015258789,75.12999725341797,74.25,74.25,29055,-1.94000244140625,0.8799972534179688,2023,-0.0025863945559507773,0.06806366186812518,0.007533026843893564,0.004187458647918252
2023-07-03,759.77001953125,775.0,755.219970703125,759.77001953125,74.6500015258789,76.58000183105469,74.58000183105469,75.12999725341797,24066,0.0,2.0,2023,0.010332472780917534,0.06799265829031328,-0.0033377836436174757,0.007533026843893564
2023-07-05,770.8800048828125,775.0,770.8800048828125,770.8800048828125,76.6500015258789,76.94000244140625,74.77999877929688,74.94000244140625,35538,0.0,2.160003662109375,2023,0.014622826731721883,0.06792508263372429,0.02679169402704784,-0.0033377836436174757
2023-07-06,773.0,777.0800170898438,769.0599975585938,773.0,76.5199966430664,77.08000183105469,75.01000213623047,76.54000091552734,29695,0.0,2.0699996948242188,2023,0.0027500974260057376,0.06790711350215774,-0.0016960845430460392,0.02679169402704784
2023-07-07,774.0,775.010009765625,768.0,774.0,78.47000122070312,78.52999877929688,76.0199966430664,76.4800033569336,26656,0.0,2.5100021362304688,2023,0.001293661060802087,0.06788736561344215,0.025483594657389697,-0.0016960845430460392
2023-07-10,762.0599975585938,780.0,762.0599975585938,762.0599975585938,77.69000244140625,78.77999877929688,77.33999633789062,78.48999786376953,21082,0.0,1.44000244140625,2023,-0.015426359743418883,0.06807574834115135,-0.00994008878760011,0.025483594657389697
2023-07-11,787.1500244140625,790.2899780273438,782.3900146484375,787.1500244140625,79.4000015258789,79.5,77.63999938964844,77.86000061035156,22736,0.0,1.8600006103515625,2023,0.032923952098062426,0.06804514922385536,0.022010542292907553,-0.00994008878760011
2023-07-12,780.0,780.0,775.0,780.0,80.11000061035156,80.56999969482422,79.22000122070312,79.27999877929688,25367,0.0,1.3499984741210938,2023,-0.0090834328810252,0.06815745810154217,0.00894205378876789,0.022010542292907553
2023-07-13,776.0,799.0,776.0,776.0,81.36000061035156,81.75,79.87000274658203,80.1500015258789,28794,0.0,1.8799972534179688,2023,-0.00512820512820511,0.06821970956313528,0.015603545006570352,0.00894205378876789
2023-07-14,777.0,777.0,776.0,777.0,79.87000274658203,81.69000244140625,79.56999969482422,81.61000061035156,23286,0.0,2.1200027465820312,2023,0.0012886597938144284,0.06820259516452694,-0.0183136412560444,0.015603545006570352
2023-07-17,776.0,776.6799926757812,775.0,776.0,78.5,80.62000274658203,78.26000213623047,79.44999694824219,29152,0.0,2.3600006103515625,2023,-0.0012870012870013214,0.06819302414017532,-0.01715290721760565,-0.0183136412560444
2023-07-18,777.0,777.0,772.8099975585938,777.0,79.62999725341797,80.01000213623047,78.19999694824219,78.52999877929688,30304,0.0,1.8100051879882812,2023,0.0012886597938144284,0.06821493439330686,0.01439486947029267,-0.01715290721760565
2023-07-19,789.0,799.1599731445312,786.6599731445312,789.0,79.45999908447266,80.94999694824219,79.18000030517578,79.80000305175781,33372,0.0,1.7699966430664062,2023,0.015444015444015413,0.06812407511184712,-0.002134850870386229,0.01439486947029267
2023-07-20,791.010009765625,790.510009765625,775.0,782.3099975585938,79.63999938964844,80.2699966430664,78.66999816894531,79.5,24867,8.70001220703125,1.5999984741210938,2023,0.002547540894328293,0.06807841879633124,0.0022652945790300194,-0.002134850870386229
2023-07-21,790.510009765625,792.2000122070312,775.0,790.510009765625,81.06999969482422,81.23999786376953,79.66000366210938,79.66000366210938,23563,0.0,1.5799942016601562,2023,-0.0006321032525847814,0.06808498267327893,0.017955805074524545,0.0022652945790300194
2023-07-24,791.510009765625,795.510009765625,780.0,791.9600219726562,82.73999786376953,83.16000366210938,80.41999816894531,80.98999786376953,28032,-0.45001220703125,2.7400054931640625,2023,0.001265006119652412,0.06807244706006049,0.020599459420646005,0.017955805074524545
2023-07-25,792.8200073242188,793.719970703125,780.0,792.8200073242188,83.63999938964844,83.87999725341797,82.23999786376953,82.83000183105469,22083,0.0,1.6399993896484375,2023,0.001655061265721347,0.06808999847479666,0.0108774661483646,0.020599459420646005
2023-07-26,792.8200073242188,793.22998046875,784.3400268554688,792.8200073242188,82.91999816894531,83.86000061035156,82.5999984741211,83.2699966430664,19315,0.0,1.2600021362304688,2023,0.0,0.06809501723638339,-0.008608336034878539,0.0108774661483646
2023-07-27,788.0,792.47998046875,764.0,788.0,84.23999786376953,84.51000213623047,82.98999786376953,83.02999877929688,18467,0.0,1.5200042724609375,2023,-0.006079573269708871,0.06814537411841337,0.0159189547029992,-0.008608336034878539
2023-07-28,775.0,775.280029296875,773.9400024414062,775.0,84.98999786376953,85.0999984741211,83.22000122070312,84.05000305175781,11121,0.0,1.8799972534179688,2023,-0.016497461928933976,0.06837848095283497,0.008903134128907197,0.0159189547029992
2023-07-31,771.9400024414062,792.0,763.4500122070312,771.9400024414062,85.55999755859375,85.66000366210938,84.5199966430664,84.87999725341797,23446,0.0,1.1400070190429688,2023,-0.003948383946572598,0.06844779365526611,0.006706667950949541,0.008903134128907197
2023-08-01,759.9000244140625,771.0499877929688,757.5,759.9000244140625,84.91000366210938,85.79000091552734,84.26000213623047,85.3499984741211,27179,0.0,1.529998779296875,2023,-0.015597038616038894,0.03982209356714411,-0.007596936828326184,0.006706667950949541
2023-08-02,758.02001953125,759.1099853515625,755.5499877929688,758.02001953125,83.19999694824219,85.9800033569336,82.75,85.7300033569336,32246,0.0,3.2300033569335938,2023,-0.0024740160842370296,0.03254424027826259,-0.020139048876643306,-0.007596936828326184
2023-08-03,775.8599853515625,779.1900024414062,764.25,775.8599853515625,85.13999938964844,85.41999816894531,82.37000274658203,83.44000244140625,30333,0.0,3.0499954223632812,2023,0.023534953379390267,0.027793023888770977,0.023317337891407774,-0.020139048876643306
2023-08-04,777.5,777.5,766.9500122070312,777.5,86.23999786376953,86.6500015258789,85.11000061035156,85.31999969482422,22130,0.0,1.5400009155273438,2023,0.0021138023347013757,0.02287851574307579,0.012919878811448848,0.023317337891407774
2023-08-07,765.0900268554688,786.6099853515625,765.0900268554688,765.0900268554688,85.33999633789062,86.70999908447266,85.04000091552734,86.13999938964844,19591,0.0,1.6699981689453125,2023,-0.015961380250200996,0.02303240975600678,-0.01043601053075871,0.012919878811448848
2023-08-08,750.6199951171875,785.6500244140625,750.469970703125,750.6199951171875,86.16999816894531,86.3499984741211,83.31999969482422,85.83999633789062,26377,0.0,3.029998779296875,2023,-0.018912848462753207,0.019742770337353582,0.009725824545016692,-0.01043601053075871
2023-08-09,750.469970703125,768.77001953125,762.4400024414062,762.4400024414062,87.55000305175781,87.66000366210938,85.94000244140625,86.01000213623047,29154,-11.97003173828125,1.720001220703125,2023,-0.00019986732972532284,0.015518228852203357,0.016014911362848716,0.009725824545016692
2023-08-10,768.77001953125,768.77001953125,762.6099853515625,768.77001953125,86.4000015258789,88.0999984741211,86.1500015258789,87.37000274658203,28721,0.0,1.9499969482421875,2023,0.02438478492481111,0.012503756229679195,-0.013135368198663011,0.016014911362848716
2023-08-11,768.739990234375,771.52001953125,768.7000122070312,768.739990234375,86.80999755859375,87.3499984741211,85.8499984741211,86.38999938964844,33204,0.0,1.5,2023,-3.906148277388333e-05,0.012241888572313049,0.004745324368912618,-0.013135368198663011
2023-08-14,771.6699829101562,772.75,765.9000244140625,771.6699829101562,86.20999908447266,86.69999694824219,85.5,86.63999938964844,24768,0.0,1.1999969482421875,2023,0.0038114222142755505,0.012238033901132372,-0.006911628740873033,0.004745324368912618
2023-08-15,765.9000244140625,765.9000244140625,760.0,765.9000244140625,84.88999938964844,86.66999816894531,84.29000091552734,86.30000305175781,29945,0.0,2.3799972534179688,2023,-0.007477235896015788,0.01219825323535795,-0.015311445410535529,-0.006911628740873033
2023-08-16,760.0,772.760009765625,760.0,760.0,83.44999694824219,85.36000061035156,83.12000274658203,85.12000274658203,31925,0.0,2.2399978637695312,2023,-0.007703387160192587,0.01197580409068098,-0.016963157636467607,-0.015311445410535529
2023-08-17,785.3900146484375,785.3900146484375,761.0,785.3900146484375,84.12000274658203,84.88999938964844,83.05000305175781,83.3499984741211,33977,0.0,1.839996337890625,2023,0.03340791401110188,0.013469245140443243,0.00802882951278483,-0.016963157636467607
2023-08-18,767.469970703125,769.0,767.0,767.469970703125,84.80000305175781,85.06999969482422,83.31999969482422,83.83000183105469,26072,0.0,1.75,2023,-0.022816745325357934,0.014130555308001105,0.008083693330637853,0.00802882951278483
2023-08-21,745.9299926757812,769.0,744.6400146484375,745.9299926757812,84.45999908447266,85.87000274658203,84.30999755859375,85.05999755859375,27958,0.0,1.5600051879882812,2023,-0.028066216073066252,0.014774397836208826,-0.004009480601995241,0.008083693330637853
2023-08-22,764.5,766.75,759.97998046875,764.5,84.02999877929688,84.6500015258789,83.83999633789062,84.38999938964844,27081,0.0,0.8100051879882812,2023,0.024895107458549726,0.014207903356469286,-0.005091171084973811,-0.004009480601995241
2023-08-23,761.7899780273438,762.75,756.27001953125,761.7899780273438,83.20999908447266,84.23999786376953,81.97000122070312,83.9800033569336,35103,0.0,2.2699966430664062,2023,-0.003544829264429339,0.014133360369295132,-0.009758416122055746,-0.005091171084973811
2023-08-24,760.0,773.0,755.2100219726562,760.0,83.36000061035156,83.61000061035156,81.97000122070312,82.98999786376953,27997,0.0,1.6399993896484375,2023,-0.002349700152237344,0.014112368326483934,0.001802686306084711,-0.009758416122055746
2023-08-25,755.2100219726562,774.0,755.2100219726562,755.2100219726562,84.4800033569336,84.97000122070312,82.69000244140625,83.19999694824219,20715,0.0,2.279998779296875,2023,-0.006302602667557555,0.01414538590520109,0.01343573342588189,0.001802686306084711
2023-08-28,770.8400268554688,774.219970703125,770.989990234375,772.530029296875,84.41999816894531,85.22000122070312,84.11000061035156,84.87000274658203,14607,-1.69000244140625,1.1100006103515625,2023,0.02069623605098081,0.014681289110282856,-0.0007102886553490562,0.01343573342588189
2023-08-29,773.9000244140625,773.9000244140625,759.8699951171875,773.9000244140625,85.48999786376953,85.6500015258789,83.77999877929688,84.37999725341797,14579,0.0,1.8700027465820312,2023,0.003969692091725596,0.014698300855495287,0.012674718289887643,-0.0007102886553490562
2023-08-30,771.969970703125,778.25,740.0,771.969970703125,85.86000061035156,86.20999908447266,85.12999725341797,85.62999725341797,12280,0.0,1.0800018310546875,2023,-0.00249393158037281,0.014409155542203527,0.0043280238136353955,0.012674718289887643
2023-08-31,773.0,774.0399780273438,769.010009765625,773.0,86.86000061035156,86.9000015258789,85.8499984741211,85.8499984741211,33559,0.0,1.0500030517578125,2023,0.0013342867416679116,0.014401638575466318,0.011646866909984954,0.0043280238136353955
2023-09-01,773.0,776.5,756.5,773.0,88.55000305175781,88.95999908447266,86.73999786376953,86.81999969482422,33224,0.0,2.220001220703125,2023,0.0,0.014402154690619996,0.019456624793125377,0.011646866909984954
2023-09-05,756.989990234375,760.9600219726562,744.0,756.989990234375,90.04000091552734,91.18000030517578,88.06999969482422,88.69999694824219,46893,0.0,3.1100006103515625,2023,-0.020711526216849907,0.014853411006406143,0.016826626904785424,0.019456624793125377
2023-09-06,760.5,760.5,753.8599853515625,760.5,90.5999984741211,91.11000061035156,89.25,89.9800033569336,25396,0.0,1.8600006103515625,2023,0.004636798122704677,0.014884357889824432,0.006219430840733953,0.016826626904785424
2023-09-07,753.8599853515625,753.8599853515625,753.0,753.8599853515625,89.91999816894531,90.86000061035156,89.47000122070312,90.61000061035156,22300,0.0,1.3899993896484375,2023,-0.008731117223454987,0.014943715322779674,-0.007505522258590469,0.006219430840733953
2023-09-08,785.0,789.0,784.0,785.0,90.6500015258789,91.0199966430664,89.30000305175781,89.80000305175781,27150,0.0,1.7199935913085938,2023,0.04130742479177396,0.016835389505118904,0.008118364899897257,-0.007505522258590469
2023-09-11,789.0,789.0,737.530029296875,789.0,90.63999938964844,91.44999694824219,90.12000274658203,90.66000366210938,29901,0.0,1.3299942016601562,2023,0.005095541401273884,0.016564768011353734,-0.00011033795986881145,0.008118364899897257
2023-09-12,779.0460205078125,777.0,737.7000122070312,777.0,92.05999755859375,92.41999816894531,90.54000091552734,90.55999755859375,31070,2.0460205078125,1.8799972534179688,2023,-0.012615943589591283,0.01672397940572452,0.015666352366585423,-0.00011033795986881145
2023-09-13,754.5,770.3300170898438,744.0,770.3300170898438,91.87999725341797,92.83000183105469,91.62999725341797,91.93000030517578,31803,-15.83001708984375,1.2000045776367188,2023,-0.03150779268702564,0.017485047321165088,-0.001955249945137294,0.015666352366585423
2023-09-14,783.0,784.0,743.780029296875,746.1799926757812,93.69999694824219,94.20999908447266,92.02999877929688,92.19999694824219,36699,36.82000732421875,2.1800003051757812,2023,0.0377733598409542,0.01879112892306202,0.019808443069544435,-0.001955249945137294
2023-09-15,784.0,789.0,768.1900024414062,768.1900024414062,93.93000030517578,94.61000061035156,92.66999816894531,94.12999725341797,35162,15.80999755859375,1.94000244140625,2023,0.0012771392081736277,0.018314303286999196,0.002454678382333819,0.019808443069544435
2023-09-18,767.739990234375,789.0,767.739990234375,767.739990234375,94.43000030517578,94.94999694824219,93.77999877929688,94.19999694824219,33918,0.0,1.1699981689453125,2023,-0.020739808374521718,0.018716140272490012,0.005323112939162211,0.002454678382333819
2023-09-19,759.9299926757812,789.0,759.9299926757812,759.9299926757812,94.33999633789062,95.94999694824219,94.16999816894531,94.62999725341797,43614,0.0,1.779998779296875,2023,-0.010172711670535128,0.018577936119121875,-0.0009531289526027997,0.005323112939162211
2023-09-20,776.0,780.0,770.27001953125,776.0,93.52999877929688,94.7300033569336,92.76000213623047,94.4800033569336,43515,0.0,1.970001220703125,2023,0.021146694404881705,0.01861575311853647,-0.008585940110625412,-0.0009531289526027997
2023-09-21,770.27001953125,780.5900268554688,767.4299926757812,770.27001953125,93.30000305175781,94.5999984741211,92.19999694824219,93.22000122070312,38711,0.0,2.4000015258789062,2023,-0.007383995449420144,0.018681477927076993,-0.0024590583827739376,-0.008585940110625412
2023-09-22,767.4299926757812,770.0,767.27001953125,767.4299926757812,93.2699966430664,94.62999725341797,92.80000305175781,93.31999969482422,31511,0.0,1.8299942016601562,2023,-0.0036870536090669592,0.01816761461359342,-0.000321612086923051,-0.0024590583827739376
2023-09-25,767.4299926757812,784.0,766.010009765625,767.4299926757812,93.29000091552734,94.25,92.54000091552734,93.75,18626,0.0,1.7099990844726562,2023,0.0,0.01816760568364356,0.00021447703635590898,-0.000321612086923051
2023-09-26,779.0499877929688,783.8900146484375,779.0399780273438,779.0499877929688,93.95999908447266,94.20999908447266,91.80000305175781,93.26000213623047,18509,0.0,2.4099960327148438,2023,0.01514143990733574,0.018364086728304398,0.007181886186837794,0.00021447703635590898
2023-09-27,779.0499877929688,781.7000122070312,777.0,779.0499877929688,96.55000305175781,97.04000091552734,94.1500015258789,94.16000366210938,23665,0.0,2.8899993896484375,2023,0.0,0.018303015926207512,0.02756496373479811,0.007181886186837794
2023-09-28,781.0,798.1500244140625,777.5999755859375,781.0,95.37999725341797,97.62999725341797,94.75,96.62000274658203,9192,0.0,2.8799972534179688,2023,0.002503064293159829,0.018235614861100292,-0.012118133209303328,0.02756496373479811
2023-09-29,777.5999755859375,781.0,777.5999755859375,777.5999755859375,95.30999755859375,96.23999786376953,94.95999908447266,95.0999984741211,47666,0.0,1.279998779296875,2023,-0.0043534243457906685,0.01720027584471272,-0.000733903300901062,-0.012118133209303328
2023-10-02,769.0499877929688,770.0,765.0,769.0499877929688,90.70999908447266,93.31999969482422,90.3499984741211,92.19000244140625,38153,0.0,2.970001220703125,2023,-0.010995355017245467,0.01679466621622482,-0.048263546238086374,-0.000733903300901062
2023-10-03,766.469970703125,798.2899780273438,766.469970703125,766.469970703125,90.91999816894531,91.55999755859375,89.5199966430664,90.44000244140625,50094,0.0,2.0400009155273438,2023,-0.003354810650537665,0.015944804801844174,0.0023150599337686817,-0.048263546238086374
2023-10-04,765.5,765.72998046875,746.5999755859375,765.5,85.80999755859375,91.19000244140625,85.7300033569336,90.95999908447266,49185,0.0,5.459999084472656,2023,-0.0012655038555980935,0.015296677941144463,-0.0562032634542764,0.0023150599337686817
2023-10-05,746.6099853515625,764.8099975585938,746.6099853515625,746.6099853515625,84.06999969482422,86.51000213623047,83.83999633789062,86.02999877929688,44895,0.0,2.6700057983398438,2023,-0.024676701043027438,0.015945740057323785,-0.020277332633431233,-0.0562032634542764
2023-10-06,761.5399780273438,761.5399780273438,744.5499877929688,761.5399780273438,84.58000183105469,84.95999908447266,83.44999694824219,84.22000122070312,41254,0.0,1.5100021362304688,2023,0.01999704393017332,0.016374885317221352,0.006066398692539332,-0.020277332633431233
2023-10-09,771.5399780273438,771.5399780273438,758.7100219726562,771.5399780273438,88.1500015258789,89.0,86.06999969482422,86.3499984741211,37096,0.0,2.9300003051757812,2023,0.013131286982337453,0.01649290492032599,0.042208555421353156,0.006066398692539332
2023-10-10,758.7100219726562,775.0,758.7100219726562,758.7100219726562,87.6500015258789,88.47000122070312,86.91999816894531,88.11000061035156,29704,0.0,1.5500030517578125,2023,-0.01662902301898972,0.01635091306908359,-0.005672149646568148,0.042208555421353156
2023-10-11,763.030029296875,775.0,763.030029296875,763.030029296875,85.81999969482422,88.25,85.22000122070312,87.75,37902,0.0,3.029998779296875,2023,0.005693884618772627,0.01636982198204643,-0.02087851453732581,-0.005672149646568148
2023-10-12,766.6090087890625,768.0999755859375,763.8200073242188,766.2100219726562,86.0,87.63999938964844,85.18000030517578,85.5999984741211,40488,0.39898681640625,2.4599990844726562,2023,0.0046904831458409735,0.01638980503211724,0.002097416753855219,-0.02087851453732581
2023-10-13,768.0999755859375,775.010009765625,765.22998046875,768.0999755859375,90.88999938964844,90.98999786376953,86.27999877929688,86.41000366210938,44455,0.0,4.709999084472656,2023,0.0019448855671944099,0.016392030688190055,0.05686045801916784,0.002097416753855219
2023-10-16,769.510009765625,775.25,764.9299926757812,769.510009765625,89.6500015258789,91.38999938964844,89.48999786376953,90.91999816894531,28811,0.0,1.9000015258789062,2023,0.0018357430341171543,0.016395776645792594,-0.013642841589794896,0.05686045801916784
2023-10-17,765.0,766.0,763.989990234375,765.0,89.9000015258789,90.91999816894531,88.87000274658203,90.05999755859375,27054,0.0,2.0499954223632812,2023,-0.005860885119608361,0.015968177448422202,0.0027886223730608783,-0.013642841589794896
2023-10-18,763.0,774.4400024414062,764.1400146484375,764.239990234375,91.5,92.97000122070312,90.5999984741211,90.9000015258789,35456,-1.239990234375,2.3700027465820312,2023,-0.002614379084967311,0.015957859632056957,0.01779753556133712,0.0027886223730608783
2023-10-19,765.5,774.4400024414062,765.5,774.4400024414062,92.37999725341797,93.47000122070312,89.52999877929688,91.33999633789062,34880,-8.94000244140625,3.94000244140625,2023,0.00327653997378774,0.015875680033105327,0.0096174563215079,0.01779753556133712
2023-10-20,749.0,765.3499755859375,763.5,763.5,92.16000366210938,93.79000091552734,91.68000030517578,92.8499984741211,30081,-14.5,2.1100006103515625,2023,-0.021554539516655757,0.014401985946317282,-0.0023813985478382538,0.0096174563215079
2023-10-23,859.22998046875,883.0,764.5089721679688,764.5469970703125,89.83000183105469,92.43000030517578,89.62000274658203,92.12999725341797,36158,94.6829833984375,2.80999755859375,2023,0.1471695333361147,0.03073301082711958,-0.0252821369191486,-0.0023813985478382538
2023-10-24,764.5800170898438,768.219970703125,764.4099731445312,764.64697265625,88.06999969482422,90.66999816894531,87.3499984741211,90.3499984741211,42436,-0.06695556640625,3.3199996948242188,2023,-0.11015672815242117,0.036993750535575784,-0.019592587112939652,-0.0252821369191486
2023-10-25,860.0,794.9299926757812,764.4299926757812,764.4829711914062,90.12999725341797,90.33999633789062,86.66999816894531,88.13999938964844,47506,95.51702880859375,3.6699981689453125,2023,0.12480051894809563,0.042931003412077985,0.02339045720145294,-0.019592587112939652
2023-10-26,817.4099731445312,817.4099731445312,787.989990234375,817.4099731445312,87.93000030517578,90.36000061035156,87.55000305175781,90.04000091552734,22662,0.0,2.80999755859375,2023,-0.04952328704124276,0.04360247653031455,-0.024409153614600387,0.02339045720145294
2023-10-27,802.2000122070312,802.2000122070312,789.0,802.2000122070312,90.4800033569336,90.73999786376953,87.83999633789062,88.26000213623047,21249,0.0,2.9000015258789062,2023,-0.018607505948316394,0.043769714335660195,0.029000375786507382,-0.024409153614600387
2023-10-30,794.5,789.4500122070312,785.97998046875,787.25,87.44999694824219,90.30000305175781,87.22000122070312,90.30000305175781,15413,7.25,3.0800018310546875,2023,-0.00959861891032232,0.043620127261653555,-0.033488133247943974,0.029000375786507382
2023-10-31,785.97998046875,788.1900024414062,785.8499755859375,785.97998046875,87.41000366210938,88.52999877929688,87.41000366210938,87.80999755859375,35673,0.0,1.1199951171875,2023,-0.010723750196664605,0.043625558505591605,-0.0004573274731671795,-0.033488133247943974
2023-11-01,786.5,789.0,785.5800170898438,786.5,84.62999725341797,87.22000122070312,84.55999755859375,85.44999694824219,36235,0.0,2.660003662109375,2023,0.0006616193085984268,0.04347578423211496,-0.031804213387723324,-0.0004573274731671795
2023-11-02,788.0,788.0,785.5900268554688,788.0,86.8499984741211,87.02999877929688,84.61000061035156,84.94000244140625,31512,0.0,2.4199981689453125,2023,0.0019071837253654689,0.04344466039642951,0.02623184795877398,-0.031804213387723324
2023-11-03,785.5900268554688,787.8300170898438,785.5900268554688,785.5900268554688,84.88999938964844,87.77999877929688,84.55000305175781,86.86000061035156,36172,0.0,3.2299957275390625,2023,-0.0030583415539736647,0.04344215446616042,-0.0225676352205888,0.02623184795877398
2023-11-06,806.27001953125,806.3499755859375,781.0499877929688,781.0499877929688,85.18000030517578,86.44999694824219,84.91000366210938,85.38999938964844,26524,25.22003173828125,1.5399932861328125,2023,0.02632415378102282,0.043672726192015086,0.0034161964614491946,-0.0225676352205888
2023-11-07,799.5,799.5,786.0800170898438,799.5,81.61000061035156,85.31999969482422,81.41999816894531,85.2300033569336,38007,0.0,3.9000015258789062,2023,-0.008396714955600015,0.043649900600133004,-0.04191124303867011,0.0034161964614491946
2023-11-08,786.0900268554688,802.75,786.0900268554688,786.0900268554688,79.54000091552734,81.93000030517578,79.16000366210938,81.47000122070312,36137,0.0,2.7699966430664062,2023,-0.016772949524116676,0.043780342974533815,-0.025364534730338617,-0.04191124303867011
2023-11-09,802.7999877929688,802.7999877929688,802.0,802.7999877929688,80.01000213623047,81.4800033569336,79.44000244140625,79.77999877929688,32592,0.0,2.0400009155273438,2023,0.0212570575463773,0.043933318050726554,0.005908991894559845,-0.025364534730338617
2023-11-10,803.0059814453125,804.5,802.3800048828125,802.510009765625,81.43000030517578,82.05000305175781,79.61000061035156,79.69999694824219,20653,0.4959716796875,2.44000244140625,2023,0.0002565939903786951,0.04391904678145736,0.017747758168129124,0.005908991894559845
2023-11-13,804.5,803.219970703125,799.6500244140625,799.6500244140625,82.5199966430664,82.81999969482422,80.41000366210938,81.44999694824219,22380,4.8499755859375,2.4099960327148438,2023,0.0018605322864451157,0.04385082495802589,0.013385685052261342,0.017747758168129124
2023-11-14,821.0,964.0,801.6599731445312,803.1699829101562,82.47000122070312,83.97000122070312,82.05000305175781,82.75,25753,17.83001708984375,1.9199981689453125,2023,0.02050963331261646,0.04395914509677715,-0.0006058582694753456,0.013385685052261342
2023-11-15,845.0,845.5800170898438,844.0,844.9400024414062,81.18000030517578,83.01000213623047,80.80000305175781,82.37999725341797,32261,0.05999755859375,2.2099990844726562,2023,0.02923264311814866,0.044204379731986425,-0.015642062524954925,-0.0006058582694753456
2023-11-16,843.0800170898438,846.6900024414062,826.8400268554688,843.0800170898438,77.41999816894531,81.16000366210938,76.5999984741211,80.94000244140625,37692,0.0,4.560005187988281,2023,-0.002272169124445278,0.043887599367594766,-0.04631685294525356,-0.015642062524954925
2023-11-17,845.0,845.0,839.5399780273438,845.0,80.61000061035156,80.80000305175781,77.27999877929688,77.52999877929688,35037,0.0,3.5200042724609375,2023,0.002277343634336848,0.04379738402035788,0.04120385581054986,-0.04631685294525356
2023-11-20,839.5399780273438,839.2899780273438,819.6799926757812,823.5499877929688,82.31999969482422,82.93000030517578,79.97000122070312,80.47000122070312,24121,15.989990234375,2.9599990844726562,2023,-0.006461564464681935,0.04380829315799677,0.0212132374584435,0.04120385581054986
2023-11-21,819.6799926757812,821.0,817.25,819.6799926757812,82.44999694824219,82.52999877929688,81.41000366210938,82.12999725341797,22699,0.0,1.1199951171875,2023,-0.02365579468678458,0.043939407178789684,0.0015791697509706104,0.0212132374584435
2023-11-22,816.0999755859375,816.0999755859375,815.6099853515625,816.0999755859375,81.95999908447266,82.62999725341797,78.41000366210938,82.4000015258789,40651,0.0,4.219993591308594,2023,-0.004367578959878049,0.04396033084476588,-0.005942970065567432,0.0015791697509706104
2023-11-23,803.8900146484375,804.4400024414062,803.8900146484375,803.8900146484375,81.37000274658203,81.62999725341797,80.18000030517578,81.62999725341797,40651,0.0,1.4499969482421875,2023,-0.014961354371728297,0.044082769798294785,-0.007198588878491119,-0.005942970065567432
2023-11-24,804.4400024414062,819.0,803.3499755859375,804.4400024414062,80.58000183105469,82.19999694824219,80.18000030517578,81.62999725341797,19356,0.0,2.0199966430664062,2023,0.0006841580103582601,0.044083909204682345,-0.009708748787777721,-0.007198588878491119
2023-11-27,803.0,805.5,789.0,801.4199829101562,79.9800033569336,81.18000030517578,79.12999725341797,80.33999633789062,15161,1.58001708984375,2.0500030517578125,2023,-0.0017900681679627883,0.04409061795866659,-0.007445997275838501,-0.009708748787777721
2023-11-28,799.0,805.25,788.4500122070312,799.0,81.68000030517578,82.18000030517578,79.83000183105469,80.13999938964844,15095,0.0,2.3499984741210938,2023,-0.00498132004981322,0.04408527693259112,0.02125527477981537,-0.007445997275838501
2023-11-29,789.0,793.25,784.9600219726562,789.0,83.0999984741211,83.23999786376953,80.95999908447266,81.93000030517578,8045,0.0,2.279998779296875,2023,-0.01251564455569465,0.044160779093706734,0.017384894265914053,0.02125527477981537
2023-11-30,793.5,793.5,789.0,793.5,82.83000183105469,84.70999908447266,82.66999816894531,82.87000274658203,59320,0.0,2.0400009155273438,2023,0.005703422053231932,0.04416536900004017,-0.003249057136270439,0.017384894265914053
2023-12-01,790.0,790.0,788.5,790.0,78.87999725341797,81.5199966430664,78.75,80.47000122070312,29551,0.0,2.7699966430664062,2023,-0.004410838059231259,0.04395906793269318,-0.047688089947087065,-0.003249057136270439
2023-12-04,788.5,798.5,789.0,789.5800170898438,78.02999877929688,79.66000366210938,77.5199966430664,79.43000030517578,32582,-1.08001708984375,2.1400070190429688,2023,-0.0018987341772152,0.03446263351574829,-0.010775843099871119,-0.047688089947087065
2023-12-05,798.5,801.5,798.5,798.5,77.19999694824219,79.06999969482422,76.9800033569336,78.19999694824219,30931,0.0,2.089996337890625,2023,0.012682308180088864,0.027871811768087,-0.010636958144806585,-0.010775843099871119
2023-12-06,802.0,802.0,801.969970703125,802.0,74.30000305175781,77.62999725341797,74.11000061035156,77.05999755859375,34004,0.0,3.5199966430664062,2023,0.004383218534752764,0.015451583934781653,-0.03756468926324752,-0.010636958144806585
2023-12-07,803.0,803.0,800.489990234375,803.0,74.05000305175781,75.4800033569336,73.61000061035156,74.30000305175781,26600,0.0,1.8700027465820312,2023,0.0012468827930174342,0.012609693621740747,-0.003364737412269614,-0.03756468926324752
2023-12-08,800.5,800.5,789.0,800.5,75.83999633789062,76.36000061035156,74.2300033569336,74.5,21497,0.0,2.1299972534179688,2023,-0.0031133250311332628,0.012152159470119167,0.024172764515373313,-0.003364737412269614
2023-12-11,803.0,790.5,789.0,790.3200073242188,76.02999877929688,76.4800033569336,75.0,75.66000366210938,20413,12.67999267578125,1.4800033569335938,2023,0.0031230480949406836,0.012026970974253703,0.002505306574116073,0.024172764515373313
2023-12-12,793.0,794.0,788.760009765625,793.0,73.23999786376953,76.63999938964844,72.86000061035156,76.25,29568,0.0,3.779998779296875,2023,-0.012453300124533051,0.012086251549481099,-0.03669605366726725,0.002505306574116073
2023-12-13,801.9199829101562,802.510009765625,789.0,801.9199829101562,74.26000213623047,74.69999694824219,72.30000305175781,73.36000061035156,27711,0.0,2.399993896484375,2023,0.011248402156565307,0.01224862542492342,0.013926874688857893,-0.03669605366726725
2023-12-14,802.0,802.0,790.5,802.0,76.61000061035156,77.3499984741211,74.45999908447266,74.70999908447266,28386,0.0,2.8899993896484375,2023,9.978188790538134e-05,0.012247027385988252,0.03164554816211829,0.013926874688857893
2023-12-15,790.5,802.5,789.0,790.5,76.55000305175781,77.22000122070312,75.33000183105469,76.5999984741211,19442,0.0,1.8899993896484375,2023,-0.014339152119700715,0.01253490560032987,-0.0007831556992005106,0.03164554816211829
2023-12-18,802.489990234375,794.2899780273438,789.4099731445312,794.2899780273438,77.94999694824219,79.51000213623047,75.77999877929688,76.97000122070312,30258,8.20001220703125,3.7300033569335938,2023,0.015167603079538239,0.011884297242612227,0.018288619734447176,-0.0007831556992005106
2023-12-19,789.4099731445312,824.5,788.8200073242188,789.4099731445312,79.2300033569336,79.66000366210938,77.43000030517578,78.05000305175781,25735,0.0,2.2300033569335938,2023,-0.016299290021079993,0.012159201394548515,0.01642086541121124,0.018288619734447176
2023-12-20,800.0,824.5,824.469970703125,824.5,79.69999694824219,80.61000061035156,79.08000183105469,79.25,26913,-24.5,1.529998779296875,2023,0.01341511662600925,0.01200150665673864,0.005932015289602521,0.01642086541121124
2023-12-21,824.5,824.5,823.3699951171875,824.5,79.38999938964844,80.12000274658203,77.8499984741211,79.13999938964844,22237,0.0,2.2700042724609375,2023,0.030624999999999902,0.012659865347556068,-0.0038895554637858876,0.005932015289602521
2023-12-22,825.0759887695312,905.8900146484375,902.3099975585938,903.0,79.06999969482422,80.37000274658203,78.83000183105469,79.44000244140625,12334,-77.92401123046875,1.5400009155273438,2023,0.0006985915943373833,0.012659267843836801,-0.0040307305363948,-0.0038895554637858876
2023-12-26,904.0700073242188,905.0,903.5999755859375,904.0700073242188,81.06999969482422,81.70999908447266,78.80999755859375,79.19000244140625,10247,0.0,2.9000015258789062,2023,0.09574150700045747,0.02144149999706066,0.025294043350438056,-0.0040307305363948
2023-12-27,904.5999755859375,905.0,903.0,904.5999755859375,79.6500015258789,81.31999969482422,79.48999786376953,80.73999786376953,8282,0.0,1.8300018310546875,2023,0.0005862026805725229,0.02122349225956599,-0.0175157046292177,0.025294043350438056
2023-12-28,895.0,896.1099853515625,895.0,895.0,78.38999938964844,79.95999908447266,78.33999633789062,79.83999633789062,24301,0.0,1.6200027465820312,2023,-0.01061239867900643,0.020796608546555274,-0.015819235556713496,-0.0175157046292177
2023-12-29,897.0,897.0,896.1099853515625,897.0,77.04000091552734,77.97000122070312,76.75,77.41999816894531,20115,0.0,1.220001220703125,2023,0.0022346368715084886,0.020780070723814357,-0.01722156505462813,-0.015819235556713496
2024-01-02,898.5999755859375,898.5999755859375,895.0,898.5999755859375,75.88999938964844,79.04000091552734,75.5999984741211,77.20999908447266,28591,0.0,3.44000244140625,2024,0.00178369630539299,0.020780258979176743,-0.014927330116984994,-0.01722156505462813
2024-01-03,884.2999877929688,885.4099731445312,883.510009765625,884.2999877929688,78.25,78.66999816894531,74.79000091552734,75.98999786376953,32172,0.0,3.8799972534179688,2024,-0.01591363029321735,0.020987552653334404,0.031097649615654976,-0.014927330116984994
2024-01-04,891.4000244140625,911.9400024414062,891.3400268554688,891.4000244140625,77.58999633789062,79.4000015258789,76.5,78.5,33154,0.0,2.9000015258789062,2024,0.008028990974899841,0.020445468454226415,-0.0084345515924521,0.031097649615654976
2024-01-05,912.0,913.9299926757812,911.8800048828125,912.0,78.76000213623047,79.25,77.5,77.5999984741211,30994,0.0,1.75,2024,0.023109687033583404,0.02071799456522269,0.01507933823381924,-0.0084345515924521
2024-01-08,913.969970703125,910.0399780273438,883.5700073242188,909.4099731445312,76.12000274658203,78.94999694824219,75.26000213623047,78.5999984741211,32539,4.55999755859375,3.6899948120117188,2024,0.0021600555955318956,0.02041383669066651,-0.03351954441395333,0.01507933823381924
2024-01-09,884.8049926757812,914.0,882.0900268554688,884.7000122070312,77.58999633789062,78.18000030517578,75.95999908447266,76.36000061035156,27914,0.10498046875,2.220001220703125,2024,-0.031910214735946796,0.02146322565983202,0.019311528353493035,-0.03351954441395333
2024-01-10,914.0,914.0,913.9299926757812,914.0,76.80000305175781,78.7300033569336,76.37999725341797,77.45999908447266,34395,0.0,2.350006103515625,2024,0.03299597941454735,0.022103630874311705,-0.01018163839952424,0.019311528353493035
2024-01-11,950.989990234375,957.5499877929688,950.989990234375,950.989990234375,77.41000366210938,79.08999633789062,76.6500015258789,76.73999786376953,35565,0.0,2.4399948120117188,2024,0.04047044883410833,0.022968384163948866,0.007942715965004066,-0.01018163839952424
2024-01-12,957.5499877929688,958.5,957.5499877929688,957.5499877929688,78.29000091552734,80.73999786376953,77.93000030517578,78.45999908447266,31824,0.0,2.80999755859375,2024,0.0068980721416185276,0.02269864805195277,0.011368004286101296,0.007942715965004066
2024-01-16,957.5499877929688,960.0900268554688,910.25,957.5499877929688,78.29000091552734,79.38999938964844,76.83000183105469,78.08000183105469,46742,0.0,2.55999755859375,2024,0.0,0.02273127451026454,0.0,0.011368004286101296
2024-01-17,895.0,910.25,895.0,895.0,77.87999725341797,78.18000030517578,76.5,77.86000061035156,35892,0.0,1.6800003051757812,2024,-0.06532294772113001,0.02619783258883494,-0.005236986298566504,0.0
2024-01-18,873.4840087890625,895.02001953125,858.0,858.5599975585938,79.0999984741211,79.30000305175781,77.33999633789062,78.05000305175781,28190,14.92401123046875,1.9600067138671875,2024,-0.024040213643505615,0.026691392968723655,0.015665142061231707,-0.005236986298566504
2024-01-19,895.02001953125,896.0,860.0,895.02001953125,78.55999755859375,79.75,78.33000183105469,78.9800033569336,23734,0.0,1.4199981689453125,2024,0.02465530052695941,0.026918007616322737,-0.0068268132230623335,0.015665142061231707
2024-01-22,890.5399780273438,910.5,890.0,910.5,80.05999755859375,80.55000305175781,77.81999969482422,78.8499984741211,27825,-19.96002197265625,2.7300033569335938,2024,-0.005005521000806867,0.026969798419658318,0.019093686947752708,-0.0068268132230623335
2024-01-23,890.510009765625,890.510009765625,870.0,890.510009765625,79.55000305175781,80.44000244140625,78.69999694824219,79.91000366210938,27835,0.0,1.7400054931640625,2024,-3.365178707093186e-05,0.026975061141788867,-0.006370153914415089,0.019093686947752708
2024-01-24,915.4409790039062,915.0,899.77001953125,915.0,80.04000091552734,80.73999786376953,79.05000305175781,79.73999786376953,22429,0.44097900390625,1.6899948120117188,2024,0.0279962818664361,0.027296186852806093,0.006159620929878873,-0.006370153914415089
2024-01-25,899.77001953125,901.0,893.9500122070312,899.77001953125,82.43000030517578,82.55999755859375,80.06999969482422,80.30999755859375,21420,0.0,2.4899978637695312,2024,-0.0171184815100891,0.027588614791176497,0.029860061997885268,0.006159620929878873
2024-01-26,888.0,900.0999755859375,888.0,888.0,83.55000305175781,83.83000183105469,81.31999969482422,82.38999938964844,19128,0.0,2.5100021362304688,2024,-0.013081142153838154,0.027601888494019178,0.013587319452086799,0.029860061997885268
2024-01-29,898.7000122070312,910.5,891.5499877929688,900.780029296875,82.4000015258789,84.79000091552734,82.04000091552734,84.12999725341797,12802,-2.08001708984375,2.75,2024,0.012049563296206323,0.027609388428254056,-0.01376423080638911,0.013587319452086799
2024-01-30,893.0,893.0,891.0,893.0,82.87000274658203,83.25,81.33999633789062,82.56999969482422,7284,0.0,1.910003662109375,2024,-0.006342508211425457,0.027667115077519292,0.005703898203879509,-0.01376423080638911
2024-01-31,896.0,1191.0,896.0,896.0,81.70999908447266,82.80000305175781,81.70999908447266,82.58999633789062,33486,0.0,1.0900039672851562,2024,0.0033594624860022737,0.027451466634370914,-0.013997871650332727,0.005703898203879509
2024-02-01,1194.0,1194.0,1192.0,1194.0,78.69999694824219,81.55000305175781,78.58000183105469,80.66999816894531,48919,0.0,2.970001220703125,2024,0.3325892857142858,0.06591444533810975,-0.03683762293423476,-0.013997871650332727
2024-02-02,1192.0,1413.0,1194.0,1194.0,77.33000183105469,79.44000244140625,76.86000061035156,78.91999816894531,32405,-2.0,2.5800018310546875,2024,-0.0016750418760469454,0.06572785238314162,-0.0174078166494529,-0.03683762293423476
2024-02-05,1192.0,1400.969970703125,1400.0,1400.0,77.98999786376953,78.33000183105469,76.62000274658203,77.66000366210938,24879,-208.0,1.7099990844726562,2024,0.0,0.06578891537652333,0.008534799134710447,-0.0174078166494529
2024-02-06,1400.0999755859375,1420.0,1399.5,1399.5,78.58999633789062,79.06999969482422,77.6500015258789,77.94000244140625,24904,0.5999755859375,1.4199981689453125,2024,0.17458051643115557,0.07191973569490966,0.007693274657721627,0.008534799134710447
2024-02-07,1407.5,1417.6300048828125,1407.0,1407.5,79.20999908447266,79.47000122070312,78.48999786376953,78.69999694824219,26342,0.0,0.9800033569335938,2024,0.005285354291193034,0.07188223605506831,0.00788907972353603,0.007693274657721627
2024-02-08,1417.6300048828125,1417.6300048828125,1417.1700439453125,1417.6300048828125,81.62999725341797,81.88999938964844,79.0199966430664,79.37999725341797,32568,0.0,2.8700027465820312,2024,0.0071971615508437115,0.07047398617650542,0.03055167525459157,0.00788907972353603
2024-02-09,1403.510009765625,1450.4000244140625,1397.0,1444.56005859375,82.19000244140625,82.45999908447266,81.20999908447266,81.7300033569336,26408,-41.050048828125,1.25,2024,-0.00996028235050983,0.0705857508074527,0.006860286742994326,0.03055167525459157
2024-02-12,1474.1199951171875,1504.5,1474.1199951171875,1474.1199951171875,82.0,82.20999908447266,80.79000091552734,81.76000213623047,22915,0.0,1.4199981689453125,2024,0.05030957019205995,0.07064586199136354,-0.0023117463896135115,0.006860286742994326
2024-02-13,1503.0,1503.0,1449.0,1503.0,82.7699966430664,83.2300033569336,81.95999908447266,82.05000305175781,29306,0.0,1.2700042724609375,2024,0.019591352792495353,0.07057619141996688,0.009390202964224548,-0.0023117463896135115
2024-02-14,1515.0899658203125,1516.0,1499.3900146484375,1515.0899658203125,81.5999984741211,83.61000061035156,81.38999938964844,82.66000366210938,28305,0.0,2.220001220703125,2024,0.00804388943467238,0.07053148271512824,-0.014135534812098172,0.009390202964224548
2024-02-15,1516.0,1516.699951171875,1514.0,1516.0,82.86000061035156,83.25,80.72000122070312,81.5199966430664,31230,0.0,2.529998779296875,2024,0.0006006469584101115,0.07030859769598581,0.015441202938625942,-0.014135534812098172
2024-02-16,1516.699951171875,1524.3299560546875,1493.1199951171875,1516.699951171875,83.47000122070312,83.66000366210938,81.9000015258789,82.83000183105469,34125,0.0,1.7600021362304688,2024,0.00046170921627641803,0.07036724833714726,0.007361822421654063,0.015441202938625942
2024-02-20,1493.22998046875,1605.800048828125,1490.0,1493.22998046875,82.33999633789062,83.62999725341797,82.05000305175781,83.30000305175781,34581,0.0,1.5799942016601562,2024,-0.01547436636032784,0.07065910933144169,-0.01353785631109139,0.007361822421654063
2024-02-21,1605.800048828125,1606.0,1590.0,1605.800048828125,83.02999877929688,83.16999816894531,81.66999816894531,82.55999755859375,23038,0.0,1.5,2024,0.07538695969929377,0.07133168756078836,0.00837991829116369,-0.01353785631109139
2024-02-22,1606.5,1606.5,1599.75,1606.5,83.66999816894531,83.97000122070312,82.33999633789062,83.16000366210938,27885,0.0,1.6300048828125,2024,0.0004358893701528199,0.07074509596524851,0.007708050091023377,0.00837991829116369
2024-02-23,1606.5,1606.5,1604.550048828125,1606.5,81.62000274658203,83.4800033569336,81.44000244140625,83.41999816894531,19427,0.0,2.0400009155273438,2024,0.0,0.07082729424796635,-0.024500961721356296,0.007708050091023377
2024-02-26,1606.5,1606.5,1560.0,1606.5,82.52999877929688,83.05999755859375,81.0199966430664,81.58999633789062,15694,0.0,2.0400009155273438,2024,0.0,0.07083029260345829,0.011149179148403743,-0.024500961721356296
2024-02-27,1544.0,1574.0,1561.6400146484375,1563.5,83.6500015258789,83.73999786376953,82.0999984741211,82.55000305175781,10882,-19.5,1.6399993896484375,2024,-0.0389044506691566,0.07160543821547893,0.013570856211656546,0.011149179148403743
2024-02-28,1578.5799560546875,1630.1600341796875,1558.0,1578.5799560546875,83.68000030517578,84.30000305175781,82.62000274658203,83.4000015258789,6015,0.0,1.6800003051757812,2024,0.022396344595004836,0.07152600075463604,0.0003586225791949449,0.013570856211656546
2024-02-29,1630.1600341796875,1630.1600341796875,1580.0,1630.1600341796875,83.62000274658203,83.73999786376953,83.04000091552734,83.6500015258789,27327,0.0,0.6999969482421875,2024,0.03267498610201103,0.06976136991441842,-0.0007169880302932974,0.0003586225791949449
2024-03-01,1617.050048828125,1617.050048828125,1616.0,1617.050048828125,83.55000305175781,84.3499984741211,81.80999755859375,81.97000122070312,30885,0.0,2.5400009155273438,2024,-0.008042146216742152,0.06945619677020413,-0.0008371166290960241,-0.0007169880302932974
2024-03-04,1577.56005859375,1544.0799560546875,1509.75,1544.0799560546875,82.80000305175781,84.06999969482422,82.58000183105469,83.58999633789062,26396,33.4801025390625,1.4899978637695312,2024,-0.024421006797528233,0.06998527272944607,-0.008976660354343635,-0.0008371166290960241
2024-03-05,1511.989990234375,1560.510009765625,1540.0,1544.0799560546875,82.04000091552734,83.13999938964844,81.7300033569336,82.97000122070312,37442,-32.0899658203125,1.4099960327148438,2024,-0.04156422952152117,0.07076935019654855,-0.009178769422935829,-0.008976660354343635
2024-03-06,1560.510009765625,1590.6700439453125,1560.0,1560.510009765625,82.95999908447266,84.05999755859375,81.88999938964844,82.08000183105469,35173,0.0,2.1699981689453125,2024,0.032090172451292975,0.07070067760424038,0.011214019486574411,-0.009178769422935829
2024-03-07,1590.6700439453125,1595.0,1580.5699462890625,1590.6700439453125,82.95999908447266,83.47000122070312,82.06999969482422,82.83999633789062,32447,0.0,1.4000015258789062,2024,0.019327036668106423,0.07068859523210498,0.0,0.011214019486574411
2024-03-08,1591.0,1595.0,1585.0,1591.0,82.08000183105469,83.83999633789062,81.70999908447266,83.33999633789062,26605,0.0,2.1299972534179688,2024,0.00020743211701468312,0.07043963895381655,-0.010607488706960155,0.0
2024-03-11,1593.8399658203125,1625.3699951171875,1585.0,1593.8399658203125,82.20999908447266,82.7300033569336,81.08000183105469,81.91000366210938,28619,0.0,1.6500015258789062,2024,0.0017850193716608675,0.07024189858857852,0.0015837871651798174,-0.010607488706960155
2024-03-12,1624.72998046875,1624.72998046875,1574.68994140625,1624.72998046875,81.91999816894531,83.01000213623047,81.69000244140625,82.43000030517578,29951,0.0,1.3199996948242188,2024,0.01938087594166915,0.07021979727713513,-0.0035275625685065037,0.0015837871651798174
2024-03-13,1612.280029296875,1612.280029296875,1579.75,1612.280029296875,84.02999877929688,84.22000122070312,81.97000122070312,82.38999938964844,34043,0.0,2.25,2024,-0.007662781706215038,0.07023856952477547,0.025756843963790965,-0.0035275625685065037
2024-03-14,1612.280029296875,1616.0,1585.0,1593.4100341796875,85.41999816894531,85.68000030517578,83.94000244140625,83.9800033569336,34250,18.8699951171875,1.7399978637695312,2024,0.0,0.07027187324404911,0.01654170427039081,0.025756843963790965
2024-03-15,1594.0,1610.239990234375,1580.530029296875,1594.0,85.33999633789062,85.55000305175781,84.62999725341797,85.12999725341797,23623,0.0,0.9200057983398438,2024,-0.011337998960916917,0.038856900040284484,-0.0009365702735846249,0.01654170427039081
2024-03-18,1610.6199951171875,1591.8199462890625,1550.0,1591.6400146484375,86.88999938964844,87.18000030517578,85.26000213623047,85.37999725341797,33687,18.97998046875,1.9199981689453125,2024,0.010426596685813916,0.038790441761888644,0.018162680082863147,-0.0009365702735846249
2024-03-19,1563.9599609375,1564.719970703125,1476.75,1563.9599609375,87.37999725341797,87.70999908447266,86.48999786376953,86.8499984741211,30045,0.0,1.220001220703125,2024,-0.028970231538875568,0.03942300142626989,0.0056392895294219425,0.018162680082863147
2024-03-20,1476.75,1510.010009765625,1476.0,1476.75,85.94999694824219,87.3499984741211,85.58000183105469,87.22000122070312,35304,0.0,1.7699966430664062,2024,-0.05576227212698137,0.026552370197620738,-0.016365304991124208,0.0056392895294219425
2024-03-21,1481.0,1420.0,1369.989990234375,1420.0,85.77999877929688,86.63999938964844,85.05000305175781,86.16000366210938,23829,61.0,1.589996337890625,2024,0.0028779414254274105,0.026546100757854314,-0.001977872890998267,-0.016365304991124208
2024-03-22,1369.989990234375,1428.530029296875,1410.43994140625,1410.43994140625,85.43000030517578,86.1500015258789,85.11000061035156,85.55000305175781,14778,-40.449951171875,1.0400009155273438,2024,-0.07495611732992913,0.030007137473167297,-0.0040801874458124,-0.001977872890998267
2024-03-25,1464.0,1449.5,1400.1400146484375,1448.3900146484375,86.75,87.18000030517578,85.4000015258789,85.5999984741211,21176,15.6099853515625,1.779998779296875,2024,0.06862094645636208,0.03249750086799006,0.015451243007244209,-0.0040801874458124
2024-03-26,1424.3299560546875,1439.8900146484375,1391.530029296875,1424.3299560546875,86.25,87.05000305175781,85.80999755859375,86.7699966430664,12736,0.0,1.2400054931640625,2024,-0.027097024552809046,0.031582866801835086,-0.0057636887608069065,0.015451243007244209
2024-03-27,1394.52001953125,1403.219970703125,1394.52001953125,1394.52001953125,86.08999633789062,86.36000061035156,85.18000030517578,85.97000122070312,8449,0.0,1.1800003051757812,2024,-0.020929094692362815,0.03155324253934618,-0.0018551149230072728,-0.0057636887608069065
2024-03-28,1418.0699462890625,1418.0699462890625,1393.0,1418.0699462890625,87.4800033569336,87.4800033569336,86.31999969482422,86.52999877929688,30759,0.0,1.160003662109375,2024,0.016887478435575698,0.03169145181378022,0.016145976050311317,-0.0018551149230072728
2024-04-01,1303.8399658203125,1306.1700439453125,1303.0,1303.8399658203125,87.41999816894531,87.98999786376953,86.4000015258789,86.93000030517578,29598,0.0,1.589996337890625,2024,-0.08055313545546727,0.03479796335098162,-0.0006859303347697132,0.016145976050311317
2024-04-02,1306.1700439453125,1327.0400390625,1294.5,1306.1700439453125,88.91999816894531,89.27999877929688,87.6500015258789,87.80000305175781,40754,0.0,1.6299972534179688,2024,0.0017870890493327796,0.03480522050896822,0.017158545314782003,-0.0006859303347697132
2024-04-03,1304.0,1319.0999755859375,1259.0999755859375,1294.5,89.3499984741211,89.9800033569336,88.68000030517578,89.20999908447266,35138,9.5,1.3000030517578125,2024,-0.0016613793551395473,0.034744701762922714,0.004835810998992551,0.017158545314782003
2024-04-04,1319.0999755859375,1319.1099853515625,1319.0999755859375,1319.0999755859375,90.6500015258789,91.30000305175781,88.7300033569336,89.5,38764,0.0,2.5699996948242188,2024,0.011579735878786357,0.0315264902420157,0.014549558746040026,0.004835810998992551
2024-04-05,1319.0999755859375,1319.1099853515625,1242.5,1319.0999755859375,91.16999816894531,91.91000366210938,90.56999969482422,91.01000213623047,37391,0.0,1.3400039672851562,2024,0.0,0.031523500150068204,0.005736311465123878,0.014549558746040026
2024-04-08,1247.25,1295.6600341796875,1243.1500244140625,1295.6600341796875,90.37999725341797,91.0999984741211,88.80000305175781,90.30999755859375,39142,-48.4100341796875,2.2999954223632812,2024,-0.05446893860643287,0.032708711070081276,-0.00866514128982876,0.005736311465123878
2024-04-09,1241.1300048828125,1248.5899658203125,1236.739990234375,1241.1300048828125,89.41999816894531,90.94000244140625,89.2699966430664,90.55000305175781,33993,0.0,1.6700057983398438,2024,-0.004906791034024804,0.032680223321954804,-0.01062180917953448,-0.00866514128982876
2024-04-10,1248.0899658203125,1248.0899658203125,1245.449951171875,1248.0899658203125,90.4800033569336,90.66000366210938,88.83000183105469,89.51000213623047,51136,0.0,1.8300018310546875,2024,0.005607761403010336,0.03223807096438718,0.01185422958727389,-0.01062180917953448
2024-04-11,1239.3599853515625,1246.6700439453125,1239.3599853515625,1239.3599853515625,89.73999786376953,90.91999816894531,89.37000274658203,90.54000091552734,47337,0.0,1.5499954223632812,2024,-0.006994672425727044,0.031771086310104495,-0.008178663414111775,0.01185422958727389
2024-04-12,1241.7900390625,1245.8699951171875,1193.8699951171875,1241.7900390625,90.44999694824219,92.18000030517578,90.01000213623047,90.29000091552734,43560,0.0,2.1699981689453125,2024,0.0019607327488857518,0.03091394373788115,0.007911735027567923,-0.008178663414111775
2024-04-15,1200.0,1189.5,1150.72998046875,1150.8699951171875,90.0999984741211,91.1500015258789,88.7300033569336,90.37000274658203,35488,49.1300048828125,2.4199981689453125,2024,-0.03365306351953812,0.03125094982206031,-0.003869524443669947,0.007911735027567923
2024-04-16,1152.5,1172.6400146484375,1147.199951171875,1152.5,90.0199966430664,90.83000183105469,89.41000366210938,90.43000030517578,34348,0.0,1.4199981689453125,2024,-0.039583333333333304,0.03162243288905416,-0.0008879226682525498,-0.003869524443669947
2024-04-17,1140.5,1150.6800537109375,1139.3199462890625,1140.5,87.29000091552734,90.1500015258789,87.13999938964844,90.05000305175781,45933,0.0,3.0100021362304688,2024,-0.010412147505422964,0.031053806321301964,-0.030326547759867428,-0.0008879226682525498
2024-04-18,1140.1400146484375,1164.199951171875,1138.0,1160.06005859375,87.11000061035156,87.79000091552734,86.0999984741211,87.44000244140625,38630,-19.9200439453125,1.69000244140625,2024,-0.0003156381863765878,0.030129373042191775,-0.002062095352135196,-0.030326547759867428
2024-04-19,1149.77001953125,1150.5799560546875,1077.0,1149.77001953125,87.29000091552734,90.77999877929688,86.16000366210938,86.95999908447266,45203,0.0,4.6199951171875,2024,0.00844633532643968,0.029828648131664144,0.0020663563760139336,-0.002062095352135196
2024-04-22,1075.25,1189.25,1075.25,1075.25,87.0,87.25,85.79000091552734,87.04000091552734,32395,0.0,1.4599990844726562,2024,-0.06481297847862744,0.031359987825586716,-0.003322269589709159,0.0020663563760139336
2024-04-23,1233.0,1256.4599609375,1231.9599609375,1233.0,88.41999816894531,88.48999786376953,86.04000091552734,87.2300033569336,35381,0.0,2.4499969482421875,2024,0.14671006742617987,0.04273452841295051,0.01632181803385424,-0.003322269589709159
2024-04-24,1233.0,1290.0,1233.0,1233.0,88.0199966430664,88.80000305175781,87.6500015258789,88.45999908447266,26662,0.0,1.1500015258789062,2024,0.0,0.04245724581575962,-0.004523880730178509,0.01632181803385424
2024-04-25,1253.530029296875,1279.52001953125,1253.530029296875,1253.530029296875,89.01000213623047,89.26000213623047,87.29000091552734,88.11000061035156,24588,0.0,1.970001220703125,2024,0.01665046982714924,0.042701291930319595,0.011247506599877166,-0.004523880730178509
2024-04-26,1276.0,1305.719970703125,1279.52001953125,1279.52001953125,89.5,89.83000183105469,88.80000305175781,89.20999908447266,15475,-3.52001953125,1.029998779296875,2024,0.017925354940023785,0.04293456528835296,0.005504975306253712,0.011247506599877166
2024-04-29,1325.4599609375,1359.1700439453125,1324.6300048828125,1325.4599609375,88.4000015258789,89.30000305175781,88.0999984741211,89.25,15093,0.0,1.2000045776367188,2024,0.03876172487264884,0.043723008143631226,-0.01229048574436975,0.005504975306253712
2024-04-30,1356.5,1388.969970703125,1356.5,1356.5,87.86000061035156,88.70999908447266,87.47000122070312,88.31999969482422,39816,0.0,1.2399978637695312,2024,0.02341831513382364,0.04394716887692947,-0.00610860753627096,-0.01229048574436975
2024-05-01,1389.5,1399.489990234375,1389.5,1389.5,83.44000244140625,85.95999908447266,83.29000091552734,85.95999908447266,48165,0.0,2.6699981689453125,2024,0.02432731293770729,0.044013403228222434,-0.0503072858893715,-0.00610860753627096
2024-05-02,1394.0,1397.6099853515625,1368.8199462890625,1394.0,83.66999816894531,84.41999816894531,83.02999877929688,83.55999755859375,39951,0.0,1.3899993896484375,2024,0.0032385750269880997,0.04287889159983745,0.002756420431561768,-0.0503072858893715
2024-05-03,1372.449951171875,1406.7099609375,1372.449951171875,1372.449951171875,82.95999908447266,84.4000015258789,82.80000305175781,83.80000305175781,31511,0.0,1.5999984741210938,2024,-0.01545914550080707,0.04295158183859025,-0.008485706944071358,0.002756420431561768
2024-05-06,1393.239990234375,1405.8399658203125,1390.8399658203125,1393.239990234375,83.33000183105469,83.81999969482422,82.76000213623047,82.9800033569336,23246,0.0,1.05999755859375,2024,0.01514812182750136,0.040743253880827286,0.004460013870121626,-0.008485706944071358
2024-05-07,1383.5,1384.3299560546875,1380.199951171875,1383.5,83.16000366210938,83.87000274658203,82.4000015258789,83.58999633789062,33414,0.0,1.470001220703125,2024,-0.006990891951598743,0.03872653461699258,-0.00204005958490161,0.004460013870121626
2024-05-08,1385.949951171875,1417.6400146484375,1383.4000244140625,1385.949951171875,83.58000183105469,83.81999969482422,81.72000122070312,83.04000091552734,35419,0.0,2.0999984741210938,2024,0.0017708356862125019,0.03841776079112285,0.005050482809642709,-0.00204005958490161
2024-05-09,1406.9000244140625,1434.5,1405.75,1406.9000244140625,83.87999725341797,84.33000183105469,83.45999908447266,83.77999877929688,25231,0.0,0.8700027465820312,2024,0.015116038803907328,0.038311174186497716,0.003589320600514867,0.005050482809642709
2024-05-10,1419.030029296875,1436.5,1419.030029296875,1419.030029296875,82.79000091552734,84.5199966430664,82.70999908447266,84.20999908447266,25062,0.0,1.80999755859375,2024,0.008621795914648844,0.03822247758443579,-0.012994711177654605,0.003589320600514867
2024-05-13,1465.5400390625,1465.5400390625,1444.7900390625,1465.5400390625,83.36000061035156,83.83000183105469,82.26000213623047,82.69999694824219,29242,0.0,1.5699996948242188,2024,0.03277591651014644,0.03541113315198316,0.006884885717126643,-0.012994711177654605
2024-05-14,1444.7900390625,1492.489990234375,1483.97998046875,1483.97998046875,82.37999725341797,83.62000274658203,82.0999984741211,83.5,33169,-39.18994140625,1.5200042724609375,2024,-0.014158603277242165,0.0355723504828021,-0.01175627818807734,0.006884885717126643
2024-05-15,1502.0,1533.719970703125,1474.5,1502.0,82.75,83.06999969482422,81.05999755859375,82.7699966430664,41744,0.0,2.0100021362304688,2024,0.03959742204107575,0.03614076424788917,0.0044914148933972164,-0.01175627818807734
2024-05-16,1521.5,1544.5,1516.489990234375,1521.5,83.2699966430664,83.77999877929688,82.30999755859375,82.93000030517578,27576,0.0,1.470001220703125,2024,0.012982689747004006,0.03615003657912372,0.006283947348234564,0.0044914148933972164
2024-05-17,1522.5,1524.5,1469.5,1522.5,83.9800033569336,84.04000091552734,83.08999633789062,83.44000244140625,23516,0.0,0.9500045776367188,2024,0.0006572461386789019,0.03614686471783775,0.008526561096316554,0.006283947348234564
2024-05-20,1494.5,1531.9300537109375,1479.06005859375,1494.5,83.70999908447266,84.5,83.12000274658203,84.0,22320,0.0,1.3799972534179688,2024,-0.01839080459770115,0.03465579459090941,-0.0032151019488931842,0.008526561096316554
2024-05-21,1531.9300537109375,1531.9300537109375,1415.0,1531.9300537109375,82.87999725341797,83.73999786376953,82.05999755859375,83.69999694824219,29726,0.0,1.6800003051757812,2024,0.02504520154629475,0.03474415696446737,-0.009915205353390633,-0.0032151019488931842
2024-05-22,1420.0,1454.5,1418.0,1420.0,81.9000015258789,82.63999938964844,81.58000183105469,82.4800033569336,32042,0.0,1.05999755859375,2024,-0.07306472866682057,0.037739581877635674,-0.011824273166208932,-0.009915205353390633
2024-05-23,1432.0,1450.75,1429.5,1432.0,81.36000061035156,82.97000122070312,80.93000030517578,81.69000244140625,27035,0.0,2.0400009155273438,2024,0.008450704225352101,0.037675927771294714,-0.006593417649164657,-0.011824273166208932
2024-05-24,1443.5,1479.5,1443.5,1443.5,82.12000274658203,82.44999694824219,80.66000366210938,81.54000091552734,17991,0.0,1.7899932861328125,2024,0.0080307262569832,0.03767260788671197,0.009341225793129793,-0.006593417649164657
2024-05-28,1477.1300048828125,1481.9599609375,1390.4599609375,1477.1300048828125,84.22000122070312,84.62999725341797,82.06999969482422,82.1500015258789,23477,0.0,2.55999755859375,2024,0.023297544082308663,0.03705125331897457,0.025572313734591345,0.009341225793129793
2024-05-29,1390.449951171875,1446.9599609375,1399.9599609375,1429.4599609375,83.5999984741211,85.01000213623047,83.30000305175781,84.62000274658203,15987,-39.010009765625,1.7099990844726562,2024,-0.058681397997743745,0.03804062703847706,-0.007361704317211726,0.025572313734591345
2024-05-30,1400.4599609375,1477.0,1467.0,1467.146728515625,81.86000061035156,83.76000213623047,81.81999969482422,83.5,9220,-66.686767578125,1.94000244140625,2024,0.007199115478546014,0.0378989813101556,-0.02081337195607913,-0.007361704317211726
2024-05-31,1334.050048828125,1336.0,1334.0400390625,1334.050048828125,81.62000274658203,82.12000274658203,81.18000030517578,81.77999877929688,33414,0.0,0.94000244140625,2024,-0.04742007194901787,0.039189589535246976,-0.002931808721965523,-0.02081337195607913
2024-06-03,1484.5,1504.5,1474.5,1484.5,78.36000061035156,81.62999725341797,78.08999633789062,81.19000244140625,42771,0.0,3.5400009155273438,2024,0.11277684169648317,0.04377725300065099,-0.03994121571341147,-0.002931808721965523
2024-06-04,1484.739990234375,1493.0,1480.5,1484.739990234375,77.5199966430664,78.20999908447266,76.75,78.16000366210938,41209,0.0,1.4599990844726562,2024,0.00016166401776684935,0.04152583197625214,-0.010719805522489856,-0.03994121571341147
2024-06-05,1468.9100341796875,1498.2900390625,1493.0,1493.0,78.41000366210938,78.5999984741211,77.13999938964844,77.16999816894531,37039,-24.0899658203125,1.4599990844726562,2024,-0.010661769844421465,0.032919964764525265,0.011480999194839026,-0.010719805522489856
2024-06-06,1497.030029296875,1497.030029296875,1495.719970703125,1497.030029296875,79.87000274658203,80.06999969482422,78.37000274658203,78.58000183105469,36186,0.0,1.6999969482421875,2024,0.019143442731597293,0.03297770046341103,0.01862006142435857,0.011480999194839026
2024-06-07,1495.719970703125,1495.719970703125,1470.719970703125,1495.719970703125,79.62000274658203,80.37999725341797,79.33000183105469,80.0199966430664,26371,0.0,1.0499954223632812,2024,-0.0008751050868133214,0.03295623831576122,-0.0031300862827464693,0.01862006142435857
2024-06-10,1497.3399658203125,1511.3900146484375,1471.3699951171875,1497.3399658203125,81.62999725341797,82.16000366210938,79.3499984741211,79.41000366210938,36413,0.0,2.8100051879882812,2024,0.0010830871746840831,0.03289697160666115,0.025244843475243695,-0.0031300862827464693
2024-06-11,1501.3699951171875,1501.3699951171875,1475.719970703125,1501.3699951171875,81.91999816894531,82.36000061035156,81.19999694824219,81.97000122070312,35178,0.0,1.160003662109375,2024,0.0026914591134066246,0.032306988482361104,0.0035526267951111468,0.025244843475243695
2024-06-12,1504.5,1504.5,1480.0,1504.5,82.5999984741211,83.33999633789062,81.97000122070312,82.12000274658203,40802,0.0,1.3699951171875,2024,0.002084765842525149,0.03211409361859062,0.008300785160827218,0.0035526267951111468
2024-06-13,1504.5,1504.510009765625,1482.530029296875,1504.5,82.75,83.04000091552734,81.80000305175781,82.54000091552734,39191,0.0,1.2399978637695312,2024,0.0,0.03188815169747637,0.0018159991361974548,0.008300785160827218
2024-06-14,1504.5,1504.5,1477.010009765625,1504.5,82.62000274658203,83.38999938964844,81.91999816894531,82.13999938964844,39346,0.0,1.470001220703125,2024,0.0,0.03189328449529174,-0.0015709637875283011,0.0018159991361974548
2024-06-17,1495.0,1482.5400390625,1482.5400390625,1482.5400390625,84.25,84.55000305175781,82.11000061035156,82.62000274658203,32978,12.4599609375,2.44000244140625,2024,-0.006314390162844852,0.03175386388966049,0.019728845306597353,-0.0015709637875283011
2024-06-18,1483.3199462890625,1494.5,1480.0,1494.5,85.33000183105469,85.4800033569336,83.66000366210938,84.4000015258789,45690,-11.1800537109375,1.8199996948242188,2024,-0.007812744957148787,0.03173604411392931,0.012819012831509546,0.019728845306597353
2024-06-20,1489.5,1489.5,1489.5,1489.5,85.70999908447266,85.97000122070312,84.88999938964844,85.37999725341797,52543,0.0,1.0800018310546875,2024,0.004166365945795114,0.031685466450126085,0.004453266673664524,0.012819012831509546
2024-06-21,1488.5,1514.5,1476.0,1488.5,85.23999786376953,86.2300033569336,84.83999633789062,85.68000030517578,25055,0.0,1.3900070190429688,2024,-0.0006713662302786361,0.03169171700519588,-0.0054836218145318805,0.004453266673664524
2024-06-24,1514.5400390625,1530.4000244140625,1513.1400146484375,1514.550048828125,86.01000213623047,86.16999816894531,84.7300033569336,85.08999633789062,28043,-0.010009765625,1.4399948120117188,2024,0.017494147841786933,0.03172638260134695,0.00903336804033672,-0.0054836218145318805
2024-06-25,1530.3900146484375,1535.3900146484375,1517.8900146484375,1530.3900146484375,85.01000213623047,86.31999969482422,84.76000213623047,86.1500015258789,26591,0.0,1.55999755859375,2024,0.010465207374608987,0.031739548255346445,-0.011626554762969366,0.00903336804033672
2024-06-26,1535.3900146484375,1539.75,1515.4000244140625,1535.3900146484375,85.25,85.81999969482422,84.4800033569336,84.88999938964844,18107,0.0,1.339996337890625,2024,0.0032671410242757215,0.03123830139907166,0.0028231720707985186,-0.011626554762969366
2024-06-27,1539.739990234375,1544.739990234375,1539.739990234375,1539.739990234375,86.38999938964844,86.51000213623047,84.88999938964844,85.25,11216,0.0,1.6200027465820312,2024,0.0028331404688297646,0.031088564503557452,0.013372426858046182,0.0028231720707985186
2024-06-28,1539.739990234375,1539.969970703125,1529.2900390625,1539.739990234375,86.41000366210938,87.2300033569336,86.29000091552734,86.54000091552734,38920,0.0,0.94000244140625,2024,0.0,0.030293350755221285,0.00023155773356031695,0.013372426858046182
2024-07-01,1528.510009765625,1534.1400146484375,1532.1300048828125,1534.1400146484375,86.5999984741211,86.87999725341797,84.87999725341797,84.9000015258789,55468,-5.6300048828125,2.0,2024,-0.007293426513550916,0.03024905140178128,0.0021987594486705397,0.00023155773356031695
2024-07-02,1499.0,1504.0,1470.18994140625,1499.0,86.23999786376953,87.44999694824219,86.16999816894531,86.69000244140625,52311,0.0,1.279998779296875,2024,-0.019306389606274066,0.030466303904728674,-0.004157051001093759,0.0021987594486705397
2024-07-03,1504.0,1504.0,1504.0,1504.0,87.33999633789062,87.37999725341797,85.88999938964844,86.5,39021,0.0,1.4899978637695312,2024,0.0033355570380253496,0.030273567645071806,0.012755084663368388,-0.004157051001093759
2024-07-05,1525.75,1525.75,1505.550048828125,1525.75,86.54000091552734,87.94999694824219,86.48999786376953,87.02999877929688,51456,0.0,1.4599990844726562,2024,0.014461436170212671,0.030040214980413885,-0.00915955410930358,0.012755084663368388
2024-07-08,1550.219970703125,1550.219970703125,1525.219970703125,1550.219970703125,85.75,86.91000366210938,85.55000305175781,86.75,36568,0.0,1.3600006103515625,2024,0.016037994889808393,0.026763088072446966,-0.00912873708307993,-0.00915955410930358
2024-07-09,1550.219970703125,1550.219970703125,1535.6700439453125,1550.219970703125,84.66000366210938,85.8499984741211,84.54000091552734,85.68000030517578,44667,0.0,1.30999755859375,2024,0.0,0.026751092963520132,-0.012711327555575802,-0.00912873708307993
2024-07-10,1550.219970703125,1577.719970703125,1544.9599609375,1550.219970703125,85.08000183105469,85.6500015258789,84.0,85.01000213623047,51274,0.0,1.6500015258789062,2024,0.0,0.026739018923463906,0.00496099870986999,-0.012711327555575802
2024-07-11,1577.719970703125,1591.72998046875,1546.0799560546875,1577.719970703125,85.4000015258789,85.88999938964844,84.6500015258789,85.41999816894531,47743,0.0,1.2399978637695312,2024,0.017739417966294857,0.02661043718669842,0.0037611622935744826,0.00496099870986999
2024-07-12,1587.0,1619.4100341796875,1569.5,1587.0,85.02999877929688,86.33999633789062,84.95999908447266,85.58999633789062,48430,0.0,1.3799972534179688,2024,0.005881924212912892,0.023968931498951084,-0.00433258477717835,0.0037611622935744826
2024-07-15,1597.530029296875,1619.3399658203125,1597.530029296875,1597.530029296875,84.8499984741211,85.36000061035156,84.41000366210938,85.02999877929688,36586,0.0,0.9499969482421875,2024,0.006635179141068148,0.023967110622645723,-0.002116903537103254,-0.00433258477717835
2024-07-16,1599.5,1620.8599853515625,1610.1099853515625,1620.8599853515625,83.7300033569336,84.87000274658203,83.30000305175781,84.86000061035156,45546,-21.3599853515625,1.5699996948242188,2024,0.001233135319523182,0.02187615505813665,-0.013199706980891679,-0.002116903537103254
2024-07-17,1618.3599853515625,1628.3599853515625,1613.3599853515625,1618.3599853515625,85.08000183105469,85.19999694824219,83.44000244140625,83.83999633789062,44273,0.0,1.7599945068359375,2024,0.011791175587097635,0.008765789009498755,0.016123234444004098,-0.013199706980891679
2024-07-18,1614.3399658203125,1659.5,1603.5799560546875,1614.3399658203125,85.11000061035156,85.81999969482422,84.22000122070312,85.19999694824219,45867,0.0,1.5999984741210938,2024,-0.002484008235273283,0.008807694742816606,0.0003525949535878592,0.016123234444004098
2024-07-19,1626.8399658203125,1634.3399658203125,1626.8399658203125,1626.8399658203125,82.62999725341797,85.3499984741211,82.56999969482422,84.80000305175781,45739,0.0,2.779998779296875,2024,0.007743102608283703,0.008469982267793642,-0.02913880083596143,0.0003525949535878592
2024-07-22,1624.8299560546875,1644.81005859375,1584.0,1624.8399658203125,82.4000015258789,83.20999908447266,81.58999633789062,82.83000183105469,36408,-0.010009765625,1.6200027465820312,2024,-0.001235530112275951,0.007969929252133232,-0.0027834410647950003,-0.02913880083596143
2024-07-23,1586.5999755859375,1606.510009765625,1576.5,1586.5999755859375,81.01000213623047,82.77999877929688,80.5199966430664,82.20999908447266,45436,0.0,2.2600021362304688,2024,-0.023528603917161717,0.009290470707038551,-0.01686892431927789,-0.0027834410647950003
2024-07-24,1593.75,1593.75,1552.300048828125,1593.75,81.70999908447266,82.22000122070312,80.94000244140625,81.48999786376953,47261,0.0,1.279998779296875,2024,0.004506507326411668,0.009299714050440215,0.008640870630580055,-0.01686892431927789
2024-07-25,1583.75,1583.760009765625,1544.800048828125,1583.75,82.37000274658203,82.5199966430664,80.08999633789062,81.52999877929688,51868,0.0,2.4300003051757812,2024,-0.006274509803921524,0.009424088384466832,0.008077391622866914,0.008640870630580055
2024-07-26,1595.5,1595.5,1556.550048828125,1595.5,81.12999725341797,82.69000244140625,80.31999969482422,82.44999694824219,27491,0.0,2.3700027465820312,2024,0.00741910023677983,0.009479316740061973,-0.015054090710413637,0.008077391622866914
2024-07-29,1599.3900146484375,1619.5,1619.489990234375,1619.5,79.77999877929688,81.72000122070312,79.37999725341797,81.0199966430664,22531,-20.1099853515625,2.3400039672851562,2024,0.0024381163575288856,0.009472000791850729,-0.01663994231263477,-0.015054090710413637
2024-07-30,1619.5,1659.489990234375,1597.010009765625,1619.5,78.62999725341797,79.94999694824219,78.41999816894531,79.83999633789062,15035,0.0,1.529998779296875,2024,0.012573534389598517,0.009653043502323239,-0.014414659607356772,-0.01663994231263477
2024-07-31,1624.5,1660.5699462890625,1635.56005859375,1660.5699462890625,80.72000122070312,80.83999633789062,79.0,79.05999755859375,54838,-36.0699462890625,1.839996337890625,2024,0.003087372645878439,0.009508431597464265,0.026580237063334122,-0.014414659607356772
2024-08-01,1660.5699462890625,1660.5699462890625,1660.56005859375,1660.5699462890625,79.5199966430664,81.80000305175781,79.44000244140625,81.51000213623047,44000,0.0,2.3600006103515625,2024,0.02220372193848097,0.009921645601956847,-0.014866260647787732,0.026580237063334122
2024-08-02,1660.5699462890625,1660.5699462890625,1616.530029296875,1660.5699462890625,76.80999755859375,80.44999694824219,76.41999816894531,80.04000091552734,58894,0.0,4.029998779296875,2024,0.0,0.00994572153291562,-0.03407946678665952,-0.014866260647787732
2024-08-05,1625.47998046875,1625.8900146484375,1594.06005859375,1625.8900146484375,76.30000305175781,77.75,75.05000305175781,77.44000244140625,59442,-0.4100341796875,2.6999969482421875,2024,-0.021131278389524888,0.010909109564779291,-0.006639689142639238,-0.03407946678665952
2024-08-06,1594.06005859375,1594.06005859375,1593.449951171875,1594.06005859375,76.4800033569336,77.80000305175781,75.58999633789062,77.2300033569336,45238,0.0,2.2100067138671875,2024,-0.019329627096323465,0.011286735347190734,0.0023591126864526135,-0.006639689142639238
2024-08-07,1593.449951171875,1607.2099609375,1580.949951171875,1607.2099609375,78.33000183105469,78.86000061035156,75.94999694824219,76.19999694824219,49730,-13.760009765625,2.910003662109375,2024,-0.0003827380396277391,0.011171707437930055,0.02418930953084719,0.0023591126864526135
2024-08-08,1580.949951171875,1599.489990234375,1580.949951171875,1580.949951171875,79.16000366210938,79.37000274658203,77.62999725341797,78.4800033569336,40462,0.0,1.7400054931640625,2024,-0.007844614128487137,0.011291481958774099,0.010596218711252714,0.02418930953084719
2024-08-09,1599.489990234375,1599.489990234375,1569.5,1599.489990234375,79.66000366210938,79.81999969482422,78.7699966430664,79.01000213623047,32227,0.0,1.0500030517578125,2024,0.01172715116551104,0.0114558312119688,0.00631632108222524,0.010596218711252714
2024-08-12,1583.530029296875,1589.5,1559.5,1589.5,82.30000305175781,82.4000015258789,79.4800033569336,79.66999816894531,45234,-5.969970703125,2.9199981689453125,2024,-0.00997815618412301,0.011639264235888073,0.033140839421077706,0.00631632108222524
2024-08-13,1589.5,1589.510009765625,1579.5,1583.52001953125,80.69000244140625,82.30000305175781,80.55000305175781,81.98999786376953,50485,5.97998046875,1.75,2024,0.003770039464155772,0.011542268694039006,-0.019562582632458025,0.033140839421077706
2024-08-14,1589.5,1589.510009765625,1589.5,1589.5,79.76000213623047,81.44000244140625,79.61000061035156,80.9800033569336,50327,0.0,1.8300018310546875,2024,0.0,0.010868252456598898,-0.011525595204326722,-0.019562582632458025
2024-08-15,1589.5,1589.5,1573.9000244140625,1589.5,81.04000091552734,81.41000366210938,79.6500015258789,79.98999786376953,33165,0.0,1.7600021362304688,2024,0.0,0.010871319084483614,0.01604812869877592,-0.011525595204326722
2024-08-16,1592.219970703125,1592.219970703125,1587.3399658203125,1592.219970703125,79.68000030517578,81.0,78.63999938964844,80.95999908447266,33753,0.0,2.3600006103515625,2024,0.0017112115150204055,0.010609461733267557,-0.016781843472202906,0.01604812869877592
2024-08-19,1589.5,1589.5400390625,1580.6300048828125,1589.5,77.66000366210938,79.75,77.5,79.6500015258789,45853,0.0,2.25,2024,-0.0017082882724576143,0.01025852886972449,-0.025351363395203164,-0.016781843472202906
2024-08-20,1597.0,1597.0,1589.5,1597.0,77.19999694824219,78.33999633789062,76.54000091552734,77.73999786376953,39162,0.0,1.7999954223632812,2024,0.004718464926077415,0.010280632822311177,-0.005923341387783498,-0.025351363395203164
2024-08-21,1574.8499755859375,1581.81005859375,1571.25,1574.8499755859375,76.05000305175781,78.19999694824219,75.6500015258789,77.08000183105469,45081,0.0,2.5499954223632812,2024,-0.01386977107956322,0.010634903311060961,-0.014896294584770153,-0.005923341387783498
2024-08-22,1575.75,1582.4300537109375,1572.8699951171875,1575.75,77.22000122070312,77.69999694824219,75.77999877929688,76.16000366210938,33822,0.0,1.9199981689453125,2024,0.0005714985097089453,0.01012963817675012,0.015384590690272981,-0.014896294584770153
2024-08-23,1575.0799560546875,1588.8499755859375,1573.8599853515625,1575.0799560546875,79.0199966430664,79.26000213623047,77.05000305175781,77.12000274658203,19275,0.0,2.2099990844726562,2024,-0.00042522224040142387,0.010068794296541742,0.023309963661081845,0.015384590690272981
2024-08-26,1592.469970703125,1589.5,1569.3199462890625,1574.5,81.43000030517578,81.58000183105469,79.23999786376953,79.31999969482422,25997,17.969970703125,2.3400039672851562,2024,0.011040718651513126,0.010203183370004427,0.030498655587083423,0.023309963661081845
2024-08-27,1589.5,1590.260009765625,1588.010009765625,1589.5,79.55000305175781,81.56999969482422,79.4800033569336,81.22000122070312,21261,0.0,2.089996337890625,2024,-0.0018650089218408272,0.010205372008161634,-0.02308728044175723,0.030498655587083423
2024-08-28,1589.449951171875,1599.449951171875,1588.02001953125,1589.449951171875,78.6500015258789,80.01000213623047,77.93000030517578,79.83999633789062,16512,0.0,2.0800018310546875,2024,-3.1487152013176534e-05,0.009953167263664943,-0.011313657967974344,-0.02308728044175723
2024-08-29,1589.68994140625,1596.5400390625,1589.0400390625,1590.760009765625,79.94000244140625,80.79000091552734,78.11000061035156,78.36000061035156,9726,-1.070068359375,2.6800003051757812,2024,0.00015098948802894085,0.009947160281159806,0.01640179136046016,-0.011313657967974344
2024-08-30,1591.72998046875,1598.6300048828125,1589.510009765625,1591.72998046875,78.80000305175781,80.5,78.5999984741211,79.5199966430664,50268,0.0,1.9000015258789062,2024,0.0012832936847391174,0.009832615371368847,-0.014260687450992071,0.01640179136046016
2024-09-03,1589.469970703125,1599.9200439453125,1589.3299560546875,1589.469970703125,73.75,77.61000061035156,73.5199966430664,76.88999938964844,70646,0.0,4.090003967285156,2024,-0.0014198449444040584,0.009833031967176806,-0.06408633066220626,-0.014260687450992071
2024-09-04,1589.5,1604.93994140625,1588.6099853515625,1589.5,72.69999694824219,74.79000091552734,72.3499984741211,73.68000030517578,56979,0.0,2.44000244140625,2024,1.8892648133261858e-05,0.0088360706201563,-0.014237329515360164,-0.06408633066220626
2024-09-05,1602.489990234375,1607.5999755859375,1602.489990234375,1602.489990234375,72.69000244140625,74.18000030517578,72.36000061035156,72.62000274658203,47879,0.0,1.8199996948242188,2024,0.008172375108131513,0.008924039435718085,-0.0001374760282735199,-0.014237329515360164
2024-09-06,1603.5699462890625,1613.469970703125,1603.469970703125,1603.5699462890625,71.05999755859375,73.5199966430664,70.62000274658203,72.8499984741211,36035,0.0,2.899993896484375,2024,0.000673923744465732,0.008839413956242884,-0.02242405871600306,-0.0001374760282735199
2024-09-09,1613.469970703125,1647.0,1606.280029296875,1613.469970703125,71.83999633789062,72.22000122070312,70.6500015258789,71.5199966430664,35995,0.0,1.5699996948242188,2024,0.0061737403079753506,0.008808438852560895,0.01097662265825039,-0.02242405871600306
2024-09-10,1644.77001953125,1645.18994140625,1644.5,1644.77001953125,69.19000244140625,72.26000213623047,68.69000244140625,71.9000015258789,47963,0.0,3.5699996948242188,2024,0.019399213742097077,0.009463039067474576,-0.0368874447601647,0.01097662265825039
2024-09-11,1644.5,1654.25,1640.719970703125,1644.5,70.61000061035156,71.08000183105469,69.01000213623047,69.68000030517578,42995,0.0,2.0699996948242188,2024,-0.00016416856341228137,0.009207046781457612,0.020523169805461983,-0.0368874447601647
2024-09-12,1630.0,1657.6300048828125,1625.1199951171875,1654.5,71.97000122070312,72.86000061035156,70.58999633789062,70.72000122070312,42690,-24.5,2.2700042724609375,2024,-0.008817269686834939,0.009349436007340641,0.019260736419710156,0.020523169805461983
2024-09-13,1654.93994140625,1654.93994140625,1615.3800048828125,1654.93994140625,71.61000061035156,73.2300033569336,71.4800033569336,72.37000274658203,34281,0.0,1.75,2024,0.015300577549846706,0.008860216309874444,-0.0050020925975474695,0.019260736419710156
2024-09-16,1651.280029296875,1647.81005859375,1638.5999755859375,1647.81005859375,72.75,73.37999725341797,71.5199966430664,72.0199966430664,36417,3.469970703125,1.8600006103515625,2024,-0.0022115075102151494,0.008868764985530332,0.015919555647701644,-0.0050020925975474695
2024-09-17,1638.5999755859375,1643.3599853515625,1638.5699462890625,1638.5999755859375,73.69999694824219,74.2699966430664,72.16999816894531,73.01000213623047,38565,0.0,2.0999984741210938,2024,-0.007678923917184832,0.008075940308619385,0.01305837729542536,0.015919555647701644
2024-09-18,1640.050048828125,1646.7099609375,1628.0799560546875,1640.050048828125,73.6500015258789,74.08999633789062,72.30999755859375,73.68000030517578,35693,0.0,1.779998779296875,2024,0.0008849464566047516,0.0071747211201301595,-0.0006783639678898945,0.01305837729542536
2024-09-19,1638.9300537109375,1642.300048828125,1637.699951171875,1638.9300537109375,74.87999725341797,75.19000244140625,72.87999725341797,72.9000015258789,36126,0.0,2.3100051879882812,2024,-0.0006829030113976176,0.007176886410879024,0.01670055264162995,-0.0006783639678898945
2024-09-20,1639.8199462890625,1649.3499755859375,1617.02001953125,1639.8199462890625,74.48999786376953,75.01000213623047,74.0,74.87999725341797,27358,0.0,1.0100021362304688,2024,0.0005429716638059023,0.006982675710556557,-0.005208325373311062,0.01670055264162995
2024-09-23,1615.010009765625,1638.780029296875,1637.4200439453125,1637.4200439453125,73.9000015258789,75.16000366210938,73.11000061035156,74.76000213623047,29116,-22.4100341796875,2.0500030517578125,2024,-0.015129671144434309,0.0073062903004261,-0.007920477309848128,-0.005208325373311062
2024-09-24,1638.1199951171875,1638.1199951171875,1613.489990234375,1638.1199951171875,75.16999816894531,75.87000274658203,73.97000122070312,74.27999877929688,31341,0.0,1.9000015258789062,2024,0.014309499762739097,0.0074665243516208206,0.01718533987609816,-0.007920477309848128
2024-09-25,1613.489990234375,1645.7900390625,1634.0999755859375,1634.0999755859375,73.45999908447266,75.31999969482422,73.04000091552734,75.12999725341797,31571,-20.6099853515625,2.279998779296875,2024,-0.015035531558266868,0.008009289372679206,-0.022748425251114313,0.01718533987609816
2024-09-26,1649.9100341796875,1659.8800048828125,1649.4200439453125,1649.9100341796875,71.5999984741211,73.7699966430664,70.7699966430664,73.47000122070312,18234,0.0,3.0,2024,0.0225722156107222,0.008961389405645207,-0.025319910611661167,-0.022748425251114313
2024-09-27,1652.9000244140625,1667.989990234375,1651.6700439453125,1652.9000244140625,71.9800033569336,72.36000061035156,70.93000030517578,71.23999786376953,7872,0.0,1.4300003051757812,2024,0.001812214104062626,0.00895855134165554,0.005307330878643102,-0.025319910611661167
2024-09-30,1667.1099853515625,1669.5,1643.0,1667.989990234375,71.7699966430664,73.0999984741211,71.38999938964844,71.83999633789062,41928,-0.8800048828125,1.7099990844726562,2024,0.008596987553761704,0.00905598417527587,-0.0029175702149638605,0.005307330878643102
2024-10-01,1668.989990234375,1672.8399658203125,1667.8299560546875,1668.989990234375,73.55999755859375,75.44999694824219,69.91000366210938,72.0,90111,0.0,5.5399932861328125,2024,0.0011277029706087127,0.009035331628530915,0.024940796979962876,-0.0029175702149638605
2024-10-02,1667.8299560546875,1670.0999755859375,1667.8299560546875,1667.8299560546875,73.9000015258789,76.12999725341797,73.58999633789062,74.4000015258789,53911,0.0,2.5400009155273438,2024,-0.0006950516099407666,0.009026347462929525,0.0046221313019256804,0.024940796979962876
2024-10-03,1670.239990234375,1670.56005859375,1644.5,1670.239990234375,77.62000274658203,77.97000122070312,74.30999755859375,74.7300033569336,68997,0.0,3.660003662109375,2024,0.001445011927587947,0.008548303849690974,0.05033831047216464,0.0046221313019256804
2024-10-04,1657.1700439453125,1663.6500244140625,1619.5,1657.1700439453125,78.05000305175781,79.30000305175781,77.38999938964844,77.98999786376953,57481,0.0,1.910003662109375,2024,-0.007825190610619037,0.008732085879634754,0.005539813063131005,0.05033831047216464
2024-10-07,1657.3599853515625,1657.3599853515625,1614.5,1657.3599853515625,80.93000030517578,81.16000366210938,77.26000213623047,78.01000213623047,55050,0.0,3.9000015258789062,2024,0.00011461793371414508,0.008728073419241025,0.03689938681370886,0.005539813063131005
2024-10-08,1619.0999755859375,1657.3599853515625,1618.300048828125,1657.3599853515625,77.18000030517578,82.08000183105469,76.37000274658203,81.16000366210938,66184,-38.260009765625,5.709999084472656,2024,-0.02308491221206188,0.009648730591238643,-0.046336339872226295,0.03689938681370886
2024-10-09,1619.6800537109375,1624.3299560546875,1619.5999755859375,1619.6800537109375,76.58000183105469,78.0199966430664,75.1500015258789,77.5199966430664,46931,0.0,2.8699951171875,2024,0.0003582719620449648,0.009637693045067463,-0.007774014922889982,-0.046336339872226295
2024-10-10,1620.0,1623.8800048828125,1619.7900390625,1620.0,79.4000015258789,79.72000122070312,76.73999786376953,76.75,43562,0.0,2.9800033569335938,2024,0.00019753672234790187,0.009637207256611631,0.03682423122743583,-0.007774014922889982
2024-10-11,1619.7900390625,1623.6800537109375,1619.5899658203125,1619.7900390625,79.04000091552734,79.48999786376953,78.05000305175781,79.2300033569336,44341,0.0,1.4399948120117188,2024,-0.000129605516975273,0.009637874184531206,-0.004534012637697815,0.03682423122743583
2024-10-14,1621.6500244140625,1634.699951171875,1618.489990234375,1618.489990234375,77.45999908447266,78.5999984741211,75.38999938964844,78.5999984741211,35593,3.1600341796875,3.2099990844726562,2024,0.0011482879303537086,0.009637609612918673,-0.01998990147714308,-0.004534012637697815
2024-10-15,1634.699951171875,1635.510009765625,1631.77001953125,1634.699951171875,74.25,75.62999725341797,73.33000183105469,75.20999908447266,47877,0.0,2.2999954223632812,2024,0.00804731388483626,0.009721591784420688,-0.04144073228005141,-0.01998990147714308
2024-10-16,1634.5,1644.6800537109375,1634.3399658203125,1634.5,74.22000122070312,74.91999816894531,73.41999816894531,74.72000122070312,40980,0.0,1.5,2024,-0.0001223167418165083,0.00972210804328735,-0.00040402396359429105,-0.04144073228005141
2024-10-17,1634.3399658203125,1636.510009765625,1634.31005859375,1634.3399658203125,74.44999694824219,74.91000366210938,73.25,74.5,36901,0.0,1.660003662109375,2024,-9.791017417404291e-05,0.009627831300359584,0.003098837560715495,-0.00040402396359429105
2024-10-18,1634.31005859375,1637.1700439453125,1634.31005859375,1634.31005859375,73.05999755859375,74.94000244140625,72.48999786376953,74.5199966430664,34009,0.0,2.4500045776367188,2024,-1.82992689330419e-05,0.00962872788548987,-0.018670241056084502,0.003098837560715495
2024-10-21,1641.02001953125,1638.550048828125,1632.1500244140625,1632.1500244140625,74.29000091552734,74.55999755859375,72.80000305175781,73.13999938964844,29891,8.8699951171875,1.7599945068359375,2024,0.004105684170648605,0.009595369966163916,0.016835524199780183,-0.018670241056084502
2024-10-22,1638.550048828125,1642.8399658203125,1638.550048828125,1638.550048828125,76.04000091552734,76.31999969482422,73.56999969482422,74.13999938964844,36505,0.0,2.75,2024,-0.0015051435532337232,0.008918971246747797,0.023556332998162954,0.016835524199780183
2024-10-23,1645.1300048828125,1645.280029296875,1640.72998046875,1645.1300048828125,74.95999908447266,76.01000213623047,74.44000244140625,75.6500015258789,28090,0.0,1.5699996948242188,2024,0.004015718689455605,0.00895033076614618,-0.0142030749349209,0.023556332998162954
2024-10-24,1642.5899658203125,1642.8599853515625,1641.8699951171875,1642.5899658203125,74.37999725341797,76.52999877929688,74.0,75.20999908447266,23845,0.0,2.529998779296875,2024,-0.0015439746737103688,0.008799042170759075,-0.007737484500247693,-0.0142030749349209
2024-10-25,1645.1300048828125,1658.1700439453125,1641.050048828125,1645.1300048828125,76.05000305175781,76.13999938964844,74.16999816894531,74.55000305175781,20056,0.0,1.970001220703125,2024,0.0015463622178109038,0.008336324701146175,0.022452350900874718,-0.007737484500247693
2024-10-28,1644.5,1642.760009765625,1629.0,1642.760009765625,71.41999816894531,74.0,71.16999816894531,74.0,28003,1.739990234375,2.8300018310546875,2024,-0.0003829514269040324,0.008327522039896678,-0.060881061104776424,0.022452350900874718
2024-10-29,1642.2900390625,1682.0,1642.2900390625,1642.2900390625,71.12000274658203,72.56999969482422,70.7300033569336,72.11000061035156,16776,0.0,1.839996337890625,2024,-0.0013438497643660785,0.008208270821810087,-0.004200440073572009,-0.060881061104776424
2024-10-30,1647.6300048828125,1647.6300048828125,1640.68994140625,1647.6300048828125,72.55000305175781,73.08000183105469,71.16000366210938,71.31999969482422,11034,0.0,1.9199981689453125,2024,0.0032515363871785663,0.008227349173886369,0.02010686515678617,-0.004200440073572009
2024-10-31,1646.1300048828125,1652.1600341796875,1641.239990234375,1646.1300048828125,73.16000366210938,73.36000061035156,72.37000274658203,72.76000213623047,36772,0.0,0.9899978637695312,2024,-0.0009103985697970218,0.008228282915626548,0.00840800254572538,0.02010686515678617
2024-11-01,1642.2900390625,1646.1199951171875,1641.8599853515625,1642.2900390625,73.0999984741211,74.94999694824219,72.88999938964844,74.12999725341797,32059,0.0,2.05999755859375,2024,-0.0023327233018790583,0.00824063653825846,-0.000820191156159833,0.00840800254572538
2024-11-04,1647.0,1645.8299560546875,1640.3299560546875,1641.739990234375,75.08000183105469,75.38999938964844,73.7300033569336,73.7300033569336,31292,5.260009765625,1.6599960327148438,2024,0.002867922733178485,0.007734531229221837,0.0270862297984118,-0.000820191156159833
2024-11-05,1643.2900390625,1663.1400146484375,1643.2900390625,1643.2900390625,75.52999877929688,76.2300033569336,74.91999816894531,75.19999694824219,40233,0.0,1.3100051879882812,2024,-0.0022525567319368056,0.007307666635175256,0.005993566026473607,0.0270862297984118
2024-11-06,1661.219970703125,1681.550048828125,1661.219970703125,1661.219970703125,74.91999816894531,76.01000213623047,73.3499984741211,75.48999786376953,57996,0.0,2.660003662109375,2024,0.010910996363644898,0.006978802631822206,-0.008076269299752248,0.005993566026473607
2024-11-07,1672.9000244140625,1698.530029296875,1672.9000244140625,1672.9000244140625,75.62999725341797,76.06999969482422,74.05000305175781,75.11000061035156,41262,0.0,2.0199966430664062,2024,0.007031009689820733,0.005799041103588806,0.009476763238456032,-0.008076269299752248
2024-11-08,1681.030029296875,1682.7099609375,1671.8499755859375,1681.030029296875,73.87000274658203,75.62000274658203,73.44000244140625,75.5199966430664,35855,0.0,2.1800003051757812,2024,0.004859827105125447,0.005849697025758548,-0.02327111689477679,0.009476763238456032
2024-11-11,1667.5799560546875,1702.22998046875,1665.989990234375,1679.780029296875,71.83000183105469,74.12999725341797,71.58999633789062,73.73999786376953,33838,-12.2000732421875,2.5400009155273438,2024,-0.00800109040753616,0.005850161457669667,-0.02761609367371698,-0.02327111689477679
2024-11-12,1672.77001953125,1679.27001953125,1664.1300048828125,1672.77001953125,71.88999938964844,72.81999969482422,71.55999755859375,71.91999816894531,38295,0.0,1.2600021362304688,2024,0.0031123326097308723,0.005874220269451118,0.0008352715726620552,-0.02761609367371698
2024-11-13,1672.1800537109375,1697.1300048828125,1672.1800537109375,1672.1800537109375,72.27999877929688,72.62000274658203,70.75,71.77999877929688,43666,0.0,1.8700027465820312,2024,-0.0003526879448005893,0.0058729704994489205,0.005424946348025594,0.0008352715726620552
2024-11-14,1676.9599609375,1683.97998046875,1676.9599609375,1676.9599609375,72.55999755859375,73.22000122070312,71.80000305175781,71.98999786376953,32367,0.0,1.4199981689453125,2024,0.0028584883643090198,0.005889748667639078,0.003873807194599399,0.005424946348025594
2024-11-15,1679.4599609375,1679.4599609375,1661.4200439453125,1679.4599609375,71.04000091552734,72.47000122070312,70.83999633789062,72.43000030517578,30126,0.0,1.6300048828125,2024,0.0014907928980023577,0.005697163046291749,-0.020948135256467992,0.003873807194599399
2024-11-18,1665.3199462890625,1697.0,1662.4300537109375,1666.1300048828125,73.30000305175781,73.45999908447266,70.69999694824219,70.87999725341797,30425,-0.81005859375,2.7600021362304688,2024,-0.008419381811605842,0.0059236248487476145,0.031813092723883996,-0.020948135256467992
2024-11-19,1667.530029296875,1679.6600341796875,1658.5,1658.739990234375,73.30999755859375,73.87000274658203,72.61000061035156,73.18000030517578,32668,8.7900390625,1.2600021362304688,2024,0.0013271221621631302,0.003973798781800256,0.0001363507014984222,0.031813092723883996
2024-11-20,1678.8499755859375,1679.4599609375,1674.31005859375,1678.8499755859375,72.80999755859375,73.94000244140625,72.69999694824219,73.33999633789062,26041,0.0,1.2400054931640625,2024,0.006788451236368731,0.004109614248060094,-0.006820352157294374,0.0001363507014984222
2024-11-21,1682.5400390625,1692.8599853515625,1677.760009765625,1680.0899658203125,74.2300033569336,74.37000274658203,72.91000366210938,73.12000274658203,35756,2.4500732421875,1.4599990844726562,2024,0.002197970950486239,0.004108934899528882,0.01950289583785647,-0.006820352157294374
2024-11-22,1693.6800537109375,1693.6800537109375,1684.800048828125,1684.800048828125,75.16999816894531,75.41999816894531,73.51000213623047,74.29000091552734,29569,8.8800048828125,1.9099960327148438,2024,0.00662095069942259,0.00421307772098058,0.012663273198194158,0.01950289583785647
2024-11-25,1696.199951171875,1692.6400146484375,1679.3499755859375,1692.6400146484375,73.01000213623047,75.30999755859375,72.8499984741211,75.20999908447266,29335,3.5599365234375,2.4599990844726562,2024,0.0014878237807762762,0.004212565837808911,-0.028734815555805038,0.012663273198194158
2024-11-26,1682.6300048828125,1682.6300048828125,1678.27001953125,1682.6300048828125,72.80999755859375,74.33000183105469,72.12000274658203,73.12000274658203,17616,0.0,2.2099990844726562,2024,-0.008000204386096832,0.0043694932178409305,-0.0027394133924764086,-0.028734815555805038
2024-11-27,1691.77001953125,1691.77001953125,1684.56005859375,1691.77001953125,72.83000183105469,73.3499984741211,72.2699966430664,72.94000244140625,10246,0.0,1.0800018310546875,2024,0.005431981256672103,0.004438609200121248,0.0002747462317223004,-0.0027394133924764086
2024-11-29,1685.6500244140625,1685.6500244140625,1665.97998046875,1685.6500244140625,72.94000244140625,73.5,72.12000274658203,72.91999816894531,45282,0.0,1.3799972534179688,2024,-0.0036175100909302538,0.004518744315926535,0.0015103749496907515,0.0002747462317223004
2024-12-02,1683.449951171875,1684.97998046875,1662.530029296875,1680.8199462890625,71.83000183105469,72.87999725341797,71.5199966430664,71.73999786376953,31283,2.6300048828125,1.3600006103515625,2024,-0.0013051779493505888,0.004535223037819911,-0.015217995245383253,0.0015103749496907515
2024-12-03,1675.9599609375,1675.9599609375,1651.06005859375,1675.9599609375,73.62000274658203,73.9000015258789,71.69000244140625,71.86000061035156,40365,0.0,2.2099990844726562,2024,-0.004449190918423884,0.004601545176817182,0.024919961992169393,-0.015217995245383253
2024-12-04,1657.6800537109375,1667.010009765625,1627.81005859375,1657.6800537109375,72.30999755859375,74.26000213623047,72.25,73.80999755859375,36988,0.0,2.0100021362304688,2024,-0.010907126454463234,0.0050555813787783385,-0.01779414750224384,0.024919961992169393
2024-12-05,1627.56005859375,1633.4200439453125,1593.25,1627.56005859375,72.08999633789062,72.9000015258789,71.80000305175781,72.44999694824219,32373,0.0,1.0999984741210938,2024,-0.018169968957374993,0.006035934900568527,-0.003042473076075747,-0.01779414750224384
2024-12-06,1605.9000244140625,1614.18994140625,1578.6300048828125,1605.9000244140625,71.12000274658203,72.2300033569336,70.83000183105469,72.16999816894531,27572,0.0,1.4000015258789062,2024,-0.01330828565454123,0.006482475775231,-0.013455314753550107,-0.003042473076075747
2024-12-09,1578.6300048828125,1581.81005859375,1569.93994140625,1579.31005859375,72.13999938964844,72.6500015258789,70.95999908447266,71.04000091552734,25921,-0.6800537109375,1.69000244140625,2024,-0.016981143979495128,0.007110075312362041,0.014341909500494632,-0.013455314753550107
2024-12-10,1574.2900390625,1576.81005859375,1569.93994140625,1574.2900390625,72.19000244140625,72.72000122070312,71.52999877929688,71.93000030517578,32220,0.0,1.19000244140625,2024,-0.002749197599747011,0.007112103228609952,0.0006931390654403291,0.014341909500494632
2024-12-11,1576.81005859375,1577.699951171875,1548.6500244140625,1576.81005859375,73.5199966430664,73.73999786376953,72.0199966430664,72.02999877929688,35954,0.0,1.720001220703125,2024,0.0016007339617996053,0.007133602026631973,0.01842352343372844,0.0006931390654403291
2024-12-12,1548.6500244140625,1551.7900390625,1538.050048828125,1540.06005859375,73.41000366210938,73.9800033569336,72.43000030517578,73.58999633789062,36231,8.5899658203125,1.5500030517578125,2024,-0.017858862598074454,0.007685839178789947,-0.0014960961096208703,0.01842352343372844
2024-12-13,1548.3699951171875,1550.72998046875,1540.1600341796875,1548.3699951171875,74.48999786376953,74.58999633789062,73.2699966430664,73.43000030517578,26225,0.0,1.3199996948242188,2024,-0.00018082154938847683,0.007690670754138958,0.014711812393187529,-0.0014960961096208703
2024-12-16,1547.6099853515625,1551.5400390625,1538.31005859375,1539.1500244140625,73.91000366210938,74.54000091552734,73.69999694824219,74.51000213623047,25458,8.4599609375,0.8400039672851562,2024,-0.0004908450615949134,0.007695356016093558,-0.007786202420368871,0.014711812393187529
2024-12-17,1541.9300537109375,1552.68994140625,1541.9300537109375,1541.9300537109375,73.19000244140625,74.18000030517578,72.45999908447266,73.86000061035156,26356,0.0,1.720001220703125,2024,-0.003670131166370494,0.007646673115247709,-0.009741593627768164,-0.007786202420368871
2024-12-18,1552.5899658203125,1556.280029296875,1547.9000244140625,1552.5899658203125,73.38999938964844,74.19000244140625,72.80000305175781,73.33999633789062,25873,0.0,1.3899993896484375,2024,0.006913356467577847,0.007824173490572893,0.002732571957519747,-0.009741593627768164
2024-12-19,1555.6300048828125,1555.6300048828125,1544.9599609375,1544.9599609375,72.87999725341797,73.87000274658203,72.52999877929688,72.93000030517578,27742,10.6700439453125,1.3400039672851562,2024,0.001958043739445303,0.007483550969014283,-0.006949204802724207,0.002732571957519747
2024-12-20,1553.0699462890625,1555.93994140625,1536.9300537109375,1553.0699462890625,72.94000244140625,73.27999877929688,71.97000122070312,72.70999908447266,25362,0.0,1.30999755859375,2024,-0.0016456731907423805,0.0072810402815462125,0.0008233423470040968,-0.006949204802724207
2024-12-23,1549.0400390625,1548.510009765625,1542.93994140625,1547.5699462890625,72.62999725341797,73.37000274658203,71.9800033569336,72.83000183105469,20997,1.4700927734375,1.3899993896484375,2024,-0.002594800856324353,0.007149024667660978,-0.0042501395340275305,0.0008233423470040968
2024-12-24,1548.510009765625,1548.510009765625,1541.4300537109375,1548.510009765625,73.58000183105469,73.80999755859375,72.77999877929688,72.83999633789062,8922,0.0,1.029998779296875,2024,-0.00034216629881034244,0.007089590935101884,0.013080058014073748,-0.0042501395340275305
2024-12-26,1540.6600341796875,1541.5799560546875,1540.6600341796875,1540.6600341796875,73.26000213623047,74.18000030517578,72.9800033569336,73.77999877929688,5773,0.0,1.1999969482421875,2024,-0.005069373485758533,0.007025643873524721,-0.0043490036268137855,0.013080058014073748
2024-12-27,1541.5799560546875,1552.0,1541.5799560546875,1541.5799560546875,74.16999816894531,74.33999633789062,73.06999969482422,73.13999938964844,5515,0.0,1.2699966430664062,2024,0.0005970959553642796,0.007038781833732934,0.012421457905811506,-0.0043490036268137855
2024-12-30,1548.27001953125,1549.199951171875,1542.7900390625,1548.5,74.38999938964844,75.04000091552734,73.76000213623047,74.2300033569336,30436,-0.22998046875,1.279998779296875,2024,0.0043397447211781515,0.007084043417046985,0.0029661753557281845,0.012421457905811506
